0,-0.9373814762418469
1,0.736109722429495
2,-0.5291521231688323
3,2.4624258446776044
4,-0.4268942850125369
5,42.61502510050741
6,-0.9526546721979855
7,-0.5839900500376254
8,-0.539518629326903
9,-0.16617003829473598
10,2.9201415807869253
11,-0.7592295352475653
12,0.5926117897033694
13,1.0611739879860433
14,0.12174187058240693
15,1.6258047602891592
16,-0.8974683584672383
17,1.4067017608857424
18,0.539374439213397
19,-0.6959681086406131
20,74.44411322152284
21,-0.9863764001124877
22,0.23920031918413986
23,-0.45785009206675287
24,0.6332539559345327
25,1.2927047688895787
26,0.10565546563918149
27,-0.9216901025853761
28,4.567559252844916
29,0.19861023167580627
30,0.9249543122369654
31,-0.7494303917552712
32,-0.13238251086695796
33,-0.565507117140859
34,2.047625169332287
35,1.7232679872609142
36,0.7126486656432858
37,-0.6407106147782766
38,1.5690694993440517
39,-0.6392751128221403
40,0.1911307365617263
41,-0.3812594414442335
42,0.2359033097055625
43,0.6319724885294553
44,-0.5983903728173104
45,-0.2447927131875094
46,2.6192923954647975
47,1.7874966010195648
48,-0.8724166112093712
49,0.7244587644534457
50,0.7603820447775376
51,-0.8132734840829337
52,2.8386474901851706
53,2.3307615207268224
54,-0.618752111099646
55,-0.8536548726983553
56,2.458005861989656
57,4.003647429185928
58,-0.9833336466473875
59,25.943360474554915
60,-0.3577874997527615
61,1.1496290386755716
62,-0.7988630835559692
63,2.003262711234311
64,0.0920818997417423
65,1.366871986727141
66,7.497470622225066
67,-0.9951334097424025
68,0.8065529517881012
69,14.010583302892833
70,-0.4526700002230677
71,-0.9106477603272125
72,0.7306476252259575
73,1.9418841540375174
74,1.2665332179276603
75,6.832580565741185
76,-0.9905849000880527
77,2.6224466860987863
78,0.22610196402926008
79,1.5573420617987312
80,0.5176118007944035
81,-0.5440143842379297
82,-0.6168104807023851
83,2.1350898650667283
84,-0.01880549713052382
85,-0.6091392940313974
86,2.318046961155853
87,0.3266083426222812
88,-0.8603889325006753
89,2.270279546370851
90,1.434792350428967
91,0.9621723231313981
92,-0.9157053918621891
93,4.09154035443911
94,-0.2646198363879795
95,-0.5630755183392624
96,-0.9353215033116142
97,33.92109327778342
98,-0.41701001941623406
99,1.1260287894900616
100,-0.4693012339407324
101,-0.4449605664996751
102,-0.034746835022738454
103,0.37461087704908835
104,2.329337547417071
105,-0.8097168400139374
106,1.2926869675030779
107,0.058057870273980905
108,-0.10394557897084611
109,13.280602407370102
110,-0.8693093258910384
111,-0.8144006430657427
112,0.06575090502688585
113,3.1054955167518505
114,-0.6106979281480505
115,1.8374745404364035
116,-0.5191390971792615
117,-0.5420147633479133
118,130.60644448465527
119,-0.9885714816020568
120,1.1327450946015158
121,-0.7137428831067713
122,9.132827035113602
123,16.525744709102828
124,-0.9829510822756367
125,-0.09460609677207865
126,0.10158814151338791
127,-0.7185315113039874
128,4.143286227820103
129,-0.012449532439411493
130,0.17954585740041829
131,-0.5912370789381742
132,-0.24561525210447888
133,0.19475873305800073
134,2.410695777623889
135,0.34779505393788357
136,-0.01681722150016096
137,-0.8263482025715891
138,1.0455501917195424
139,-0.4427930701720062
140,-0.18980702579535513
141,1.2085283064290455
142,0.6780775223984878
143,-0.16355917904347805
144,0.9678581410687328
145,-0.1361451530094303
146,-0.1589534643588345
147,-0.8099709115409
148,3.38514864112895
149,0.1684514867780842
150,-0.45683045255241317
151,-0.9520881529571574
152,93.89416421596727
153,-0.9401811816577389
154,-0.5937220709008004
155,1.7631465562889437
156,1.8115375644831517
157,0.44749815176571395
158,0.13884324236037093
159,-0.6741105659889695
160,1.7738116613171622
161,-0.02994368602637021
162,0.7321641568728381
163,-0.4633598641461246
164,-0.7512849731899427
165,0.6432358274846246
166,5.20413476187224
167,-0.12140986483043703
168,-0.27379744395623273
169,-0.4241353625804567
170,0.10849323268061406
171,0.23403675073075414
172,-0.8899940747087235
173,13.929692001879737
174,-0.5282529512816416
175,-0.6380611946392156
176,4.016829575443275
177,-0.8273402463766307
178,0.6460610723705178
179,1.8346329883674368
180,2.3683638704083307
181,-0.8408458244702283
182,-0.5091624216599898
183,0.2788009323807248
184,0.922757635347276
185,0.7142901140693332
186,0.3706143162932336
187,-0.4157811904856198
188,-0.5052098278831889
189,10.995617481604567
190,-0.07207204983086413
191,-0.9487470689266623
192,0.8624255017247053
193,1.1951298327720963
194,-0.026503111205745222
195,-0.8406779690281926
196,3.105088928316686
197,0.5549242425456447
198,-0.3795395213933098
199,2.929041767608831
200,0.9701902601755348
201,-0.9439113140106201
202,8.674535585093494
203,-0.9113655624410009
204,0.38950205013708006
205,-0.06144807870106328
206,9.02409470070265
207,-0.03828381240383083
208,-0.9322094842913979
209,13.38186394829482
210,-0.6216623374450894
211,-0.2720257653784077
212,-0.09069345432846387
213,0.6429151224881715
214,3071.924624471212
215,-0.9999060351826553
216,1.2750185329694865
217,2.3479406153814484
218,-0.8687813506921915
219,0.0639910016741072
220,1.5533545705219614
221,1.9739073452786013
222,-0.8661516188440186
223,1.2448875025835466
224,0.3721219155828426
225,-0.6354610285828064
226,1.7799497866163065
227,-0.2736311755025177
228,-0.2137200838633443
229,0.038448865349610006
230,-0.15281267458302883
231,3.181191126030667
232,1.2240350549086156
233,-0.928796619552983
234,1.368166622226115
235,-0.40822454425971844
236,2.335651633135806
237,-0.8785883663799537
238,5.0162804108833035
239,-0.3018980499803817
240,-0.3782865668601463
241,138.79861961328578
242,-0.9541789186225771
243,-0.8619419469308027
244,6.36100173905746
245,-0.9812016143369766
0,-0.0037914587827869717
1,0.1519535995818868
2,-0.5399970853643481
3,3.0000040717932093
4,-0.8109214078173077
5,0.06340811079078756
6,0.19277364586770873
7,3.7156564021011347
8,-0.7218130546378891
9,-0.36251283554308
10,-0.6469579622394246
11,0.7508370985926545
12,3.495773035340136
13,-0.29521270470391814
14,4.76499459949778
15,-0.29297912940042725
16,-0.7606100890596035
17,-0.5960777429045615
18,4.418632958293586
19,-0.543180897695908
20,1.819733375041178
21,-0.25099180072822813
22,-0.8763111524363885
23,0.405271257569473
24,0.5490891998281107
25,0.9351807797919616
26,0.8355192892584156
27,-0.8252212157005274
28,-0.6421674260496992
29,5.476424676271443
30,0.3670732904750591
31,-0.4323521261422718
32,6.216923915633126
33,-0.9655401919680557
34,14.933488563210519
35,-0.7855752217943097
36,0.6648833665723439
37,0.5234691374344898
38,-0.37639276304669655
39,-0.8445017157100841
40,-0.1082999314041585
41,13.917251725703395
42,-0.2192292090062875
43,-0.6748145807433183
44,2.371204778554212
45,-0.7868509396654702
46,0.9425983142994145
47,4.000072128230949
48,-0.88237475052647
49,2.980406629697805
50,0.7520077005975785
51,-0.9414665838196058
52,13.466078816027093
53,-0.5963864275881003
54,-0.5261629335463245
55,6.745830897126993
56,-0.8854477126144386
57,0.09749501655238113
58,-0.46291077547412174
59,0.19523236860107773
60,-0.3365757088322149
61,5.184081967869027
62,-0.7166673416702567
63,0.8387961200628262
64,0.8547297796054403
65,-0.4833270913268435
66,0.12229472308081601
67,1.0517204057943603
68,-0.17173152535661018
69,-0.34455776944696437
70,-0.3988164535160509
71,32.28774815391645
72,86.5107398902636
73,-0.998314784728386
74,-0.5591007696327792
75,-0.24196675943514778
76,0.8244783703119065
77,-0.2425715822879313
78,0.8645233616386334
79,-0.2976280216989474
80,0.2569116053382723
81,-0.3353277910953655
82,-0.8654028699938459
83,0.17306550515711394
84,6.719587994882002
85,-0.6947860193394542
86,0.7705770316040002
87,0.6657243909336497
88,0.2691129352562538
89,-0.16509289772135327
90,1.1575432360833857
91,-0.12790696474816643
92,-0.8942000755355854
93,11.208093238444391
94,2.715123496266093
95,-0.8090116669531582
96,-0.7743406024714776
97,-0.8019770298145948
98,5.167850507038447
99,0.6153397982942697
100,2.401178124459442
101,-0.8817072046365514
102,0.18427501672039215
103,0.42720969292240896
104,2.5101513582117416
105,-0.5085220009852878
106,0.49513656859737787
107,-0.21535096038502277
108,2.6011241739625754
109,-0.5578160020203968
110,0.01602025591688916
111,-0.5079383841386564
112,0.1921737828549941
113,-0.3811314292069371
114,0.9219943060600333
115,-0.48250839432073667
116,1.3624736538794213
117,-0.3354731820866814
118,1.8076305391342773
119,-0.578374765153473
120,0.8029628177633226
121,-0.824027567486637
122,0.2747499267153135
123,-0.7892903575556691
124,3.442833282034618
125,1.5815337777976306
126,6.4429641121164885
127,-0.9277026985514449
128,0.22553922442086338
129,1.663579435819055
130,-0.5781699680318865
131,0.1771295419862795
132,-0.6188966078355118
133,-0.09827060422178313
134,-0.8866911594115383
135,10.984002882557508
136,-0.6817454114234678
137,11.162415711703181
138,-0.7258150546391355
139,1.5598595920792269
140,0.11959404789790296
141,-0.7432717708440499
142,-0.03482838147448819
143,-0.4380253510164427
144,9.25528317609735
145,-0.8298660275683366
146,8.887088273166654
147,1.679006802286104
148,-0.9293307436311334
149,2.247115673775035
150,0.20032298533474058
151,-0.8597575442209014
152,1.8652833706882461
153,-0.281009804447802
154,0.3757139121959523
155,0.5481644879727363
156,-0.8329004489952312
157,0.3449850475038252
158,0.6724470822770761
159,0.4049829868994814
160,-0.3269344890455377
161,-0.28227043357501114
162,-0.33620598975126226
163,4.600397897744392
164,-0.44536508455388546
165,0.7192199681883245
166,0.7341193963070134
167,-0.014372084458352363
168,-0.8327416211583679
169,-0.41901025638032696
170,2.6576170492808235
171,0.273657995374043
172,-0.3370054513633094
173,10.755212640280467
174,-0.9767141453409843
175,2.726788321927775
176,0.3797542630588664
177,0.254879496480759
178,-0.24647716759282523
179,3.3129252518512384
180,-0.762099058263271
181,-0.8272124529524117
182,1.9280196656390736
183,0.5524931467040992
184,4.671920582663965
185,-0.9042276718384533
186,0.7698882398864528
187,0.6364719992649985
188,-0.5169164990372159
189,0.30621354299276193
190,0.8980487481309498
191,0.5466973804024184
192,0.1522757336809919
193,-0.5760752161620066
194,-0.6730939165685079
195,-0.7552613946001263
196,18.23150685258771
197,-0.6522541678263785
198,-0.702613478786809
199,7.57214248557985
200,-0.7511094343269231
201,1.6462642724748684
202,-0.8455681049807483
203,14.405840083621296
204,-0.8071833746490628
205,0.39859260454822176
206,2.8627487575446633
207,-0.39746635574725375
208,0.0340856217382155
209,-0.4509458995530601
210,-0.4209541150964756
211,1.8493351840914056
212,-0.08166170907870396
213,-0.5544171814937108
214,1.0464860574577268
215,0.14517108235265064
216,0.1579438069038548
217,3974.025211877778
218,-0.9997369727558051
219,-0.3379326194625607
220,6.7659105006986655
221,-0.9724953957186401
222,3.7832029667253595
223,-0.47029192403559095
224,0.3460979355099263
225,-0.4221226824576946
226,0.3838179702445421
227,-0.7321853935270475
228,6.38166575925223
229,-0.878250422087368
230,10.406121919923482
231,-0.062437336480093975
232,-0.9075324454171291
233,3.5421804419016025
234,-0.6330252700795693
235,0.555152054472426
236,2.560250363026294
237,-0.7901224146375182
238,0.08364081841272863
239,4.705585446522086
240,-0.6816689539889361
241,0.25817358665557655
242,0.8917449047437149
243,-0.6346365180239639
244,0.3864934532870916
245,-0.7543190386512101
0,0.02941882625427561
1,-0.8727764238649844
2,1.728071440245659
3,5.776879771728233
4,-0.6557667274807655
5,-0.5187857089775179
6,-0.68113158533292
7,0.29540837979320433
8,7.794198859676657
9,-0.807006384432351
10,6.726198959350586
11,-0.5023130964559168
12,-0.6992580506606232
13,5.201253641258996
14,-0.5988895917822107
15,-0.2079473002423078
16,0.9331254650029805
17,-0.2118880706608145
18,-0.83408281269254
19,6.202755044980252
20,0.3095109286829889
21,-0.3041356359988272
22,1.2416019899292503
23,20.744747709817965
24,-0.9830729035107686
25,0.46597670095759014
26,-0.8613143913936543
27,1.2019169536019891
28,-0.017590208991314027
29,-0.3424729492226374
30,3.1681892146200283
31,-915.6539046215477
32,-1.0008050450430377
33,-0.12151692926132951
34,-0.5197298679298146
35,0.10127864196936054
36,-0.5437542548777377
37,5.83319958722187
38,8.858581566342217
39,-0.7386632174290115
40,-0.6740090055742023
41,-0.07859685854830234
42,-0.7227763840895199
43,2.155537297816507
44,-0.6111631794950638
45,0.8861216485761372
46,2.9987151445195943
47,-0.7800558459893839
48,1.48313780685071
49,4.284448673589991
50,-0.9688440898890534
51,21.921001898886754
52,-0.8078709753133408
53,0.36415285665912145
54,-0.13468070424295375
55,1.009287860432719
56,-0.6787212737484196
57,0.5113703581159705
58,-0.4930411774438309
59,1.2030647401039238
60,0.2507797543069177
61,-0.7504946580252284
62,96.23449141571992
63,-0.9878700632683137
64,6.10625777071217
65,2.957021934872791
66,-0.922957956756229
67,-0.7659576403388348
68,0.9197848356216929
69,1.3515861624272825
70,0.2684127368734819
71,0.9367919095419166
72,-0.8459562848260153
73,2.5230275664205686
74,-0.31666789689187247
75,0.03399986095448604
76,0.598093553316517
77,-0.4499221525938967
78,2.860763109118247
79,-0.961368993429835
80,-0.24319395355256757
81,5.2322309715401545
82,0.9843290748125477
83,0.24004412783644868
84,-0.1104016498115643
85,1.0863567976097466
86,0.02262207120932569
87,-0.7267884131396989
88,1.9647902366418188
89,-0.6937845762077284
90,-0.6223437394126102
91,-0.41406237352204434
92,2.592305785636178
93,-0.6652255804703002
94,11.176288986770068
95,-0.7847803994101726
96,0.4748383061004977
97,1.4296735282627941
98,-0.6185500121007235
99,0.9460932968340436
100,-0.46656325225508055
101,16.72857054320861
102,-0.8865309888236519
103,0.11216660710906678
104,-0.86419035671476
105,3.854649909421341
106,0.4329232127119189
107,1.4350098803265108
108,30.5559484986537
109,-0.9976045967399572
110,7.7527925296943625
111,-0.8338788610198558
112,-0.02359352342765808
113,18.841269991445316
114,-0.8371871948242188
115,-0.3432637600241173
116,1.841441939169517
117,-0.5400680054826492
118,0.19181590467307896
119,0.9419087998022557
120,-0.9367620398774182
121,3.9813378258601064
122,-0.4404987807727908
123,-0.3516467111703543
124,4.489020599106083
125,0.04813330350823786
126,-0.7648353365622903
127,4.414245986938477
128,-0.5172703029869188
129,1.302883952928053
130,-0.8939454651124011
131,0.9062376435100832
132,2.232401655219391
133,-0.2562460160487303
134,-0.49277528998039255
135,5.910995352608418
136,-0.7165623647156356
137,-0.20264035680256365
138,-0.3883176408272252
139,3.352277930269323
140,-0.7077123141752795
141,0.21149840928889496
142,46.12301551722377
143,-0.9817371097346302
144,0.2055882250473391
145,-0.6455846044665658
146,2.5466749374917517
147,-0.8624226783627407
148,2.8312965575115063
149,-0.40924365448807787
150,5.348361333411154
151,-0.8262465619946373
152,-0.43100957134370677
153,3.4108788777372956
154,2.596365183930961
155,-0.029906664676691896
156,-0.33982098343133416
157,1.8989414795191606
158,-0.32813095464939024
159,0.17981760331823704
160,-0.883783773275522
161,-0.752450826761089
162,30.004184501045685
163,-0.9418052822379835
164,2.3735876721552116
165,0.05243173944916446
166,3.567291235809683
167,-0.8865509993816123
168,1.296339285261591
169,-0.42509450884245636
170,1.2701554004836497
171,0.6828168245253528
172,-0.7800085365711742
173,-0.7160022884754434
174,5.227294724680336
175,-0.35548383843516873
176,-0.0033567412798378715
177,0.9070735608817873
178,0.2948566128416854
179,-0.7079341420591587
180,3.5778354328339246
181,-0.3884823473736544
182,0.0969967563340719
183,0.49402728130787366
184,-0.09068535457057458
185,-0.6580446853141754
186,-0.2278442605254939
187,-0.4766575716517224
188,3.322741305709295
189,0.37008611730884566
190,0.14878210899411215
191,-0.5263904092199887
192,2.2565538468896214
193,-0.8161472245250668
194,6.666937323358975
195,0.3122656976027649
196,-0.6466079662320863
197,-0.4592431011812691
198,-0.25723660151864747
199,-0.45804892742601033
200,-0.5503694903354098
201,0.7807368544008979
202,21.016945868986387
203,-0.9751244044667338
204,74.70268048136224
205,-0.9633149563764422
206,-0.7143022662532025
207,1.5562638201652454
208,-0.29515141320351257
209,38.82425933997892
210,-0.788723036233855
211,-0.7068949846763356
212,-0.4873408581852905
213,14.761720054639472
214,2.0910925061035783
215,-0.8679872519709657
216,-0.1052967590882603
217,1.4310600074499917
218,-0.9001175277601156
219,-0.31206326196367573
220,0.3074248028288904
221,4.790820539163955
222,-0.8681280281857868
223,1.4149294375630923
224,-0.08455892008618848
225,0.6792852177474551
226,5.780009768964014
227,-0.9639784956491122
228,-0.0843650405380394
229,3.9966516890873676
230,1.5439800341485004
231,-0.5711948881953761
232,-0.3076856120633553
233,4.9710595328626646
234,-0.41420836603529343
235,-0.8378482205117375
236,-0.37240629147606663
237,1.364864937744497
238,3.3362402711121115
239,-0.12696122511304686
240,-0.2917646233926918
241,0.9959266049631372
242,-0.9621231725905923
243,1.5301748364664856
244,1.5672466561728653
245,-0.4428899529617244
0,-0.7824324883379299
1,9.782806711888503
2,-0.6717984378055306
3,0.16610948965839922
4,-0.5849537039694308
5,-0.3875752097009372
6,4.495820469093971
7,1.2398028092982507
8,-0.8711372613612112
9,4.2563503064231805
10,-0.28116701875878347
11,0.7521609070763529
12,-0.8853311059093469
13,4.436115365965844
14,-0.22559882666265896
15,0.7748606424172766
16,-0.8650917777731617
17,10.889768171667875
18,-0.7670900400041287
19,-0.6971850316804049
20,6.4114721277345215
21,1.205050716894244
22,-0.9436825209762052
23,9.409785453254605
24,-0.26907027216733737
25,-0.7820485122490727
26,1.7126337734755421
27,0.019097473782232033
28,-0.23470727524984025
29,2.0213444865276626
30,-0.6335139158918948
31,-0.75146235952926
32,8.443600804996827
33,-0.23876144785893905
34,0.14900255338554658
35,-0.8191177922925974
36,5.940691997387291
37,-0.24286830337384802
38,1.130468043671656
39,-0.7269828613546427
40,-0.7469014772087352
41,-0.4342947244810449
42,2.5775217455993378
43,2.090313539473224
44,1.9861611472303857
45,-0.7407250850693845
46,-0.8240588627450154
47,2.1233105954735967
48,0.06496804284076751
49,0.38591004962444564
50,-0.8354857690193893
51,2.4633623224613372
52,2.3886270174616873
53,-0.7356308322469849
54,-0.13943777624623044
55,1.2712487022980161
56,-0.0006550717993546451
57,1.092544759071655
58,-0.4944608949914516
59,0.030267895892457153
60,-0.46619626292073213
61,0.3396675883286999
62,0.6233840480730528
63,-0.8734130664359879
64,-0.06120940211638881
65,6.059510359701968
66,0.37754966462815553
67,0.319956433266154
68,-0.8999168199029957
69,5.5978955613912325
70,1.4117706008543687
71,-0.47602883151945485
72,-0.5836547653213692
73,-0.4077290923363468
74,0.8724340562868538
75,-0.017791020913325073
76,3.2599222089278372
77,-0.4151997417933536
78,-0.5089542739749355
79,0.28839404748526287
80,-0.44833815112121633
81,4.133499701346777
82,-0.836785850598414
83,0.5745015343976476
84,2.42045844379522
85,2.8115505287263862
86,-0.8342845501560042
87,3.915941730154187
88,-0.9237993664741516
89,-0.7519705679279203
90,2.301138625330183
91,2.7249786273018737
92,-0.7309926914291989
93,1.4596593692820155
94,-0.23713853998250312
95,1.4912089773901656
96,-0.2859424999194843
97,-0.8091175791081835
98,3.6243029530462385
99,-0.438800087532322
100,-0.7962385025310192
101,5.3669519996721995
102,-0.060259198614906584
103,-0.5799074597374259
104,0.12649183762702365
105,-0.5640267316281526
106,7.542917521669679
107,-0.88782795180127
108,0.7154244700039927
109,0.3287641951837752
110,0.7928719534427904
111,0.5991742931420061
112,-0.6051531069295779
113,-0.16228433870660008
114,3.3041200083177475
115,-0.8034401787099875
116,0.7845898582752837
117,-0.35268822031429203
118,1.081134940806621
119,0.04353056322609494
120,-0.11009966603395571
121,-0.40874456994302266
122,11.42147724621312
123,-0.8551147624861088
124,-0.38925527950474714
125,-0.5001516194028792
126,1.4454179234776983
127,1.5075808824835333
128,0.9737542793726162
129,-0.3008803056734505
130,-0.7566119001932547
131,1.5867527443586305
132,-0.5973475514759703
133,3.4951022236817657
134,-0.7646670176712935
135,-0.4621166594652557
136,2.1493500373697647
137,2.432343965094898
138,-0.9718130623290347
139,15.7268450173048
140,-0.2824308776008977
141,-0.6726082655036583
142,3.1555655391068322
143,-0.9247575571062836
144,32.02891733175188
145,-0.6096989359048943
146,1.0894666949834262
147,-0.6971858096987098
148,0.718196981840802
149,-0.3902263582467016
150,-0.8517901198883485
151,6.787333372685383
152,-0.27456091803079663
153,-0.09303409033835053
154,-0.6564395345793019
155,0.7600712976121022
156,0.8131340379959202
157,-0.6203327868699662
158,3.4392723309682527
159,-0.40511775088805924
160,0.5539124725146791
161,-0.6702959294027677
162,0.9931980253847992
163,-0.708302201646747
164,0.7039345269667214
165,5.433233439656696
166,-0.7082558463178199
167,1.0384240126589224
168,-0.2151455116977048
169,-0.419839023114866
170,-0.010183909010433312
171,0.6114765783349696
172,0.13229750156699382
173,-0.6139351404251091
174,2.3774005278132644
175,0.5313266145043021
176,-0.2351872436573278
177,-0.16361185795686717
178,-0.5706885802621323
179,0.8720633608977064
180,-0.43867199537144985
181,0.7998240219583979
182,0.34044089582091797
183,-0.32064457142067737
184,-0.24856371298069557
185,1.4036991694971892
186,-0.9032191053481561
187,0.7237594595613381
188,3.415260248315227
189,-0.1989327714008532
190,-0.9154400037721959
191,75.1646092143315
192,-0.9303212186307936
193,1.5688603553759384
194,-0.8287328285700334
195,1.2774629597844704
196,-0.46294733600548177
197,11.65611009531295
198,0.0932433249739244
199,-0.7198723623980591
200,-0.49701644694964164
201,-0.6401980074769338
202,8.963536567323121
203,3.482934924800463
204,-0.8760393841576031
205,0.2388726950398219
206,-0.5110884250648278
207,1.3856743537560763
208,0.19739714907847605
209,-0.8562321849948433
210,32.98975998768556
211,-0.9555718064600812
212,0.9467057079050301
213,0.007635254189374274
214,0.49395077584826996
215,-0.5786393464480537
216,0.744047698142704
217,8562.576500124931
218,-0.9999658164179588
219,2.0493939218087456
220,7.80142444864342
221,-0.8969786317932429
222,-0.750770365287701
223,1.7625520622984494
224,1.468881849110534
225,-0.5759177095651804
226,1.2163382274632708
227,0.24742447290332903
228,-0.7487098792975356
229,0.7669995595583401
230,-0.41602330971646095
231,-0.7270240871612306
232,21.549077230029635
233,-0.5243657242532482
234,0.4748468235020604
235,-0.5580099058635082
236,0.9165068802652783
237,0.4797950383714673
238,-0.5753746527406578
239,-0.7439239818001311
240,15.51919471320431
241,-0.9539086503828683
242,0.8319326804383049
243,156.02116314500796
244,-0.9541475268549794
245,-0.48517298164732003
0,2.795291200241825
1,0.926488673511805
2,4.580579967999816
3,-0.8752513005183293
4,-0.7208532214798569
5,0.8797239364491038
6,-0.643072837423263
7,0.5986893722883666
8,1.765336762809044
9,-0.6507020629354721
10,5.357848626793912
11,-0.8508962931679094
12,1.2634222720936
13,1.4288610445301262
14,-0.8029369102529867
15,13.36282835795624
16,-0.9819177952531575
17,25.86662215297305
18,-0.9340977156406904
19,1.2427110707249973
20,0.39390203492998577
21,3.957601503195799
22,-0.4286447076132892
23,-0.48867075544504845
24,0.5244647520082122
25,-0.4805928428781099
26,1.3718656939101894
27,-0.6601960252374194
28,1.5076347879601832
29,-0.781422480902518
30,3.777683510300183
31,-0.7803467946590777
32,0.29233513335361194
33,9.076861965923614
34,-0.19169025182128852
35,-0.7824967664189532
36,-0.8516995361910689
37,11.831732177734375
38,-0.5110820279296844
39,0.9034803708006216
40,2.2056163008443384
41,-0.891625046699478
42,0.2460132607531278
43,0.054989863708011066
44,-0.6855783526176354
45,1.8973470530511527
46,1.9461095812491815
47,-0.037025415064557254
48,1.1052498477884507
49,-0.5710080623264984
50,-0.7800211869739967
51,0.8853547617835182
52,0.9269263692155116
53,-0.5703161465050017
54,2.7458686937576715
55,-0.8675151032879636
56,0.8661589406652022
57,8.223648969861811
58,0.15592367331147172
59,-0.866295977225994
60,0.5516032804877391
61,-0.1884562387006543
62,1.3888874296991096
63,0.5920556397979928
64,-0.8797064910443206
65,0.3889011059021439
66,4.323470597863958
67,-0.3938961904158369
68,-0.14183299149679496
69,-0.41239461973496494
70,1.1534473205740845
71,-0.5656229557086234
72,-0.3323107560540176
73,1.5780544731829806
74,-0.5540770097556331
75,-0.4006282934237855
76,0.7060726035536748
77,3.4430590525994127
78,-0.8204616786148176
79,4.122005287490656
80,-0.8814835720300291
81,2.7298349016693413
82,-0.18862039475082804
83,1.5282668356782412
84,-0.40192170729760635
85,0.04946424211040901
86,0.5805601865576919
87,-0.5100568555045896
88,5.285026237330261
89,-0.9053732125068348
90,0.002995570068325293
91,-0.437003514111574
92,3.927149346310012
93,-0.813968714459801
94,1.0076093572518827
95,0.40660117405828866
96,-0.46590680898539716
97,1.2360231033352989
98,1.1330301560764466
99,-0.4320548786198143
100,-0.057548489349421694
101,-0.7718197772072019
102,3.3391821837935263
103,-0.7813505374085387
104,1.2504076049947663
105,-0.27882317654679456
106,0.9176776758241145
107,0.9060256262294413
108,-0.07295857427087804
109,-0.20991140287699395
110,0.4558485639320946
111,-0.7497964152649277
112,1.1722945830717704
113,-0.43009553351481067
114,-0.028259808316551283
115,-0.05585267481060874
116,2.2345262446285026
117,-0.3209917205138775
118,-0.0911150929016219
119,1.4608555791365787
120,-0.5013963085275498
121,-0.1035247265542657
122,-0.6987182100846265
123,2.628822325200364
124,3.9057129591187367
125,-0.8400230249906757
126,0.21323816525168704
127,1.6471920291504722
128,-0.3759948175920076
129,0.2551120891087071
130,-0.14128642154142246
131,-0.31647217275500616
132,0.547959951999293
133,-0.505388449851955
134,-0.4678442813336775
135,2.2328205584050944
136,-0.6623339747861194
137,2.11819164042001
138,-0.7510638075621737
139,1.9443000446666372
140,-0.16906507333539333
141,-0.7250592931987202
142,3.6918285798620296
143,0.09986806330089903
144,-0.09719946640460708
145,0.2079966059478633
146,-0.2591063591187538
147,2.6123526642874726
148,-0.5781634919014753
149,0.1956721342542822
150,0.528449977694798
151,0.6294966268434672
152,-0.4957142966134208
153,-0.462620890154403
154,3.2173001504912673
155,-0.7142430543899536
156,-0.6964370951102226
157,-0.05615473079853128
158,36.635928514951054
159,-0.851344707075413
160,-0.5249841233787144
161,-0.07503868311582418
162,0.32845666314242195
163,-0.15051007769304303
164,-0.1095499579237238
165,-0.4687735142647046
166,0.1848371891030145
167,-0.25349647851296075
168,12.238761492288964
169,-0.9580696353889702
170,0.8652259253437946
171,0.12367412211412532
172,0.13905400412372537
173,1.3495466541367351
174,-0.19633507052543242
175,-0.8948478321603393
176,11.650038385338759
177,0.7620977979136436
178,-0.8163362136411807
179,0.4516175528735835
180,-0.36832579254489994
181,1.163811324214866
182,-0.4255898146672774
183,0.6341628125630445
184,0.8533510050911242
185,3.7600025883173913
186,-0.9461915290360075
187,0.2828695183911898
188,-0.016942325376704925
189,1.9880487991521254
190,-0.7415573289158173
191,0.3643097617595934
192,-0.5906039863823596
193,1.363014334268963
194,0.5199426677060288
195,1.776895904145206
196,-0.6482030647277779
197,-0.18808945888024353
198,5.672780732730356
199,-0.7490943473759955
200,-0.7055154524271943
201,2.510705035180892
202,1.2033759465016582
203,-0.4125511884463975
204,-0.5511267890128795
205,2.5234413688756314
206,-0.9519260037581438
207,48.89871280949564
208,-0.9222485802065505
209,2.334732936824455
210,-0.7062493207084025
211,-0.41057847958317784
212,-0.46744419448691055
213,1.4652932850068625
214,-0.6727328536609687
215,11.242574057997647
216,-0.753574890429544
217,-0.47183223705741506
218,12.760188056775183
219,2.1264533150815805
220,-0.9528063264704162
221,2.824799251813576
222,-0.2404257842850045
223,-0.7663705368372633
224,15.092049223309889
225,-0.9676479853116549
226,9.018727632112116
227,-0.8120755287077441
228,6.703781182086772
229,-0.6607832069550734
230,1.4327060097048112
231,-0.5810268684114466
232,0.12366262603918998
233,-0.8504168623710323
234,5.772229757758656
235,0.9459550279088385
236,0.6491348440869449
237,-0.867061972414861
238,1.1089565306699565
239,1.9535396902024358
240,-0.2701831100925902
241,73.99518597122903
242,-0.9909954940969358
243,0.1079022576064752
244,-0.8154051379053426
245,11.642196356239419
0,-0.06564869787252992
1,-0.3924819156490692
2,0.7523147540162773
3,-0.3942259262609227
4,0.27987756394082575
5,-0.5059932486228893
6,0.4904095582981465
7,3.4891435127220918
8,-0.46070975387606283
9,2.4068446688216736
10,-0.6738554863406835
11,-0.9096734280046019
12,5.486051585624544
13,-0.04005048356086249
14,-0.448964857726855
15,-0.15327447624777113
16,-0.11313100961774591
17,0.31102204298011094
18,-0.3408639517698694
19,3.4907550013052404
20,-0.4808643617307913
21,3.0141970955406627
22,-0.09627610982558954
23,-0.4693071838187086
24,-0.4522225898975255
25,0.12974830966649464
26,-0.27610677536053774
27,0.963336856478747
28,3.437985960656899
29,-0.6962065186927282
30,-0.7179208140826505
31,7.0760840835138925
32,16.89015442482086
33,-0.9932196429522558
34,1.6366737505468532
35,0.3917063892555419
36,0.11474172689857243
37,-0.23950213932263686
38,-0.5542544953515351
39,2.951918635826068
40,-0.4125669741976046
41,1.8519137345593215
42,-0.7671724457018044
43,0.3324242709487628
44,-0.30075994487175484
45,-0.5985494649074294
46,-0.08162306410512099
47,2.3179191921916398
48,0.514091818765191
49,0.010097798517329615
50,-0.23772761964836975
51,-0.22727263157344824
52,-0.6813752570636862
53,0.10988529003918357
54,-0.5938003408014243
55,18.333249430878343
56,-0.7028136849864007
57,0.8355557756436185
58,-0.6343222237332622
59,1.2884655869685369
60,0.46681383764297224
61,-0.474591720336086
62,2.015174850584271
63,-0.5981662694449106
64,7.55425866807494
65,-0.6400169531431921
66,-0.955938229898641
67,2.8695552655749856
68,5.87564152170654
69,-0.753426540346598
70,0.01796367464355919
71,0.3369074668970269
72,0.12990321992319354
73,0.23623562589589864
74,-0.8214028607130954
75,-0.6589595389172029
76,5.845459992121271
77,-0.09702937419511082
78,-0.845278217114136
79,13.08841418015144
80,6.313234592494939
81,-0.7157606073800282
82,-0.8981466056079591
83,-0.28753781679490154
84,-0.1922604342142551
85,1.3768284311535628
86,-0.5579668493889614
87,1.2967906494248105
88,6.0568220531467025
89,-0.6952641210547942
90,3.0784269479604864
91,-0.8855294218036908
92,-0.541286657725742
93,6.93433439354688
94,-0.27792047025483246
95,-0.5079477272720954
96,1.303830827873095
97,-0.48118103936810785
98,1.7914031394346956
99,-0.7503233370812317
100,-0.06445013039539071
101,1.504515732287039
102,0.0425891405293799
103,0.18959328447217794
104,0.20899055648191567
105,-0.7406913953550545
106,0.047152847130454534
107,3.571848903518881
108,0.7607831103897236
109,-0.6063826689965979
110,-0.3660814937808191
111,-0.7831561481089493
112,1.1724372852050475
113,-0.6259418630673983
114,0.9683321738262718
115,0.7990319758866347
116,0.3950303803551416
117,-0.45488391665065986
118,-0.37335089625264983
119,2.3594745879474717
120,22.501853417491272
121,-0.9768280580578448
122,0.17637913915805004
123,-0.5390722942568371
124,0.49790225841998814
125,6.530640606090865
126,-0.8963516640236163
127,6.213283720564767
128,-0.1404415321893162
129,0.37136322238958086
130,-0.8999967698243618
131,1.3896233008217491
132,8.608535286764655
133,-0.7993528185725542
134,0.7915250434602898
135,-0.8107378450038083
136,1.2067802008088813
137,1.0512680866584403
138,-0.8346213738356353
139,3.7881254230602712
140,-0.4020937382742321
141,2.0263290323656125
142,-0.8277333637309299
143,4.345675160454896
144,0.08266463590567863
145,-0.4401466225351127
146,0.31327071372528326
147,-0.7390912705419428
148,1.5468513713199288
149,-0.5816689754963897
150,-0.022448424804320632
151,4.247531634156838
152,-0.9324842386409782
153,2.2540354661921285
154,3.906241307657238
155,-0.8613579303502461
156,1.8826688696683878
157,-0.036962167783272104
158,-0.5741715871335504
159,-0.04598782919393829
160,-0.05683698916090585
161,1.132518499218393
162,4.680070314137218
163,-0.7350893919134935
164,-0.9281245281456894
165,9.609317387581562
166,-0.6775793719852197
167,2.5911118513108584
168,35.212248836076256
169,-0.9466997084266915
170,-0.8617411720529873
171,0.15487782293421737
172,0.5505551208349602
173,-0.5834726072883909
174,2.8911304014880357
175,2.4386786349884386
176,-0.6179951741593808
177,0.21225137298372698
178,-0.15911557493659312
179,-0.18123143374159278
180,1.9213978169851789
181,-0.6225353797778045
182,5.996891979805504
183,-0.9752163196684374
184,0.21289046657223354
185,5.181711459701353
186,-0.8650863784399021
187,1.5141322871377554
188,1.0960154963828463
189,0.0002818846157044419
190,-0.7748373569660814
191,11.027673221467854
192,-0.8393987114057269
193,0.6937640959066786
194,-0.4801344376053245
195,1.1698780908903132
196,0.34525007781370665
197,2.7231412008621527
198,-0.9478750415797765
199,2.098445619125363
200,0.7483871046174786
201,-0.7302299515781625
202,1.8178118904154839
203,0.14591349113057928
204,0.2876792292098942
205,0.3549512642302688
206,0.5470948883117368
207,-0.549177102379081
208,-0.6779309864986889
209,2.3090466988387024
210,-0.5502162324307944
211,2.2111564203933667
212,-0.00029674510312882596
213,-0.4790343674489509
214,1.8002506443649593
215,-0.25549290571655947
216,-0.8417135219722762
217,-0.6963561847117803
218,6.425036407284551
219,0.4214131769643963
220,0.8168121120823342
221,0.20476661627388526
222,-0.54624373251415
223,0.10458590678753188
224,-0.045390866046135736
225,1.8249261383252136
226,-0.8267008261283832
227,0.04604878280840641
228,-0.5294156749910415
229,5.953584814266387
230,-0.6912181813273477
231,2.2268095168482085
232,-0.16332329813343582
233,-0.3070424726305848
234,-0.24188632363170015
235,0.5547737733766533
236,-0.5756560712963128
237,1.670099555481479
238,0.3435554970946195
239,0.0796562361551989
240,-0.09479393830334537
241,1.597213822609691
242,-0.3150373637454902
243,-0.7061314086099971
244,-0.602197575149332
245,26.57124248379505
0,-0.11721341207455294
1,0.2543614940107768
2,0.692932929944817
3,0.006800347976250176
4,1.8262706636258308
5,-0.6540495230086002
6,-0.6487168347520547
7,-0.07840364358590124
8,-0.7718942974972628
9,-0.03201467550788495
10,36.881921477316396
11,-0.7792038029998765
12,-0.21073395172543552
13,0.2920163956556405
14,-0.040633173882638984
15,-0.8608774636705032
16,2.8478844357707422
17,-0.6656002641656477
18,-0.017798342120564414
19,2.3421342701176515
20,8.54928772305132
21,-0.9226810450816918
22,1.2291368369966684
23,-0.818302676885541
24,8.056818632546937
25,-0.753774524969042
26,0.38976646768973344
27,-0.1927699322955262
28,-0.2612077151129536
29,4.029218698423442
30,1.8340622160949582
31,-0.8060444342401508
32,-0.6830996200279074
33,5.758978220871353
34,0.025053407921031612
35,-0.9258276934225886
36,21.640614009237453
37,-0.7154219377632645
38,1.0271805543803447
39,-0.8518121676728168
40,2.3059650966461116
41,-0.001073581548782565
42,7.005495418149195
43,-0.9657429212517891
44,1.4719885699354514
45,3.3996073889221883
46,-0.470984925292417
47,-0.6574615330292309
48,1.3070100724781288
49,-0.6437585063756336
50,2.53919647357678
51,-0.345725967906489
52,-0.2235326602980442
53,-0.9561437843601991
54,99.00468443799734
55,-0.8587971047433522
56,-0.4185939150477975
57,-0.46020137442535347
58,14.959080024060892
59,-0.750103163137072
60,-0.060229722255525475
61,2.1745571575517832
62,-0.8463555332403602
63,3.221948963310255
64,-0.6814598235388889
65,-0.23953806004748324
66,7.025973152843465
67,-0.5359706261848374
68,-0.6675388661384511
69,8.236846010042207
70,-0.7111686964081761
71,0.06070922894691333
72,-0.6688717493724321
73,0.17049134037251967
74,-0.15647474038514886
75,14.455287784310421
76,-0.6785687927559514
77,-0.3714478566754389
78,1.6158922676628782
79,-0.8412019428149818
80,-0.7414779540393734
81,28.43820102343885
82,-0.903146969327943
83,0.001733236307575714
84,5.07129994645497
85,-0.8764168699815561
86,4.882694314024647
87,-0.7542989892675349
88,2.827930818115333
89,0.12129716173178506
90,-0.6423979897632579
91,-0.05578040862234157
92,0.018909043229474953
93,-0.4340083876426042
94,3.716085006236299
95,-0.5725835761297133
96,-0.4011564860913248
97,1.9272727966308594
98,1.0047430961385433
99,1.785319926979676
100,-0.9474891919741486
101,-0.13831032120880726
102,-0.5427500609849805
103,9.721814643955291
104,-0.2692246617506807
105,0.10892314001273884
106,-0.3840144430782725
107,-0.7897313893774128
108,0.4003090213783653
109,0.5772050580348855
110,0.6071825567627944
111,-0.27321665947132423
112,0.2726282318851996
113,0.1960255977960934
114,0.3122364920175653
115,9.60219672848338
116,-0.9067102064238198
117,0.7328814738537124
118,-0.8331733359201323
119,9.325788004890777
120,-0.8278141840760775
121,-0.7330478028886136
122,0.17506571719189834
123,22.860079346256267
124,-0.7188910867439979
125,1.9249940664656537
126,-0.02928784205093704
127,-0.7990577018745005
128,2.3599475915607506
129,-0.3896662584385706
130,-0.3684298749950117
131,-0.2278071996394716
132,0.26541332601815104
133,-0.13858634845120543
134,1.6069642820894132
135,-0.6492581541710545
136,1.9641339059566936
137,0.09184882548824969
138,-0.8771659110405188
139,1.82712660889095
140,-0.10992966246111024
141,2.5407042836064537
142,-0.6458615409484391
143,0.22126254591837902
144,4.44723200840116
145,-0.9096585691385626
146,-0.2064938005155229
147,3.494774343104231
148,-0.8865974330193673
149,2.2174395822060986
150,-0.01158160114316198
151,6.398211017619501
152,-0.7400857979518023
153,-0.08378925744683063
154,-0.29847265075420826
155,0.1911907228002041
156,0.8385213848804858
157,-0.7001166958963863
158,0.742626640446425
159,1.1279066233284638
160,-0.741461186173304
161,0.0809839523889786
162,0.9333006455204496
163,-0.7172859788425139
164,0.008266739524781741
165,0.019115650582334887
166,2.3955268517242
167,0.6607379260610968
168,-0.14115060928709167
169,-0.2781163295465692
170,4.8050508403970085
171,-0.3410266263399754
172,-0.7128168506627021
173,8.18154500982622
174,-0.8503430820982841
175,-0.5996888693616853
176,2.008676015929115
177,-0.6698906111731855
178,1.1282298446141157
179,-0.562200089693311
180,1.496397332932247
181,3.0994315005156645
182,-0.8411796458443809
183,0.7869631972145057
184,-0.3086122420789782
185,-0.5125691444175664
186,7.106887027493261
187,-0.945842922588034
188,1.2794453173529705
189,2.212651408053659
190,0.8575267206174801
191,-0.9857356789480155
192,33.967892407294876
193,0.19698333312367877
194,-0.036878061929515815
195,-0.7933431060889237
196,2.2311721341464263
197,0.5913453887348195
198,-0.8959829202244847
199,-0.19843862202917495
200,6.272736231486003
201,1.2919897456295448
202,-0.7690551525483219
203,0.729485736927366
204,-0.49872318317983244
205,2.447581127776432
206,-0.15419270765141913
207,0.027011982771849574
208,0.16823612005909516
209,-0.8037703446053416
210,-0.8453736324503193
211,12.837221408373145
212,6.627188967041036
213,-0.8362641573581026
214,3.5298000226280566
215,-0.7139268482397976
216,-0.42536460871473913
217,0.5088202140569695
218,-0.42547261746095255
219,1.3373737355629696
220,0.4061648053463114
221,-0.35826479113863774
222,1.6561178886496868
223,-0.7548056649440946
224,-0.28229342008891856
225,-0.7249313719977609
226,11.144526058231223
227,-0.7506254749861195
228,7.23394567374506
229,-0.8657212129185792
230,1.097614053990164
231,1.6592315622259584
232,-0.49627637225340504
233,-0.5475413380620093
234,1.6717730162077613
235,-0.395938476000006
236,-0.6077068354618934
237,12.44464259722035
238,-0.9287645059254104
239,0.34265227319311586
240,0.8010841785333096
241,0.7803825082112046
242,1.0918466944619971
243,-0.7491422479468852
244,0.7847413853236607
245,-0.6711274697375449
0,1.364386349371435
1,-0.7778828652065659
2,1.8685612893230927
3,-0.2895694575590896
4,-0.1834347158891143
5,0.871777262533783
6,-0.2102500950317111
7,-0.3514259135662683
8,-0.30763997867699466
9,0.1618256703139982
10,-0.4957280497654529
11,2.3706426734620445
12,1.6601966040596383
13,-0.8942719798734224
14,0.11186326080526299
15,7.064420376204124
16,-0.2100918736583608
17,-0.8647029052506028
18,0.4086361142597279
19,3.8379524617901017
20,-0.8722138117832348
21,0.3612908414509344
22,2.6115046095648182
23,0.392008487291827
24,1.2137925353270287
25,-0.6384670098595163
26,-0.9820214949276449
27,22.193546298312388
28,0.7252770954182615
29,-0.6072319066619214
30,2.5515697116074887
31,-0.7459532681842305
32,1.27486242671523
33,0.9055443901972029
34,-0.8003770263533977
35,-0.6913152625870362
36,3.5009174346923837
37,4.332408952201838
38,-0.7787529594789792
39,1.4078507806046683
40,-0.19058103704761975
41,-0.5647953957453993
42,0.22722025285750802
43,-0.0894640001946756
44,0.880142907416771
45,1.5994095594828046
46,-0.4859995750192019
47,-0.2698685289901457
48,0.705570844177257
49,-0.22146199065618466
50,-0.2673634343408693
51,-0.8354429778678674
52,4.466733791985726
53,3.2056912650538782
54,-0.5803091413101471
55,-0.7004944429409603
56,2.8997588935740177
57,-0.09071980020283077
58,-0.7742318642830003
59,1.8956282461728011
60,2.0843262914254628
61,-0.8515600061444104
62,-0.02718513513183718
63,0.5158897296055582
64,-0.5034584267990407
65,0.011522931251310098
66,2.219300763883492
67,-0.7997321823498675
68,11.471935711660688
69,-0.8894312342546489
70,1.1412186497194554
71,0.700492455534889
72,-0.6776867125976818
73,2.8989348669423833
74,-0.558870947692105
75,-0.7543519565303528
76,6.795615018437165
77,0.5359731232890006
78,4.353264131385829
79,-0.9788133896971795
80,0.3498670819882026
81,4.627631157047214
82,-0.7047488784121297
83,1.5999777081174864
84,-0.6928512044637558
85,-0.4379453923967149
86,0.8017385332064593
87,0.5151699329345214
88,1.7903255411243255
89,-0.6076109272918563
90,-0.32844171118955634
91,-0.5936458867127214
92,8.631666718672054
93,-0.6558482992201871
94,0.8313770666351752
95,-0.5979017839254823
96,-0.7329805922944502
97,14.917244514710704
98,-0.8166278863744583
99,2.8544628640531786
100,0.25659806678151575
101,-0.6091420320590124
102,3.443837705335466
103,-0.5002205478855191
104,0.0710995645464707
105,-0.6192118694668145
106,0.7730607200861084
107,4.865915412227566
108,10.234151027754669
109,-0.9861632427582391
110,2.8512510565028277
111,-0.8768241886571064
112,-0.3106201755983138
113,2.211250031099657
114,23.404642518550133
115,-0.9894007086135337
116,-0.5060636218770629
117,5.647099768701323
118,1.0988153013192798
119,0.7004333565627987
120,-0.683114774395837
121,0.6470063454000465
122,0.6269658391465112
123,-0.7263549025209433
124,1.0098367637256969
125,0.3028101618029564
126,-0.6207028018240438
127,-0.1667594641667718
128,2.3286286473270295
129,0.4947359377246905
130,-0.786009858040587
131,0.8928892419650123
132,0.06692815719924683
133,44.004584252862415
134,-0.9918502796712783
135,9.861867472108118
136,-0.8838573225835146
137,4.031808891313771
138,-0.870936389068679
139,3.775518936999301
140,-0.6806094014109355
141,2.172242886368539
142,-0.9012472174473479
143,2.0944620511005367
144,4.734315193984986
145,-0.8883969585530195
146,5.917350607246484
147,-0.8062693330588477
148,3.7364981689603507
149,-0.5866682014553948
150,2.0905222607050535
151,-0.39191874514567093
152,5.655463098225863
153,-0.9074162622325221
154,-0.5927079825592558
155,0.021417995726066952
156,-0.29717102503574
157,21.443526485130093
158,-0.8434478654059908
159,-0.9045046663674403
160,57.93419409951103
161,-0.41666733869561234
162,-0.6278289193918455
163,-0.5902715370281699
164,-0.13653304461143845
165,5.880949551640446
166,-0.09734444083046168
167,0.3374720747541915
168,-0.666525111686127
169,-0.04522661645313686
170,0.9564543594796504
171,-0.43252074050185874
172,-0.20155559193501538
173,0.7312985524842259
174,-0.5657127781369392
175,0.43564144763793067
176,0.052838079442148356
177,-0.39271753827043065
178,-0.11549391731987058
179,-0.505389121350889
180,2.905970079438272
181,-0.7709068493747541
182,0.24002397522602603
183,-0.17803905984570723
184,2.4936243151392627
185,-0.5214301344434684
186,-0.578641413310959
187,1.4006316320771774
188,-0.21323132875239703
189,21.91766051856957
190,-0.7470294687684915
191,-0.14205168344136798
192,0.1333961888485633
193,-0.595024669464655
194,-0.35921064778120926
195,2.320809776995939
196,-0.7153567016476654
197,3.0628759753451327
198,-0.06833857855579484
199,-0.5909962678145919
200,-0.23385317521505378
201,0.16260760224353632
202,0.8595794889662003
203,-0.3196071548312379
204,-0.5964157788762217
205,1.1861092882095612
206,1.0723734539098766
207,-0.9764661886873467
208,27.987799848295648
209,0.4813011201469519
210,-0.823568390423902
211,10.80198970285824
212,3.4613544406325714
213,-0.9898872470861615
214,605354.1847750184
215,-0.9999837254795828
216,-0.6931509686181131
217,10.266261942664121
218,-0.9145991720015173
219,4.119975727811091
220,-0.8546902967794126
221,3.27755271997113
222,-0.6747308990639058
223,0.359903678690084
224,0.12906040251742468
225,-0.3638196840004946
226,3.5848593818195402
227,-0.8080182191809915
228,0.594499355617482
229,-0.14716639605930215
230,-0.035623213838174905
231,1.7665938453659504
232,0.1895331248799248
233,-0.17829011274574602
234,-0.5813591610868337
235,3.9896015150935558
236,-0.7968146590657328
237,0.18262890836163104
238,3.915155462131918
239,-0.036109091974577345
240,-0.5089375363886208
241,78.59576488692402
242,-0.9978128914904799
243,2.405384624433492
244,-0.474471574552916
245,22.876017095514126
0,-0.4030146267570305
1,-0.5704186647831246
2,1.0468792023277205
3,-0.8506555135120996
4,7.850416518500001
5,-0.8528923839596368
6,0.2927058996530403
7,5.856971093811853
8,-0.029980969378791134
9,-0.7878674907046014
10,24.015846966991617
11,-0.8175649476022622
12,-0.8883156268854967
13,3.8277293528901533
14,0.7711708027942747
15,-0.008483994706679598
16,-0.75985422939574
17,0.09731942005822014
18,-0.10720046493227742
19,6.897194663746405
20,-0.12743960991511383
21,-0.11194302933876832
22,-0.9071455145372054
23,1.9361361009392786
24,-0.0341275966955179
25,0.13997917126868553
26,0.3022746119802844
27,0.6071908744174088
28,-0.7525019853064189
29,2.099399359972667
30,0.19358374675241197
31,16.621402672536465
32,412.4449940375031
33,-0.9998677672730101
34,-0.8283893917217996
35,1.343068966724268
36,2.316790361661038
37,-0.8656432887293342
38,4.773505933829787
39,2.4016495138555607
40,-0.7859478293918242
41,1.0456862246093288
42,-0.6833660979168978
43,-0.055267455360853535
44,1.5109710256627107
45,-0.5836132139210994
46,-0.3865328360290601
47,-0.03881039216159865
48,1.1951678672227928
49,-0.2450447788647454
50,4.343201191358654
51,-0.8212110418965308
52,-0.1647377695356097
53,0.5949095814830943
54,-0.8546229163082572
55,10.84337618821944
56,1.5912987565825332
57,-0.6775532607834023
58,-0.5494463776406345
59,1.4894366049404009
60,0.09578343335353656
61,-0.756915422714356
62,0.8013145144494642
63,0.2684630425759902
64,-0.6771580800780712
65,0.8477289142961468
66,-0.10189769520630176
67,0.9789002861911482
68,2.499871060283654
69,-0.9543857247769922
70,2.0539076729407673
71,0.0031829292026948064
72,7.317559573886113
73,-0.7369938539081682
74,2.4508728123341954
75,-0.8846271080353347
76,-0.5526891183860274
77,4.700970997239392
78,-0.3955074716177629
79,1.7758112602940783
80,0.10680021231655057
81,0.842639094761529
82,-0.8914357452076914
83,2.2815513694952894
84,1.7131137900620375
85,-0.7176693920826469
86,-0.6959065665228752
87,9.535164159004891
88,-0.682201265457498
89,0.9335110374291316
90,0.03332022664955092
91,-0.029419249244597823
92,-0.5143205348537145
93,0.31967718509305687
94,-0.7573336047143393
95,6.236454462649299
96,-0.5071215785678592
97,-0.46399001196926726
98,1.7012628269607943
99,-0.7046425818714133
100,4.804732805579829
101,-0.8068236541993814
102,0.7127420105393494
103,0.08586642706416336
104,1.4489959771679346
105,3.7630690621403957
106,-0.9444197182147136
107,1.433125304952548
108,-0.788009947307175
109,1.9803185159790493
110,0.49493531100313226
111,0.5490173823763587
112,-0.8232371784133843
113,0.3927696881627394
114,0.13667267144292228
115,-0.6477539634434445
116,1.8565577383074787
117,-0.20664374127608343
118,2.2712353690626643
119,-0.7097130999615928
120,1.7132748021632005
121,87.568047311824
122,-0.984410423153143
123,0.6403193234788569
124,-0.6447570110088798
125,2.5367810174970873
126,-0.6415404140122509
127,1.2779186800419997
128,-0.6471360410049449
129,1.5679925613117964
130,-0.8499029504262492
131,-0.55183416053375
132,3.603080912594341
133,5.688210032690265
134,-0.5083517342223174
135,-0.4346561337822805
136,-0.5222888997847114
137,0.40359655775550185
138,0.6978740273957154
139,-0.00882441196367778
140,-0.2024631332693949
141,1.6675429329818932
142,-0.8128314341566472
143,5.7758470149476295
144,-0.8882308659879554
145,0.0793280359158941
146,0.2856117060114558
147,6.619478744472698
148,-0.5576267237933403
149,-0.7495088195823449
150,1.5689247756903306
151,-0.6777155676581521
152,-0.6799475488127578
153,1.7099260897332726
154,3.8937700260630947
155,-0.7484592755256891
156,3.3621374902098164
157,-0.8351569459001247
158,1.0314049695219203
159,-0.44456939501467196
160,0.6538899153953261
161,0.7677817719286313
162,4.5611082400263525
163,-0.9588535096910265
164,0.2689401523794317
165,-0.28579468552877363
166,3.201020040007733
167,-0.6711898652713411
168,3.48530994622569
169,7.623786334444599
170,-0.6198225587922005
171,-0.9226930052218718
172,8.763727401549477
173,-0.28241734752849545
174,3.601669255485538
175,-0.8613258121665406
176,0.323462003724422
177,4.007313919077377
178,2.6545915938880142
179,-0.9705589365364393
180,3.5467764699415936
181,-0.9385037509837245
182,6.85061425403091
183,0.3428499026854075
184,-0.6302177861053024
185,0.36350379167256675
186,-0.9092422092614996
187,0.9628848731872062
188,6.018207240201413
189,-0.6408142519168591
190,4.197651131611231
191,-0.6565379563092408
192,-0.961286379353089
193,10.176424555806001
194,0.31564626131212736
195,0.9540622596841013
196,-0.8849248010530996
197,-0.26829266590706113
198,12.801278177897135
199,-0.7455780175167697
200,5.429084346499515
201,-0.374441090820806
202,0.7698451242438762
203,-0.6559934734334083
204,-0.34628928650197077
205,-0.655498672508962
206,4.737649173266013
207,2.89191389449066
208,-0.888615229533407
209,-0.12474020374196881
210,-0.017866310310730826
211,-0.25163894535599773
212,0.33986298782256474
213,2.307386997021872
214,-0.7195282082393364
215,2.8068223498947513
216,0.1216223545926447
217,-0.9358646385926568
218,10.585133178858255
219,2.6016268596701964
220,-0.8834909773836233
221,2.5650517373725457
222,-0.767811811721718
223,1.4821852475354929
224,0.29583788354688645
225,1.2919719054253318
226,-0.6111044839308813
227,-0.41088337439520317
228,-0.4411268185192039
229,26.38321379035584
230,-0.8566009074974031
231,-0.7680170373842249
232,0.5382160902074218
233,1.2134737351020597
234,-0.5556751549757977
235,0.4657150660045155
236,-0.30379910236432683
237,0.2146151908361289
238,0.9169255998963917
239,0.42423745170744187
240,-0.9138070709447152
241,2016.3397083183077
242,-0.9634289536493194
243,-0.9663309743953242
244,0.22938163718818982
245,0.46527319067439743
0,0.12228982996920834
1,-0.7091199097836556
2,1.6653704028233274
3,0.3794980511632473
4,-0.34804376468938125
5,7.045645994680271
6,-0.7702314371730644
7,-0.4284784250487985
8,87.98439185278892
9,-0.9563886789385985
10,-0.6204592087360499
11,2.3157583954286696
12,-0.502070895024229
13,-0.12810100220371945
14,0.5330780448626238
15,-0.9493854091486398
16,15.297529220581055
17,10.92057663170228
18,-0.9664033588777394
19,0.11428343262290852
20,1.3224760396238766
21,-0.9076444977947828
22,1.3030228929731829
23,2.1264578167815253
24,0.2648991337419859
25,-0.3637313010304053
26,9.29568819306848
27,-0.9581405313138986
28,5.249535759072042
29,-0.42797811938817243
30,-0.4805235325738567
31,-0.46211603296488646
32,-0.3907029774505082
33,1.472066870360139
34,0.3819942775474676
35,-0.6667570873229293
36,1.3526697028229786
37,2.074705448662923
38,-0.8659814868109157
39,4.12419874481155
40,-0.11951206977702966
41,-0.27047926861368987
42,-0.4905087761427199
43,0.0665313252232802
44,-0.6263083659978086
45,2.7611921744920784
46,0.18321204694089221
47,-0.6287618930917322
48,22.032464145507156
49,-0.9009634390031286
50,0.48106954473077757
51,-0.8985849584845768
52,10.302250420594355
53,0.0457165741784078
54,0.5227499372465307
55,-0.888885432965725
56,1.804981530052689
57,2.7484777296405403
58,-0.46987639717936824
59,-0.2621078821919781
60,-0.44504856503979173
61,3.4281374421586532
62,-0.6022259195238406
63,0.3873887780845773
64,-0.27736796005955355
65,-0.3955453755198609
66,-0.17314518261905343
67,5.189830203197492
68,-0.6199410175069737
69,-0.7662595683727764
70,0.2900645831733004
71,1.3933204772788597
72,17.816981517062924
73,-0.764931495142223
74,-0.6359756409853045
75,-0.726308456356179
76,-0.29912703065027335
77,2.6241091193882946
78,13.168320284370896
79,-0.9823513511385636
80,5.9110581916035185
81,-0.2640259887288623
82,11.749330231388663
83,-0.9657529170552474
84,1.4551773786467996
85,-0.48286657769963515
86,-0.6440442776936768
87,1.9675922193816477
88,-0.3623132117333955
89,1.0502477625742248
90,-0.49603320379269633
91,5.063086753258473
92,-0.733588055979824
93,0.42724605968616824
94,-0.696651598750067
95,2.2539233454577117
96,-0.5669720272593155
97,-0.5155288155012858
98,4.557203841031821
99,-0.9669011006512732
100,22.729765043148642
101,0.7156637787325075
102,-0.3376788267177423
103,-0.8806330632419027
104,6.020541813838164
105,0.358037544476389
106,0.7392951944746666
107,-0.6887381852878124
108,0.4922942693658756
109,0.8597385357856608
110,-0.7865189325956867
111,0.5765546121969418
112,-0.24651095248181143
113,3.2071822054846644
114,-0.8672764383490752
115,-0.846838678984865
116,27.106978151032756
117,2.6515554341420247
118,-0.5565543520893625
119,-0.08072255278141027
120,-0.6739416632590924
121,-0.14559662784804228
122,1.3538828698758207
123,-0.7137316997898764
124,3.420501645911875
125,-0.42925984144275275
126,-0.15059985725181357
127,1.3511695043738046
128,0.9673391393544415
129,-0.8235853060810616
130,1.630804918845762
131,-0.5999003807444285
132,-0.3564059133599893
133,31.918364684675588
134,-0.9284623657458534
135,0.5464477474993676
136,-0.11784939956620344
137,2.3503946522043084
138,-0.511978305352179
139,0.09740762484620014
140,-0.2352507311776234
141,-0.7760909059745725
142,4.18370157259482
143,-0.5529764768281827
144,-0.23605525498601443
145,-0.10309577580914076
146,0.27598342027190337
147,1.8720767902303548
148,0.7629985455603796
149,0.2244627433738362
150,-0.7980357554221393
151,0.7760546330802309
152,-0.7255961246697407
153,2.284202297660677
154,1.0629479187907402
155,-0.7339956382571247
156,5.1477259304366365
157,-0.874578964070418
158,2.4436344468822986
159,-0.28660829188755543
160,-0.3633588009916384
161,0.7692687562814666
162,-0.04117127200862347
163,0.7525315515252673
164,0.05706258804369768
165,-0.5035842058951394
166,-0.5587612603163385
167,0.09449942531399591
168,0.5895589721965717
169,0.3068091032154585
170,-0.4860654823423436
171,0.3642530957404335
172,1.279904009887789
173,-0.4278642259833003
174,-0.5374719105573104
175,15.691125074697137
176,-0.9205702025138051
177,0.3743152836724106
178,0.2483910362462487
179,-0.8429238481252429
180,1.423603467265949
181,0.03289891718546567
182,1.8916951887725673
183,1.5196037390524624
184,-0.9283319016142766
185,3.278474687444164
186,-0.5623781080781847
187,2.1387525285993303
188,-0.7400506299356417
189,1.0366802390996832
190,0.41674919279608624
191,-0.9666264050701386
192,50.52202217097669
193,-0.754032817762297
194,-0.6243638892919543
195,3.4675413774746486
196,3.142677814187076
197,-0.6425594557783842
198,-0.32760303264772395
199,5.009752395314355
200,-0.9233484224354132
201,0.35565735132889476
202,1.4858757401201057
203,0.4047088555391749
204,1.4485484168111182
205,-0.9184682938717528
206,4.614244771320851
207,-0.10347104724443745
208,-0.7131548873428029
209,-0.7129627619284797
210,1.8316685591584725
211,-0.33060539394245403
212,1.5305463247177538
213,5.488151832204467
214,-0.9842401826428059
215,21.813621275288
216,-0.787325539805798
217,-0.2848266755087012
218,1.5880838028054454
219,-0.9513757566829854
220,51.86304613916202
221,-0.7421068995527326
222,0.4583403276510041
223,-0.5557032386569074
224,1.2248002342473754
225,1.6049843102611359
226,-0.7300730934605111
227,15.949389418686533
228,-0.6699984401957245
229,-0.2368506787931135
230,-0.5152786647181804
231,0.13066249314583755
232,-0.12183003088154443
233,0.0834116264953706
234,0.29468669429093164
235,-0.7374513491741392
236,0.8864198762125337
237,0.22412852255951066
238,-0.28609544284820443
239,2.746633626441755
240,-0.7661390976751041
241,122.6919678276331
242,-0.9941553420489259
243,-0.6946792788551234
244,3.406749725341797
245,0.27865960267127554
