0,10.738830235799155
1,-0.946843087038703
2,11.749644282523581
3,-0.4393702452205389
4,0.06872956980269995
5,3.2312965618803204
6,-0.5594454305252801
7,-0.7664473833900453
8,-0.6299361296761955
9,11.634389881564946
10,8.379001623894212
11,-0.9026992338235122
12,-0.6470857077376142
13,0.03337339204161838
14,3.4145172690997985
15,-0.7474749864093511
16,-0.023568658475522697
17,0.24024715566272858
18,1.897541629976312
19,-0.35611188159588125
20,-0.6503557473133444
21,3.796179296518993
22,0.828838670740152
23,-0.9156534642592092
24,-0.19163886727300639
25,4.224411363765837
26,-0.8356941294937023
27,1.5287687085094523
28,-0.674973126653198
29,2.8126101811726887
30,0.05397661483892202
31,-0.25279853340923153
32,0.8355854821442033
33,2.400454984245951
34,-0.9468201391160669
35,2.2858357276857952
36,0.6185404537218782
37,-0.047175893238510125
38,-0.28203091211464026
39,0.16985329552271722
40,-0.2658858941314588
41,0.17108591768214554
42,1.133452556934968
43,-0.2107698440186916
44,-0.7350948822344427
45,-0.223938205942518
46,2.960729085457198
47,1.2341513909233939
48,-0.41716024371156213
49,0.5828520925292171
50,-0.7509438018877683
51,0.9370826111108013
52,0.04850037952935038
53,0.03287208469309855
54,0.2906765768529387
55,-0.7922351202599877
56,1.2136749413805052
57,-0.24925753765164083
58,0.6613376122507719
59,2.9004873972475296
60,-0.10835803938599986
61,-0.9437870738128729
62,-0.37390993922101434
63,4.2179728065774995
64,2.5893742002189226
65,-0.7698870424789832
66,1.0886593794700667
67,-0.5778939004152757
68,1.3372427438292083
69,0.33199911851149344
70,-0.2983757611105573
71,52.61872289480913
72,-0.9672945033841481
73,-0.9544715715545449
74,21.001049533301785
75,-0.6407664452555701
76,0.8522358975312467
77,0.23069885053364403
78,0.05749758164702046
79,-0.373113357866382
80,-0.16777715228533296
81,0.6098605591098445
82,-0.174766114254028
83,-0.0561286012909088
84,0.282051265870513
85,-0.6916089827014553
86,0.6364481011249024
87,0.8485561202665091
88,2.879813702426838
89,-0.9058858827335846
90,0.5409570500687124
91,-0.6220050712888017
92,3.8122842684848353
93,-0.8344454754436921
94,91.84735938376306
95,-0.968842274004119
96,1.057950686498549
97,1.9219966291023907
98,-0.5993778723649819
99,-0.6054000795302052
100,-0.2604606531934375
101,0.9666184627805403
102,-0.7928571498081217
103,4.27093594092011
104,4.899979527196787
105,-0.6359390793602203
106,8.83274158230401
107,-0.9470164538664414
108,-0.5946327880711426
109,2.4126157942394584
110,0.39303965407529673
111,0.10436241481520891
112,-0.8096702689382946
113,1.6164948102910701
114,0.09841128675469579
115,3.419333011666078
116,-0.7659104969122821
117,9.830569776531139
118,-0.9848248931497937
119,2.199102862029073
120,1.6205564354458395
121,-0.48159738166366695
122,1.142753931753771
123,-0.5242415411743679
124,-0.7630037420145096
125,7.293675041482544
126,0.09338176406321308
127,1.7893733337041065
128,-0.5800927170436327
129,-0.4950029405081551
130,1.3434766566995382
131,0.2321591595633512
132,0.0488293510241844
133,-0.7678988299598252
134,-0.23771422785709306
135,-0.0366446527997194
136,-0.41977969015549943
137,6.1593962753503115
138,0.10648661111117042
139,-0.7186604944832073
140,0.6761363227676218
141,2.10268425064054
142,-0.7982513495787324
143,7.771843420625096
144,-0.805696796014057
145,-0.8380705358517474
146,2.8941240353288284
147,2.3184393739840297
148,-0.3699355261548004
149,0.3571890465025147
150,-0.8786122647950826
151,1.1960897163548339
152,-0.5144736705889661
153,11.178553915313291
154,-0.7091420859024524
155,2.373383182571336
156,-0.6775203456608847
157,-0.18613287780080034
158,0.2884350160434539
159,0.491584213352368
160,-0.3678057300218307
161,0.5509609195445961
162,1.8867745024703049
163,-0.9386326214452554
164,2.4975925559191547
165,-0.21163863208820466
166,0.18256841096218435
167,-0.7364393136581644
168,5.236982988044098
169,-0.38731791374679636
170,-0.3543103958274495
171,7.037054232737091
172,-0.7830109324290713
173,-0.7414746649051074
174,4.509621803503723
175,0.01073132822788514
176,-0.4157972356253473
177,2.5188415092951053
178,-0.3930361987810702
179,-0.507828080104002
180,1.959297056474047
181,0.7230095353259391
182,-0.8737578499386016
183,-0.707257062615111
184,6.651259751619944
185,-0.4338638088067769
186,1.4174482517595082
187,-0.7269162632655191
188,1.5375334178148115
189,3.538898737271592
190,-0.937245649280606
191,0.3416954862171673
192,2.1935888665168766
193,-0.41536439183451324
194,-0.21811652349668242
195,-0.6553048446464669
196,4.00725548812066
197,13.218723085835652
198,-0.7494589334038686
199,-0.5122563534754196
200,-0.11889638348963616
201,-0.7643280130489363
202,-0.08896682262420652
203,0.5677965254492359
204,1918.0657630245125
205,-0.9998395979904369
206,2.728383849731974
207,4.5464083321980615
208,-0.10706002510285229
209,-0.9107136308967365
210,0.7180184726640424
211,1.0743841219684556
212,-0.8967741920102027
213,2.3224412384353825
214,-0.061434245439769386
215,1.9593648783980808
216,0.21864177388192862
217,0.7486783828878505
218,-0.4104254840765429
219,-0.25231155199399347
220,0.10738999035001551
221,-0.013481910290059296
222,0.7717840764232464
223,-0.35132157413934606
224,1.5971683942069377
225,-0.4626393934795542
226,-0.3050603139098509
227,0.7455288834078215
228,-0.5490600519940352
229,-0.6188665333896665
230,1.8377139972328265
231,-0.3767113828626413
232,-0.6216939063541669
233,6.181747722410185
234,-0.4119384591427522
235,-0.05819411193154944
236,0.16170768039065253
237,-0.30752502297992124
238,0.4515782639263832
239,0.16199390969837069
240,0.2091156709374138
241,-0.5577038940677201
242,0.0014210449328717623
243,1.5179851457118634
244,0.9937541992880936
0,1.2334953796630974
1,-0.7072304298953875
2,-0.6079121418558802
3,1.2512719281164908
4,-0.15078544957522566
5,-0.21328141210314744
6,-0.7096556782729317
7,4.272670740879942
8,1.0644452811211558
9,-0.9017089427785802
10,2.9449541826218453
11,-0.8651162889340295
12,14.704172849364157
13,-0.7661504282133191
14,4.241783738018067
15,-0.8560692768301443
16,4.572644276527923
17,-0.5591109772153813
18,-0.062516574988432
19,-0.6001516737659727
20,3.6092356160838035
21,-0.03397195388940222
22,1.894473986421633
23,265.6648835769764
24,-0.9998790908193496
25,241.86919679818715
26,-0.9085216809478833
27,-0.34207219526728694
28,-0.5087094678488351
29,-0.47901256294428085
30,4.165743388535568
31,-0.39551497487100873
32,-0.4259727022977312
33,0.35913389604094914
34,-0.7618456641611088
35,1.796996914190983
36,3.3381603797679578
37,-0.8026938916299212
38,-0.7653384885152201
39,33.0243886311849
40,-0.6049892315785398
41,0.2042361683636329
42,0.4931880408693978
43,-0.8877077916133058
44,3.64780078581936
45,0.1377436489026882
46,-0.8974689841288364
47,21.320079466494803
48,-0.8390954521392248
49,0.23053102715421492
50,-0.4072418925304715
51,10.608002304352228
52,-0.7642426753551712
53,-0.27588869052190546
54,-0.8655858253425723
55,9.52032100430578
56,-0.7500768176287098
57,-0.722406018355066
58,0.7615658541136723
59,19.577794171129508
60,-0.918336589125193
61,9.385306460174753
62,-0.6314489590439549
63,-0.9065587766517487
64,49.32309606745603
65,-0.7989886834889939
66,1.879085399469827
67,0.8662689327708815
68,-0.5860393003589642
69,-0.7062129763509551
70,0.1577794950254554
71,-0.4437746177499077
72,3.9519360516234023
73,-0.5514178556900137
74,-0.558777058523357
75,-0.7905278779342598
76,6.270917333856633
77,0.1915799651749983
78,0.2530860348867361
79,0.3268535207697618
80,0.014041528755055044
81,1.5705903812910167
82,-0.7860632751658571
83,0.7687531492959403
84,0.02036519799041092
85,0.19005183415818605
86,-0.8383834937801118
87,13.94274820318721
88,-0.5647109563607067
89,1.05502010548275
90,-0.7682594238986376
91,1.0242355398643532
92,-0.1535175981818766
93,1.51392009449324
94,-0.8749610869479925
95,-0.6631104181882677
96,6.6852046668706135
97,3.742707743186725
98,-0.9089399574962944
99,578.1364534134511
100,-0.990354650459813
101,-0.7105176581558121
102,2.5848712469511543
103,-0.728276602965088
104,-0.8145878039117693
105,23.520205141577
106,-0.4230544788929048
107,0.10969921031953445
108,-0.8657812190049444
109,17.056717751735608
110,-0.6177243505683713
111,-0.8136491976325858
112,0.24883945840100385
113,1.7133141244138188
114,1.9665191378456184
115,-0.7714211272144426
116,-0.32394657185959175
117,1.6221680194687198
118,-0.3179247196293602
119,-0.3576924438812521
120,0.20157447989987887
121,-0.23157671048512607
122,0.9416960963578189
123,-0.3399522508489268
124,0.6560003206105098
125,4.105402951946517
126,-0.35989981796606396
127,-0.1231108180091336
128,-0.6338494112604054
129,2.998620962651223
130,-0.4356784095143661
131,6.986079594103743
132,-0.9787547647245505
133,7.5790158561858405
134,-0.7364416345812116
135,-0.27360669509108415
136,0.622508875783053
137,-0.27222046655736065
138,-0.022913956101672572
139,-0.6431099184017346
140,6.832554378978904
141,-0.940953630142977
142,1.1773491254221744
143,16.69980059212453
144,-0.8637449128903326
145,0.9755967937109491
146,-0.0816650643456952
147,0.4311288047048534
148,2.308295757489238
149,-0.827206019183182
150,-0.6185338433634413
151,1.0620021069749668
152,-0.41096745963741876
153,8.55255695286096
154,-0.30090136378880294
155,-0.2818404346467124
156,0.5200958793050126
157,-0.2732105688319102
158,-0.6869755980744636
159,2.3437181719996634
160,-0.9195874741162017
161,2.0611387862889017
162,2.2999269400664866
163,-0.8531549817127342
164,-0.45359799272380186
165,10.191085973222778
166,0.19182227871074664
167,1.2267708451127253
168,-0.8686101825877294
169,1.360316141666237
170,-0.6528195226934708
171,2.1099302474153836
172,-0.8474387291245541
173,3.771873416501701
174,-0.618578950767343
175,2.5441723074136533
176,-0.32141744744204026
177,0.005270513539115784
178,1.1414903563084158
179,-0.6486867453700675
180,-0.0019279697953563657
181,0.4540179918282079
182,-0.335110596873882
183,0.5921376244240868
184,-0.8532981604503879
185,3.535221242581044
186,-0.17967072296156583
187,1.9581486311029193
188,-0.5097249566942244
189,-0.9117336123866737
190,4.866081126619739
191,3.8247553086647894
192,-0.8751891572916847
193,0.6463737358484656
194,0.1752445214815146
195,0.16777091771599606
196,0.3124407986706661
197,1.834066900116151
198,-0.637217704855501
199,-0.49665650828831953
200,0.32763673714273156
201,-0.07652221350587918
202,-0.2045454717864671
203,4.606610706874302
204,-0.9550790290216162
205,3.2437671527331426
206,3.4315360778880093
207,-0.7124096163841216
208,-0.15979413299118217
209,4.734165796782942
210,-0.9865039100677971
211,32.41090986745914
212,-0.5267236902209588
213,-0.7376867788914165
214,2.456900151289158
215,0.11814099811399914
216,0.04920030791254959
217,0.556503356155932
218,-0.9279259336045103
219,4.060111337404993
220,-0.8952761079563577
221,6.572042755629098
222,2.2231823443758403
223,2.7806903430538985
224,-0.22417374042002935
225,-0.875855807518595
226,2.913816126753177
227,-0.11366196485828772
228,-0.16594838722577987
229,0.5153638348506606
230,-0.37577655982285674
231,-0.625378922170099
232,0.9290626622752562
233,-0.3342664034253363
234,1.6929291152198678
235,-0.9390909672995791
236,13.498185441026934
237,-0.0494186321500818
238,-0.2902148025754049
239,3.178740305936749
240,-0.9153016492483161
241,3.2281161251285555
242,-0.7366292239259804
243,2.077509417606031
244,2.6930265119253662
0,5.205467903588829
1,-0.679926357911931
2,-0.2553147133237189
3,8.50110545442168
4,-0.9276485064457668
5,-0.3241326447733175
6,2.496594729639626
7,-0.5287028133582132
8,0.8544531355958607
9,-0.08224205202527723
10,2.4263465442988665
11,-0.36336962786234883
12,-0.829586035802019
13,15.135905440221674
14,-0.9009608630340515
15,7.048820131380063
16,-0.6182356671868473
17,1.8643079165756005
18,-0.5680351527510898
19,-0.5749777676004713
20,-0.4898411181002439
21,13.160666351650429
22,-0.86057028172927
23,-0.4651367644111153
24,-0.7334610616783575
25,32.73895940695402
26,0.014670991471169348
27,-0.6533766054195607
28,-0.6704021562982374
29,1.1754873647998343
30,-0.9309992210275053
31,3.37682160140384
32,1.8718173774753737
33,22.356307298799415
34,-0.9667232788103545
35,1.2926956166705699
36,2.589606977428189
37,-0.97927360932586
38,17.557742106160802
39,-0.6339545308546342
40,-0.5717804315563674
41,5.462814337830714
42,-0.3627663757496362
43,-0.6857500855018241
44,2.3687610522451554
45,-0.5297788359983511
46,3.6476594976434624
47,0.05360689434416188
48,-0.41943294047811575
49,-0.7608842824609028
50,0.5747253351318107
51,0.6051143799944732
52,-0.632087880262032
53,1.8167150888032286
54,2.689773740852183
55,-0.9120741010920865
56,1.4337341848593872
57,0.274493389717712
58,0.5176177348576163
59,-0.0999068543313899
60,-0.6634151652627884
61,-0.04625629910436113
62,0.8528848830256215
63,-0.16087175829021705
64,1.1116969329754638
65,34285.90759363478
66,-0.9999960692406381
67,-0.05933465458566323
68,9.330386964653238
69,-0.8330765510775227
70,5.784256893686349
71,-0.8312846330058449
72,0.7311862595151619
73,-0.325140298341824
74,1.1305965724451847
75,-0.2946198882896903
76,1.0600545954815357
77,-0.4501494591224716
78,1.9481124764014885
79,-0.9249143652600218
80,2.3791777453227514
81,-0.6557079129515003
82,7.860746884869901
83,-0.7667648635322861
84,1.8199521528395306
85,0.6457749808794819
86,-0.5968611744134946
87,-0.18994288073197685
88,0.24156412186917842
89,1.4390101248551792
90,-0.7062727237252926
91,2.943043752929429
92,0.783115512606845
93,-0.6808536943718912
94,-0.271911441988546
95,0.4320482814775899
96,-0.1136661236630866
97,-0.8505742457625496
98,3.5273212482360847
99,3.5341143959109234
100,-0.6755003865696677
101,-0.7051172012967679
102,-0.27021697782876586
103,3.071420105881475
104,1.9028145155197778
105,-0.7660622291229362
106,-0.6732423309479814
107,5.259188423344779
108,-0.8183763094322882
109,-0.029425257499911428
110,9.074792188623027
111,-0.7968595105951369
112,0.3038254045512374
113,1.3159275748656216
114,-0.12582466728923591
115,-0.39737457464169
116,-0.22545370902306172
117,0.12507980527679963
118,-0.6670248252726777
119,6.152261811522723
120,-0.4123518844253802
121,-0.3600813512869765
122,1.8629224952721781
123,-0.558213120889304
124,-0.0770080805919543
125,3.870795890622537
126,-0.24637078572015025
127,-0.45374991929251896
128,0.7467145176866574
129,-0.36391995609067784
130,1.3845948001227755
131,-0.7967386928127357
132,0.05080315296455229
133,-0.2199505646020603
134,1.6078448315221014
135,0.634725796035414
136,-0.4626226283879642
137,0.8587732388230682
138,-0.7824611270774338
139,0.15150878338349405
140,-0.3887729110228725
141,3.269152165650305
142,-0.7791624084712092
143,0.40635164890831543
144,0.9152111458491539
145,0.3896081641588951
146,-0.31327433419184736
147,0.17503984586076227
148,-0.8546325600442982
149,1.32682740806559
150,6.532425397727683
151,0.33396857276534564
152,-0.42648637777008636
153,-0.870955718171604
154,-0.3984075255564634
155,7.009190334896585
156,-0.34701763373235184
157,0.17959479056085415
158,0.6082944242759345
159,-0.5684674032652506
160,-0.4114996784875219
161,6.3713266358955885
162,-0.5624285093496704
163,-0.37984412129987943
164,0.575437952085186
165,0.11194364154048442
166,-0.614924801069445
167,-0.11257930189582077
168,-0.4768071884886569
169,3.2162671427792464
170,0.14627656593059024
171,0.9705780556255628
172,-0.6052815074225553
173,-0.4454065178300882
174,3.794486272313037
175,-0.29162521196440727
176,0.09718035739635589
177,-0.3631095462772005
178,0.1972335404557808
179,0.7993714374286618
180,-0.8188648197658348
181,0.20264413217237331
182,0.004996924870712682
183,-0.021938460686928618
184,-0.6921676562659402
185,1.173695092930434
186,0.664611258638935
187,2.287145986198287
188,0.45302281258465227
189,-0.6661751557949698
190,-0.666469743302688
191,2.8365607528116175
192,-0.24831614391771484
193,-0.2937247381330683
194,0.9426970483778647
195,-0.3077808133683123
196,-0.7521659803610263
197,1.1507558305920105
198,0.7081719853662392
199,3.1792289679838603
200,-0.9315736423620727
201,4.344294272728672
202,-0.6578589384153821
203,-0.6877146767135477
204,1.3340594025318384
205,1.0034914689831624
206,-0.2658663580352393
207,-0.27974763362456445
208,-0.0928125910322275
209,1.4957664028169209
210,-0.7423401460059481
211,9.25892643915382
212,-0.7994819797781697
213,0.8083597635200175
214,0.4174088083877501
215,-0.41253564256186703
216,3.0601319504478495
217,1.7592277987607234
218,-0.5774568156300746
219,-0.6208064215977986
220,-0.0056438900498611
221,0.17671523224368535
222,-0.6071983858863378
223,-0.6886274001622835
224,9.848495034872254
225,-0.9249278259265858
226,16.73516742195909
227,-0.276141273683999
228,-0.8420921479360645
229,2.4861967652441566
230,-0.0523007262918922
231,-0.5023164491097161
232,0.5103757762480565
233,-0.2566291723358497
234,0.12349040110132647
235,-0.4306481068306963
236,1.0447479195988243
237,2.064538514844734
238,1.2088887912201347
239,0.8796643378333602
240,-0.8487768598553319
241,2.076090217709753
242,-0.9156756797318015
243,6.058503684362093
244,-0.7493076010017841
0,-0.10136981461187733
1,-0.8400049201080947
2,5.964226476344105
3,1.803247615945693
4,-0.7434900267981566
5,-0.017392214402113915
6,2.0997579465942904
7,0.44207342650429626
8,-0.43944582585935243
9,-0.7329738798798964
10,0.8067544756076737
11,0.009430731692199767
12,-0.28982141310048715
13,0.32906147891984583
14,4.201615355192569
15,-0.8813442307798519
16,-0.10536367217633658
17,0.11447424969626518
18,2.3782629859585036
19,-0.6518812979978105
20,-0.2242096441766377
21,0.613117478461757
22,-0.022387823827788367
23,0.05257040425369186
24,0.24703716510677154
25,0.13430337389885483
26,-0.8037327322435295
27,3.692831039428711
28,0.9687438782977711
29,-0.9458814857098132
30,6.536062155829535
31,-0.6793998310881011
32,1.235041346654182
33,2.8720312767485026
34,-0.680854363397341
35,0.0846736869236091
36,0.8147900767046685
37,-0.01428891952402045
38,-0.40025159944450983
39,3.275177900616079
40,-0.6448394455928053
41,-0.43543689574379074
42,-0.06499491331168628
43,1.7128500633265125
44,0.2995220263277021
45,-0.67576097000837
46,0.4543019098379282
47,-0.5620995274642219
48,-0.220154192571413
49,3.2393567700887447
50,0.7054918360446629
51,-0.21632288266879085
52,-0.7635737575462533
53,1.5897630999649714
54,-0.20067473357842547
55,2.055752510839038
56,-0.7641320181640867
57,1.0455135077141766
58,-0.8397268307413338
59,1.7354661049354823
60,0.48815295570775086
61,2.98145545046159
62,-0.9617083069956376
63,4.210782650672458
64,-0.20753510240421347
65,1.4753040599332823
66,-0.7307030521766403
67,0.17985696114325633
68,8.235162530443867
69,-0.8910287213506342
70,0.8553578827011712
71,-0.5466174945511102
72,-0.7553027819094813
73,18.06623369854126
74,-0.8806964905969409
75,2.8663277537865626
76,0.134274044557102
77,62.15624598830302
78,-0.948228680173769
79,0.0652373435429443
80,-0.42746198987249706
81,-0.7721374259700864
82,2.2305385437656318
83,-0.2776557332649424
84,-0.41026520486253826
85,1.856925848174634
86,-0.5348689403219493
87,-0.5135714207257511
88,1.2489142163383757
89,0.5807358925653856
90,0.0006869988469817567
91,-0.5955379392369087
92,-0.5883135118113798
93,3.186892161370114
94,0.7427906167918239
95,-0.9754654284877781
96,18.426019580702476
97,21.942970993727652
98,-0.9890987029355126
99,-0.28248517344266033
100,0.8932213375258022
101,14.905632292960552
102,-0.7895654418239414
103,2.270530762136051
104,-0.3101786696542427
105,-0.9454800440611942
106,36.357033719549115
107,0.07302150154579312
108,-0.5095189396181844
109,-0.6662846026214266
110,0.2010933865990543
111,-0.06901563101294528
112,-0.3654100354794927
113,-0.30369495435851135
114,5.844669978298398
115,-0.7436879684999897
116,-0.028842456651885784
117,6.765902251844444
118,-0.09278151437239845
119,-0.5088523072293034
120,-0.47854308183429706
121,0.3861758241358766
122,-0.0176567717756565
123,-0.45044725333233604
124,-0.6365232782323771
125,0.13533070395461344
126,1.2193169202892924
127,0.4438076270836435
128,1.7260443939030359
129,-0.8310885086288624
130,0.1885881795207316
131,-0.3069622875584376
132,0.3759233035392957
133,0.5908219322426211
134,-0.664327710819649
135,8.878640050846151
136,0.0966785861250321
137,-0.3604148954802606
138,-0.5406234259802263
139,1.8427083666727695
140,-0.41110278813341783
141,-0.2404706649118894
142,-0.6215333112728653
143,4.2556131354274465
144,-0.8775717733223463
145,3.530499410855966
146,3.6765645150346
147,-0.9482841916451792
148,-0.574933344523112
149,20.28574101004882
150,-0.4993818056852777
151,-0.7950188521065411
152,1.683994845701399
153,0.8165828043030459
154,-0.4378146177158647
155,-0.6424320181644634
156,2.581253991546044
157,0.2642942232222214
158,0.5006095506817754
159,-0.8521483794099403
160,6.076845136131564
161,-0.2328318172075654
162,-0.43708065248507566
163,2.0889781640546095
164,28.220405440266568
165,-0.976019285962267
166,-0.8493084994198584
167,7.153428367940563
168,0.23276777019148098
169,-0.19395713045919905
170,-0.7968276003372339
171,4.014148874282837
172,-0.7819774537835756
173,-0.6556879492349593
174,29.80615045546011
175,-0.6980707589713978
176,-0.48407031980087956
177,0.7032811531159735
178,-0.49853374440334763
179,2.4226434565311394
180,-0.846099950798764
181,3.1180410392629954
182,0.2710694411684844
183,-0.43338136041561504
184,-0.5672892437827051
185,8.568188598180205
186,4.147022101442495
187,-0.9828668995502923
188,0.8926081786388076
189,-0.6541352345614517
190,5.087091231253441
191,-0.7161501034547985
192,-0.10913450617547349
193,0.1154319273377622
194,2.555571108086617
195,0.6731220098250199
196,-0.860907540074756
197,-0.3847699589152278
198,1.3787819529115866
199,5.5861182041650785
200,-0.4127326244517614
201,-0.5050615734902114
202,4.1047361688774275
203,-0.34430797165653926
204,-0.8481540725221679
205,0.014924232678649396
206,-0.408225003977313
207,8.299621731483859
208,-0.910121263956577
209,24.014838754366576
210,-0.931956762685221
211,2.8775852198098524
212,-0.7821843176471689
213,78.02275850181742
214,-0.9792151627079648
215,0.5635388068764611
216,0.5175953190950151
217,-0.8522598491823794
218,1.1467725093856465
219,2.436091838601402
220,-0.8805085425815219
221,0.24356757319603117
222,7.597739117139307
223,-0.7052077828813037
224,0.23049192764824067
225,-0.6359137081495732
226,7.869100160805948
227,1.7373550241150708
228,-0.9642779021595352
229,0.8443877240708855
230,0.3505444352543188
231,2.0774945256886275
232,2.7233223784026603
233,-0.936830896217532
234,2.215694242474072
235,-0.046833911250115046
236,-0.5600840217754013
237,0.5168729808847836
238,-0.4879485452042367
239,1.4191280029911058
240,-0.9653760082434139
241,33.63923704517091
242,-0.21562565792800648
243,-0.4954136054565035
244,92.42093808874571
0,0.4171366706590067
1,-0.4455638152502699
2,1.5577255278190942
3,-0.901701324318913
4,14.58813996009988
5,-0.19207903995354692
6,-0.564973903773172
7,0.4447554925237702
8,1.0861876236759054
9,-0.9024290912168429
10,-0.6770411549242252
11,19.610455084141893
12,-0.8201055501011829
13,0.502913097159148
14,0.31404348760908185
15,-0.43896119667777245
16,2.0829599764565137
17,0.6575039566844652
18,-0.8154134845372267
19,0.6585808559088147
20,-0.9130194679472023
21,31.684637797932695
22,-0.6925126435471451
23,-0.5127840698957192
24,3.168103995571564
25,-0.48674118829626056
26,-0.7491145445750309
27,6.517523382809537
28,-0.18260547338350963
29,0.19752859319370808
30,2.4927038987477625
31,-0.7733886735835472
32,1.5157101944513234
33,-0.2036761270425802
34,0.350841457321434
35,1.041533338389372
36,-0.8963005404229776
37,5.685544393741927
38,-0.6377450922719008
39,-0.40148500950218513
40,2.8317409442498533
41,-0.09417453654086694
42,-0.5305414222205473
43,-0.5377656812102255
44,6.723683858042458
45,0.5956493804924801
46,-0.9030254338429039
47,-0.1367830218747147
48,3.9459055877114437
49,-0.6779871407202934
50,-0.008113737054262438
51,1.5734401908178093
52,-0.8001261257073313
53,2.9634337230755023
54,-0.511148344121533
55,0.3125627004948923
56,0.45612569668780534
57,0.9760951683855685
58,-0.4343477103457454
59,-0.33781661623944637
60,-0.5743589666557721
61,0.5481223873297116
62,-0.050289538757494534
63,0.4061316926679237
64,-0.6036076864085311
65,3.2731848829275556
66,-0.8449140169143696
67,0.6163003794472544
68,1.020798814451906
69,-0.3191158345669506
70,0.3780885266492273
71,83.82151571923715
72,-0.936686150748223
73,-0.7984767250567103
74,0.8491604642976527
75,-0.6647131730718323
76,0.6045653412314278
77,0.5395023425301231
78,-0.06535392648736149
79,3.3305388141283023
80,-0.5056975592751481
81,-0.7664405090526883
82,2.1358807940172913
83,-0.5160858594200668
84,-0.018177035568380018
85,-0.37420200982782914
86,-0.8818161431966729
87,212.44581014562593
88,-0.9788311699990764
89,-0.595091136155246
90,2.609271419659491
91,1.2149373750927208
92,-0.4290161272767832
93,5.324448069858879
94,-0.5008373377334401
95,0.5201362775188085
96,-0.3311940184890272
97,-0.8075768162355119
98,1.7638863812662948
99,1.4470712119307225
100,-0.46431102348161557
101,0.1177825731468296
102,3.7565322182093386
103,-0.730383670620802
104,0.3516280572425645
105,-0.9424412688478796
106,5.5973297396815695
107,0.2619622495686267
108,1.57067604144523
109,-0.10328353611456154
110,-0.8152075063677482
111,0.10983607979815257
112,1.055171679338068
113,-0.35343447428922303
114,1.9590085671255615
115,1.4607452206419
116,0.04371584190278899
117,-0.6777725944896287
118,1.5709012652677452
119,-0.7893154934869961
120,0.3067975848957487
121,1.367625056426641
122,-0.6989271865882358
123,1.400902056636966
124,0.24931279359758918
125,-0.7560875312763305
126,3.6339997214814366
127,-0.7411790218348806
128,-0.14690069077386625
129,-0.6509849360884269
130,3.0668046354582454
131,2.4862624605835495
132,-0.866659421873622
133,7.4002695997451315
134,-0.25715593043907925
135,-0.9413277363921231
136,3.5291100585635897
137,2.843821494931238
138,-0.875402218755984
139,2.6398515331095216
140,-0.6395625620812659
141,0.016025694410115143
142,1.7850898900385634
143,3.060876686895387
144,-0.45156341558443314
145,-0.8030319010085314
146,3.409705625355876
147,-0.4747560949633364
148,-0.4068194923530891
149,5.810374646309316
150,-0.46153869599609854
151,-0.7713295139224341
152,0.6747323871447901
153,4.286145805945651
154,-0.8966918275170156
155,-0.6475351916056109
156,2.2045647907627477
157,1.8045885949166034
158,-0.7691327181423294
159,-0.045834821392000236
160,0.6807961773142521
161,3.8478586538273385
162,-0.7441792969993288
163,0.2473885375949576
164,-0.868694232183459
165,12.170884474000927
166,0.5812212170638391
167,-0.8302880455999582
168,8.136272638221842
169,-0.8482835397930071
170,-0.00603950700205369
171,-0.05141978226364852
172,91.85944218076101
173,-0.9827639430451067
174,0.216965486827988
175,5.923509808046193
176,-0.7146344301850089
177,-0.7284797881838094
178,-0.5417776319708665
179,11.00337214255103
180,0.024707890896332296
181,-0.936685828717031
182,11.327321224309719
183,-0.5223415796718957
184,-0.22073759708154128
185,-0.41133259691743396
186,3.950314904377473
187,-0.6606102904025561
188,0.5868427132309075
189,-0.7419172631946398
190,1.3129809938366792
191,-0.4522987265343672
192,5.191458671527113
193,0.014147170709702284
194,-0.6647189248860387
195,0.6957505302915801
196,-0.09377660102794083
197,0.09618050849531112
198,-0.247066528869874
199,0.24077570257799086
200,-0.08135740289015703
201,-0.8984817631145297
202,2.5811097945524364
203,-0.34594006457490156
204,24.35835452522868
205,-0.9596672628005527
206,0.6443667128083133
207,0.7003339807956841
208,0.9915204651372473
209,-0.6146228054404792
210,0.9810919027825191
211,0.035440235807275844
212,-0.3009869557558964
213,-0.8219419433895656
214,2.580597344930307
215,3.3771639291543183
216,-0.9551581543963502
217,3.478991580428967
218,-0.004835044452910053
219,-0.8398055701164604
220,23.994426802304996
221,-0.27038993014786805
222,0.27192392746366845
223,-0.47300302990538157
224,-0.7875434332023475
225,2.322260566837477
226,6.618203174353771
227,-0.9344813527709271
228,5.54038075720864
229,-0.8591753099623105
230,1.48112070749454
231,-0.39362443330554286
232,-0.5181027735507956
233,13.901428215585556
234,-0.6375740422347241
235,0.09171404812118955
236,0.12427140851575347
237,0.5224193649764863
238,-0.6777089287335055
239,2.930873196981473
240,-0.8923822854413354
241,0.8470789833209413
242,1.0308645558911702
243,-0.4182814283005285
244,-1083.9495215077648
0,0.8428959364315745
1,-0.8203088125183068
2,6.139264792177876
3,-0.7334696876923882
4,1.5816467356665553
5,-0.7680810355930551
6,0.0713253353944896
7,0.5327376041317855
8,-0.44397250617387385
9,0.7745727319722058
10,1.0119294548612587
11,-0.7003217383272069
12,-0.7970689271174209
13,9.885333139066343
14,-0.7135419778473853
15,0.4762811040349937
16,17.012298355461166
17,-0.6378475230850031
18,-0.6710933910888107
19,1.257443396250407
20,-0.4027536961738387
21,-0.7858286748364857
22,4.566824686844342
23,134.9698158874996
24,-0.9991910888918856
25,2.0419817240343945
26,2.923827021694967
27,-0.6865786462542325
28,1.7641449039433055
29,0.7808940860138398
30,-0.22622800262792464
31,-0.7782965943887461
32,0.8953826037580772
33,-0.06310249546951141
34,-0.5866948746396046
35,0.6470595911454708
36,-0.13006494011651948
37,-0.7233661839839589
38,6.881336224146742
39,-0.7955104171521473
40,8.988310661566596
41,-0.45523588117477876
42,-0.7874133725417287
43,11.394660791126684
44,-0.593148915277304
45,-0.818490028072044
46,10.15417601788555
47,-0.7073464303078945
48,-0.8674167140195836
49,0.9479318170863378
50,25.139323952171196
51,-0.8770642170296425
52,-0.15074281035024717
53,-0.888309051086761
54,3.322375552558592
55,0.616454410690848
56,2.3620328443789864
57,-0.5820708402293755
58,0.7567932596021365
59,-0.8045794153160883
60,1.0091238754680245
61,5.8861687222492245
62,-0.4136326769732068
63,-0.2631497515727771
64,0.9365605717143675
65,-0.9395719616300381
66,6.117671602090772
67,0.07200241198478818
68,-0.5436128925732158
69,0.5376215365053005
70,-0.5471862348960637
71,-0.06801429575645357
72,7.971610281429667
73,-0.7603954832043449
74,-0.24860399933580202
75,2.3129007372197035
76,-0.6830726033121233
77,3.9835611056313427
78,-0.784675567109324
79,0.8009730127265298
80,-0.19556130103986558
81,-0.8401290840761129
82,7.886718948633646
83,-0.7550476269844251
84,0.3114554583367013
85,1.3993254652862532
86,-0.07392157672416777
87,-0.49789037993218854
88,0.27876725680425984
89,-0.8519814470045566
90,1.9419126981440904
91,1.9587069318487975
92,-0.20646563677496332
93,-0.7196145752630358
94,0.8959683897548645
95,1.424920119932172
96,-0.2744722743878234
97,0.24361613055867815
98,2.273893999551835
99,145.36514711502556
100,-0.9974300440536847
101,-0.6405339741289355
102,15.511732197336237
103,-0.8883225857076584
104,-0.3834393107906301
105,0.6807539333171218
106,0.6659073470661296
107,-0.3862942702178722
108,-0.07139507034877679
109,1.658809852158623
110,-0.7529077016656224
111,0.560745044888044
112,0.2921924656330719
113,2.615495217838415
114,-0.20219402742691073
115,-0.8372746620238022
116,0.3226849525777231
117,-0.13566721383452018
118,1.524669471082337
119,-0.7713497935303777
120,17.470478106415257
121,-0.6078649060962399
122,-0.07336135145432143
123,-0.8545338652884235
124,0.977613949490596
125,1.9045907466026417
126,-0.35820807457628867
127,0.2284794183165546
128,1.1814051999266098
129,0.16542918242726778
130,-0.8475662505416147
131,2.8148200953344378
132,-0.6275361318860152
133,1.9587940802414874
134,11.470167545414041
135,-0.9433165905047345
136,-0.7766961751596272
137,0.8447850030440531
138,0.3373757471413721
139,0.9909537139407776
140,-0.31813612497516486
141,0.3520839574439498
142,-0.5868407099164684
143,3.9227466826949415
144,-0.8902941808051654
145,1.4026072802901055
146,0.06568022968069176
147,-0.42530954917284725
148,0.15647237831269534
149,-0.07062060385748148
150,0.7264747341712172
151,0.45560298881611483
152,-0.019870853200898875
153,-0.8432416986829331
154,9.641806559442218
155,-0.5775552142319984
156,-0.0248428823455209
157,0.9458690256301703
158,-0.9108717502966398
159,10.841708004400463
160,-0.4969576597900198
161,0.7159188790294915
162,0.5503339420322435
163,-0.7438236657851536
164,-0.5969582468310639
165,36.35393339565071
166,-0.9566425841934543
167,1.141444324558897
168,-0.7248867402817372
169,6.933398599154247
170,-0.33766246224627083
171,-0.42441225354892387
172,0.564124119718473
173,3.2636096696413013
174,-0.6830139422344029
175,-0.7711315866367326
176,3.6596250681144653
177,-0.7203572762137551
178,-0.12734761097302705
179,4.393357642890232
180,-0.8654975668735074
181,4.719759427514376
182,1.0174722450715472
183,-0.3660651170426452
184,-0.5550134199910707
185,0.958741993272967
186,-0.22672821129117093
187,-0.07358349757214111
188,1.7487219303441148
189,-0.7795247382512409
190,1.9320112017474078
191,0.018727040949815033
192,-0.7894841247541633
193,1.4209789139943836
194,-0.2989023599445756
195,-0.5468028920567093
196,1.982045347040351
197,0.18893381315390534
198,-0.3802219040373451
199,-0.48658217329266107
200,1.8567152602162342
201,0.7677549793813894
202,-0.489671985503611
203,0.16620345179022822
204,12.339189362547076
205,-0.9115962856309536
206,0.054403814690084484
207,-0.6157112501041604
208,0.2980471647255294
209,0.27008279895081655
210,-0.2733315178211778
211,1.4001160856031816
212,-0.822026789883986
213,1.0949507878042688
214,0.02149369342152463
215,1.333397278296589
216,0.12038805706599365
217,-0.47548826406182876
218,-0.189094991930569
219,1.3892521513029457
220,1.2919964767935408
221,-0.881222145711425
222,0.01900126970467042
223,0.516990757388399
224,-0.6012864760995005
225,1.6762617711977885
226,0.47312065191835084
227,-0.6302145903887395
228,2.8873010817426126
229,0.6945829665623215
230,-0.6022996554717982
231,0.17858132167886986
232,-0.46644233211798547
233,-0.14247283417424517
234,0.14858081164015946
235,2.2539604588178648
236,-0.4644371315398199
237,0.4315242358633171
238,0.08494141098419616
239,-0.6233151772457358
240,-0.5928132803653388
241,0.7992249320359097
242,-0.052656989555949996
243,14.460177539988209
244,-0.8803439755430802
0,-0.6710476561781877
1,-0.17849032800444042
2,27.449002065897044
3,-0.2790962479199759
4,-0.6310481923750225
5,-0.06958983194452117
6,1.8920985673975985
7,-0.2113052981025325
8,-0.8662388910016892
9,1.5815804952814876
10,2.45940643533967
11,-0.7703799746644477
12,0.12658888739427043
13,0.16430040579962957
14,-0.25462735062348485
15,0.4188990072027343
16,0.13948754498168037
17,0.109021471113119
18,-0.3048318722447787
19,3.657017535086754
20,-0.6910104129932545
21,-0.3592017176784813
22,-0.8311441958445345
23,4.955274101489226
24,6.047120668710644
25,-0.8824929774804302
26,0.6923513483475161
27,1.1603288956800792
28,1.834012237502244
29,-0.9423768783243432
30,0.506997076002482
31,3.5781441636501974
32,-0.9335776444879039
33,0.8113649401207226
34,1.7515018179417958
35,3.946082702190691
36,-0.8489492115195482
37,0.2102148362506524
38,0.5844174619317282
39,-0.6919305927403685
40,56.398963116108675
41,-0.9622488272892544
42,-0.3018070371800746
43,1.682447974800232
44,-0.04097969650969091
45,0.6041491474874436
46,-0.946767378121828
47,7.452295402599114
48,1.0379068897897055
49,-0.4772552936097425
50,-0.656866359512346
51,0.875676795905419
52,1.7562052205092762
53,-0.8426243114215113
54,1.0241755071415652
55,-0.6965266388504922
56,1.923872302577581
57,0.3698677505151857
58,6.001990033603373
59,-0.8902438533956205
60,0.048465981906312905
61,5.3249641453616645
62,-0.8395958486046113
63,1.6225281425262206
64,-0.24048623055387153
65,18.590440427821108
66,-0.9431514144130696
67,0.5056059454667727
68,0.9008396449936285
69,-0.7075988459168672
70,-0.4212210218403404
71,-0.5080240005195933
72,-0.3444145265395594
73,8.423077268713337
74,-0.18624632569397392
75,-0.3084872111756406
76,5.216322001953181
77,-0.9567003548226315
78,1.4223489717580127
79,0.0007731254024467837
80,-0.06435659877094246
81,-0.8075334729144614
82,1.352923810179075
83,3.779254298742612
84,-0.7948172800172546
85,3.3827786756887104
86,-0.8168748842270934
87,9.071361184120178
88,-0.7309666363275773
89,3.3347985757428145
90,-0.45245103919808516
91,-0.8973643303034428
92,2.701347627531762
93,5.843521379137379
94,-0.7095643798523542
95,-0.8415991745467755
96,3.5167521180837564
97,0.9428547296963445
98,-0.6235638185627679
99,23671.362663685984
100,-0.9999623160184907
101,0.7346096954735672
102,0.6945918672686024
103,0.31937366357531216
104,0.7911153844276191
105,-0.6993513232892913
106,-0.166306544456708
107,-0.5855618538438809
108,0.7628830002694804
109,0.332957495597479
110,0.4578983203326974
111,1.0829774193297936
112,-0.9822928973155639
113,10.162157895779165
114,-0.380136384118974
115,-0.14094296781324767
116,-0.25919372390297046
117,0.20794172572548075
118,18.879778656551704
119,-0.8589017735850242
120,1.103980811866554
121,-0.4650551080010976
122,2.395799477414816
123,-0.7876545319074763
124,2.3277875005226956
125,-0.4437350886332381
126,-0.5822323270919854
127,1.1535674356504835
128,0.865542012371777
129,0.9400164153755661
130,-0.6388958251278704
131,0.42570598027489015
132,-0.727506477301709
133,7.129635309238951
134,-0.3522301189926379
135,-0.027119922766009052
136,-0.750646580993434
137,0.9629054330396498
138,-0.16219920771842777
139,0.6148384055504601
140,0.9104531279073897
141,-0.9270858269849714
142,9.937671661376953
143,0.08371307891179325
144,-0.6509638363868421
145,0.2413032472226
146,0.17836859080223988
147,0.6552154741755627
148,0.1094785137329739
149,-0.7391661296619296
150,26.20985373711107
151,-0.981552854897485
152,9.801886105708991
153,-0.685472345138498
154,1.0288485785536756
155,-0.8565643511454646
156,3.9355835122178604
157,0.17077655766549538
158,-0.7773698498109817
159,0.6241345630928541
160,1.5841095825069718
161,-0.8266532684347514
162,6.470571860645491
163,-0.2870247820942793
164,0.9810930464479628
165,-0.6833060752011
166,-0.222489920029324
167,4.069523281239581
168,-0.8721885076307501
169,1.088638920261189
170,-0.8478544420439774
171,14.341242324023236
172,-0.8615327732417211
173,-0.6035099365678932
174,1.4230767694047657
175,1.2940781220039992
176,-0.23282236488687758
177,-0.5825520812641135
178,4.769928416784128
179,3.8186793257187084
180,-0.9510901347925456
181,-0.08078920647510546
182,4.313514647612648
183,-0.2873697578178104
184,-0.43762408644592765
185,0.20665676916854903
186,5.694004923378835
187,-0.9583705814534452
188,1.9252698172009182
189,0.7620824930703038
190,1.6910429525284494
191,-0.697047645777929
192,-0.6028796975196933
193,11.200276349425106
194,-0.7575877003114462
195,0.2064899700156997
196,0.07625672951601348
197,0.09632375264925686
198,-0.8424584667340791
199,4.136852926289691
200,-0.553540379166396
201,-0.07495522797436593
202,-0.3857058082757505
203,7.262153328347642
204,-0.5983443924302676
205,-0.5361720938991634
206,4.429057335393867
207,0.41067742507659033
208,-0.5649126187324056
209,-0.759794560503706
210,0.15639793872500607
211,11.666151949218314
212,-0.4526974650973353
213,-0.8660769232598227
214,-0.3880826319875581
215,-0.5924203633370814
216,29.155459522010485
217,-0.36063266927126825
218,-0.07650004214661388
219,-0.5087237945844576
220,-0.2787041435342337
221,-0.08153197532651435
222,1.3065499808284038
223,2.248428824388862
224,-0.7336581407246449
225,-0.6036875872377667
226,6.9053501507185056
227,-0.6949095509847005
228,0.3753057302789482
229,0.04078091901215619
230,0.16125968705741367
231,1.547871737391016
232,-0.872817159795976
233,0.010588180537966618
234,5.0214788989595
235,-0.7281999969482422
236,0.0023916769145138073
237,-0.4155996405756497
238,0.9993310739509487
239,-0.31706498698549057
240,-0.03287023454493021
241,0.7946695561282537
242,-0.5214582259519187
243,0.9327476923691191
244,454.8161529472022
0,0.8586293213530996
1,-0.9624501240003037
2,134.73738489930957
3,-0.9686573716769845
4,0.25661618358065796
5,-0.16280184890151306
6,-0.2530373692584268
7,0.8923383636442339
8,-0.4742938328526418
9,-0.4756733352448981
10,1.2465236750809345
11,-0.2248194041939766
12,2.589335612661408
13,-0.5125146479859775
14,0.03749049602999377
15,-0.4660978759607389
16,0.5563765048645464
17,-0.32926490690354504
18,5.82529501682527
19,-0.9256941646037425
20,13.084741770303118
21,-0.46432554476833443
22,-0.8119444252541123
23,-0.13544576017088206
24,1.4738265540514077
25,0.2779162982134187
26,2.015012496556991
27,-0.7647516588357314
28,-0.27452878058602015
29,-0.7897672166566944
30,2.8147359766616797
31,1.5396611860874474
32,-0.6733268239125458
33,0.8754542496198112
34,-0.6056464260740275
35,-0.094507423619415
36,5.5539204196109235
37,-0.8914839696949712
38,7.579638475280495
39,-0.499504544460204
40,-0.9003968880732951
41,0.22794118459146318
42,2.3762474585698232
43,1.3960981702358657
44,2.4048852124858344
45,-0.14071530881135375
46,2.574049602042736
47,-0.8364362850573397
48,-0.7248445764543464
49,-0.6550525286601405
50,6.861669620116521
51,0.27387365063653224
52,-0.38763883065280147
53,-0.603628962153452
54,-0.8143003835291668
55,11.045274933144459
56,-0.7651956664691862
57,4.2031579790199025
58,-0.241860561853515
59,-0.730427801373667
60,6.462472375512543
61,0.12716995919516605
62,1.7542802980137613
63,-0.9408745212780293
64,0.48759461609165267
65,0.5416447878971375
66,1.453165902603713
67,0.2177875254414825
68,-0.4892901662617898
69,-0.4697110713931456
70,-0.6458587683734274
71,104.65034811662959
72,-0.9744433444687104
73,1.0229982111709228
74,-0.5838562313365205
75,0.23416580665161058
76,1.97915066103748
77,-0.7945377674684848
78,0.4059103752854045
79,3.810336061131852
80,-0.6131349726805091
81,2.4532436257893258
82,-0.612417970572882
83,-0.1416990025346785
84,-0.2531453686398515
85,-0.13309517866553033
86,0.5924548022735447
87,-0.46411755659171616
88,2.2666941541577366
89,-0.7758130541403583
90,0.03247868199634585
91,1.8505463449155464
92,0.8780895418829662
93,0.7178728761150033
94,-0.8037896021822141
95,4.3573794760266145
96,-0.8715128251090454
97,0.5953767633596672
98,-0.046910127500114474
99,-0.8964507057280411
100,7.161497174069968
101,-0.3740014710113976
102,1.7086524778040748
103,-0.49885553583441467
104,1.3410293194493406
105,0.9591045691855902
106,-0.7432912077120993
107,0.6732494664216959
108,-0.6640273194563822
109,2.382666609553275
110,0.2542658084963252
111,-0.606922169540709
112,0.4753242618752165
113,-0.5603965044865504
114,1.6661068626647797
115,4.13297582924287
116,-0.8790381572300723
117,1.006006631810095
118,-0.6387941375548801
119,16.579765326683404
120,-0.824910411935179
121,1.301862526410941
122,-0.8270935628057392
123,-0.06602224467738571
124,0.18514324701236817
125,0.9605223714879714
126,0.20299895417242797
127,0.9693153200946643
128,-0.6481586735250091
129,1.4455827765167233
130,-0.5983114464515176
131,-0.1261104595886533
132,2.832204982221427
133,0.21899176716044844
134,-0.14883310789626203
135,-0.8696667323967318
136,0.1858537929137294
137,-0.41876884548999516
138,-0.07552804480751218
139,3.7397744152007
140,0.997471382073569
141,-0.8146218773629628
142,1.278215259799989
143,2.9028824162933415
144,-0.9428577661123677
145,5.885901974169086
146,75.79092649332813
147,-0.9955678946993882
148,1.5001931296489883
149,0.6956807058692285
150,-0.8188466906902162
151,2.086732783977472
152,0.06472451535630341
153,-0.5816312069927181
154,-0.45980707362631557
155,-0.12612721372125424
156,1.2250887400739194
157,0.5408176419040593
158,-0.8609272800647882
159,8.51990479605106
160,-0.877116276341288
161,6.287787910807981
162,-0.09571590043445899
163,1.0476005401837347
164,1.920129454167256
165,-0.9638445441967043
166,4.749446614583333
167,-0.857079411752514
168,4.716686143596426
169,-0.3019940264283363
170,5.199285013207703
171,-0.8721717985033753
172,-0.744890097714958
173,19.453651498825636
174,-0.47891450399345625
175,-0.24248902418818286
176,-0.24282058172509857
177,2.138354785339003
178,-0.6521044471178465
179,-0.8487253875427498
180,4.8210079109170705
181,0.29500660299939074
182,-0.5699977465557582
183,-0.4506233792176242
184,0.6947878242825056
185,0.40290494217360817
186,26.476091674399143
187,-0.7494529468151302
188,-0.08135310165676757
189,-0.9234678779558947
190,4.478440979081126
191,-0.14790523736774164
192,0.125901500170285
193,-0.8822331026806679
194,10.968078838371097
195,0.9141173866048578
196,-0.7554241965514625
197,-0.2421764287367717
198,1.1268092955848026
199,-0.1581851242802489
200,-0.9158795589063415
201,13.217207735679123
202,-0.8811669804016351
203,2.118764180706129
204,-0.7157436489452118
205,1.5862206090800037
206,0.6535834165083441
207,-0.6876610782649123
208,0.015480896618106366
209,-0.6113989531694632
210,5.589535591337416
211,5.713187378241219
212,-0.2866100193378841
213,-0.8082086967767084
214,-0.8612158756289157
215,17.25396839212969
216,0.8994020323822465
217,-0.8518576303282629
218,4.335188199900556
219,-0.9040557839568294
220,6.546532461692482
221,-0.641739501953125
222,0.7854236303481925
223,-0.34906246175741384
224,0.20403683334658718
225,-0.3603964318183962
226,0.1439292342583951
227,1.7666468166517988
228,-0.750705985430259
229,2.5912588519767934
230,-0.3676964789223587
231,-0.8294079175828037
232,3.226828901586165
233,9.286482690659314
234,-0.7098498552472237
235,0.617705835126197
236,-0.9164000034332276
237,0.29596462278814006
238,1.2170403032459087
239,0.38365254756179445
240,0.9257811255073192
241,-0.3716567299581768
242,-0.29664826133369027
243,0.42715482307519026
244,-0.6502368834490899
0,-0.713327646268849
1,-0.30383791929477755
2,1.652698538868853
3,0.3548099377583138
4,0.5236207416617182
5,-0.8475272175411481
6,-0.6268575905575968
7,2.394474235958272
8,-0.2304861952526993
9,-0.2471657981159019
10,2.0045980911755183
11,-0.11310821263681614
12,-0.6588681831289067
13,1.8392524151289713
14,-0.15189585667649763
15,1.6882679552833055
16,-0.6947202075566647
17,-0.49471225820246223
18,8.953633512535589
19,-0.7929963533687712
20,-0.4547362532473903
21,3.690830004386773
22,-0.5949563436468526
23,-0.3890861426789054
24,7.265312281110459
25,0.0023892355260337617
26,-0.41556863099056307
27,-0.5147303299001035
28,0.3511228172568761
29,-0.8127216478652652
30,3.458291821628757
31,-0.08999131878048172
32,0.2787686474976394
33,-0.4920044786922697
34,0.4498016746953335
35,2.7820155305360523
36,-0.9458917239915436
37,8.454369607502095
38,-0.417310279045776
39,-0.18611154097149862
40,-0.598689118650693
41,9.858667422940192
42,-0.5839060628221012
43,-0.35617272112187937
44,-0.6399897915216904
45,0.8265589145578516
46,2.803546833392517
47,-0.7149817543399116
48,0.06181619225811685
49,0.2657398684116692
50,-0.39293663746304663
51,-0.8675912987498954
52,5.681741577629792
53,0.34109642936436413
54,0.2552200405009071
55,-0.5412388004632376
56,4.929022451380227
57,-0.498175027169669
58,1.6828235093510022
59,0.44124269757188017
60,-0.7833697257132366
61,0.5349029038832875
62,0.15735176549397978
63,1.2915831288200246
64,-0.9780889183567324
65,1.385659626001785
66,6.150274231524536
67,-0.5982285016432716
68,0.27204950680061635
69,-0.7264705868603311
70,0.24790148920177435
71,0.4465842499374386
72,0.43901380323829575
73,0.7453835596499301
74,0.640973657013111
75,0.2697592749174551
76,0.3958440926649942
77,-0.6842965578841733
78,-0.2911309945337692
79,3.6864562950148176
80,-0.22122751301409838
81,-0.33968343132006595
82,-0.3293708237614039
83,-0.09771581774253246
84,-0.27801076137551184
85,4.204393244540514
86,-0.9667518119356071
87,2.0466667811075845
88,3.4179404704827903
89,-0.7132242100057959
90,0.6950154457356841
91,0.49822521987367896
92,-0.012529007303249018
93,2.3407542747859016
94,-0.8907760098501709
95,3.4187841564543247
96,0.009610353727571797
97,-0.11553799115951724
98,-0.595223441685423
99,10.44002151190442
100,-0.6722192468080797
101,-0.6948997440999547
102,0.5786934494847762
103,0.013000905901274118
104,-0.19071284586296777
105,0.6000630987292508
106,-0.7762105374471518
107,1.314561182809817
108,3.0971932816558834
109,-0.7649622460565833
110,-0.8190000057220459
111,9.000000526891904
112,-0.3920411032567924
113,-0.09565478684643036
114,3.6059625606508243
115,-0.6806156690029757
116,0.3357628597211413
117,-0.571663482539362
118,1.7171311955515307
119,-0.7694713041157881
120,0.6356011753649176
121,0.6452130837370595
122,0.4088301015382545
123,-0.8189522405970795
124,4.643811244236995
125,0.18681320434563897
126,-0.3353902437539277
127,-0.8881291361573626
128,19.857818699741653
129,-0.9293833451872224
130,8.87371772260106
131,-0.48592424607225904
132,1.060540061301121
133,-0.46325249758877374
134,-0.5029482374502136
135,-0.4098102606475198
136,6.529312021160024
137,0.492664156063259
138,-0.8247031248476006
139,0.5299169914973758
140,0.9669885380293499
141,0.5657714221961905
142,-0.7905263015199495
143,0.8601071266663638
144,-0.5983287458644896
145,0.8268101433421249
146,1.755947060740021
147,-0.8672035425609124
148,0.7729237374391857
149,0.5845724110821424
150,1.1521281578513953
151,-0.7651378075637392
152,3.479158401489258
153,-0.5955382804453264
154,0.025700964309722796
155,-0.6387202751829285
156,0.17966391265971904
157,2.104872623617897
158,0.09528291186865423
159,-0.4621693550234969
160,5.468563717382067
161,-0.3767349743350795
162,-0.8755998137766763
163,4.046903487639134
164,-0.8028946707095268
165,2.1940930330913684
166,0.10087421456569601
167,3.180126116804505
168,-0.22206633442214707
169,-0.4927438344640538
170,-0.6626659166566264
171,-0.00033929988082015416
172,4.544211999314363
173,-0.5993839368592071
174,-0.5432984334649917
175,-0.3510488028604204
176,0.23143730144535746
177,0.8522718517538783
178,2.23364801646672
179,0.6952961561158311
180,-0.7060303420151295
181,-0.5709939746047776
182,0.2835082973994649
183,-0.5085383472858134
184,4.1006668676529
185,-0.7371051945792991
186,2.384938594137718
187,0.31709445937081804
188,-0.6735370869590372
189,-0.785758382227653
190,2.579605898121576
191,0.049792300996930994
192,-0.7447225076270787
193,3.6642516933468805
194,0.5025837872617938
195,-0.9289001435418615
196,6.314877945619443
197,1.4875375485217175
198,-0.17869522401641347
199,-0.6431237611733203
200,10.750519275276769
201,-0.35368970753195417
202,-0.9528365127304431
203,4.829525332174289
204,-0.29467163857540724
205,5.834375966341084
206,-0.7209107654794351
207,-0.14735623220366978
208,2.208566764776624
209,-0.692718621806193
210,0.9788168128415862
211,-0.6300767286675226
212,1.2269306641338495
213,-0.3899770386077933
214,-0.6763055751112915
215,3.5279862580475996
216,-0.2977010282227922
217,-0.4883699887031916
218,2.416126429724095
219,-0.4766977113594988
220,-0.13832425020400374
221,0.01903326132063654
222,-0.33050088729548677
223,-0.5066404369025298
224,7.064071154325557
225,0.6524863252752677
226,-0.7311408620242905
227,2.2244818764118652
228,-0.7393060989473599
229,5.595159750134664
230,-0.8834433138678365
231,1.2046348972065193
232,-0.5399316828911105
233,2.575586680815009
234,-0.8688490063882888
235,11.745829015085965
236,-0.8864549248164889
237,5.499502768880847
238,-0.35843160933944085
239,-0.6749563450488548
240,0.9689271129696249
241,-0.29588668916528793
242,6.939580892793608
243,-0.48229904808826396
244,-0.8720242142575326
0,-0.6595387262427541
1,0.3433018380121913
2,0.17788657103138972
3,-0.49988075979064894
4,1.3726177558033408
5,-0.7342857801154001
6,0.6368232988013875
7,0.5228434760677332
8,-0.7275247582341277
9,0.29723832625724556
10,1.4005601834954904
11,-0.26721115129080997
12,-0.3312102437981749
13,0.38102913119433257
14,3.103136999940963
15,-0.9059224568024971
16,30.29087754048403
17,-0.7860314469390643
18,-0.5078117718418478
19,1.949455941492261
20,-0.23812643389135268
21,-0.4541532121546228
22,0.6640785456688276
23,-0.39077238387878244
24,3.0872318727255497
25,-0.3405988566080729
26,-0.7991297413147878
27,-0.30944618953973
28,11.532151602053496
29,-0.8704709754052177
30,-0.4629493889233798
31,12.824491041108917
32,-0.876385424597637
33,0.3052837381643374
34,0.3559770405174796
35,0.16742737958589382
36,-0.4511430613588997
37,0.9551093770212036
38,-0.5804807986590099
39,0.22021932139273193
40,1.237755438779784
41,2.281759606873136
42,0.8048275371034688
43,-0.5043408703336296
44,-0.49653459483105067
45,0.9628187195900479
46,-0.7570006915288827
47,-0.22818167652824994
48,1.765775114884832
49,-0.061257568202933044
50,-0.6444111617287311
51,0.9361957226877926
52,-0.3310359284124499
53,2.8181530724384687
54,-0.6589775112704395
55,2.857842590026406
56,-0.3878155652261105
57,31.161833409512184
58,-0.9870400905128014
59,3.3587220288491118
60,-0.566980978676251
61,0.47386204852590974
62,-0.730468811660866
63,-0.16882380273343467
64,-0.8576883140704782
65,53.31531303424344
66,-0.9232874390842225
67,-0.27980107069015503
68,8.215888228462411
69,-0.879217462188782
70,2.3494613970575475
71,2555.7732744835866
72,-0.9995277845771533
73,-0.3300515811169329
74,2.2591684481077574
75,-0.6846591046878646
76,1.2744199070663584
77,-0.6569928366287003
78,1.9234702404767057
79,-0.6919620874778416
80,5.538489921584553
81,-0.6383600367294495
82,1.7634711875932005
83,-0.8877767929982595
84,2.9161285161860477
85,-0.30220049485505907
86,-0.5707499437823251
87,2.0939491654641462
88,-0.8981690058857698
89,10.984944297240455
90,-0.8004031731464791
91,5.488862491306028
92,0.20418260956399092
93,-0.4654181120339733
94,0.3379956478876087
95,1.437140643752457
96,-0.7443599521847378
97,0.35329206541499825
98,-0.8767955174290134
99,-0.11756279740462916
100,7.18358333869536
101,0.6374252048978599
102,-0.4916841951987535
103,-0.1951982590042346
104,-0.08680901926137863
105,0.6455627928122532
106,-0.5127692344793947
107,-0.46617778536567267
108,3.03032996929457
109,-0.5724703381370426
110,13.536573476040175
111,0.45105386970557815
112,-0.976477352189831
113,0.4685686283892885
114,6.787858571427121
115,-0.7858636591453005
116,17.73266781447888
117,-0.9590068357070775
118,12.311896072528684
119,-0.8757367907401588
120,0.2604190718970747
121,-0.1132394121957423
122,5.073092222626913
123,-0.8715720495458199
124,0.4291894542605834
125,4.54349529964986
126,-0.9337073171041845
127,0.6253277407519762
128,2.117960550386495
129,-0.6750472906921685
130,1.28387179252258
131,-0.36414153457367704
132,3.976985051081731
133,-0.9346272938308564
134,3.6440108707445784
135,-0.7447834665151927
136,11.587284705422817
137,-0.7055812734033333
138,0.39081017054822564
139,-0.038114819409286516
140,-0.5896037332852009
141,-0.08803185303442185
142,0.04815324306691471
143,0.16784770998180432
144,2.6491881784041063
145,-0.47584469162197385
146,-0.5865695952313627
147,0.5072172657414931
148,-0.10694693427785562
149,-0.35929790894838964
150,6.252466379068998
151,-0.7855576825952524
152,-0.6497764881253912
153,11.731656019326577
154,28.137398310741332
155,-0.9943986584891348
156,0.2189768515459123
157,-0.6595111153800071
158,-0.42302508066707634
159,4.273887782899984
160,0.17625805317435383
161,-0.49164215757031204
162,0.9369849056201318
163,0.21296581972162842
164,-0.8851206876030066
165,13.585117047683468
166,0.3453449777560498
167,-0.579907697157465
168,-0.8090332221039391
169,0.1935122864903096
170,-0.5275877602602164
171,1.4088049328952934
172,30.60867576384002
173,-0.9386345245057466
174,0.3351324234347455
175,1.6399786596409238
176,-0.47680132984434465
177,3.0911097295595393
178,-0.8098534184209392
179,2.368681454389468
180,-0.9484698297845889
181,12.574501068856252
182,-0.8273469063645107
183,-0.6508964821469008
184,10.582238765618266
185,0.24846511626068413
186,-0.22416516591750957
187,0.2572356192505687
188,-0.41490610765906266
189,-0.4731474432067886
190,0.6486786717044031
191,-0.7420150654167821
192,13.943753122046353
193,-0.5533201957844212
194,-0.5706434791733956
195,0.28969876324356725
196,-0.3611262986665734
197,-0.42570103719175956
198,4.092386676006382
199,-0.4397746795217127
200,-0.8180958380324115
201,5.0366416674099606
202,0.8132123226092614
203,0.21709899821478262
204,-0.2574133762506311
205,-0.5270418280843419
206,41.97661334066639
207,-0.9578421698463445
208,2.831174526960429
209,-0.6795363723819299
210,0.4631676237064608
211,-0.2537368774414064
212,1.2501831704053878
213,3.0072451647213265
214,-0.9791520342576174
215,2.7573574665062943
216,0.02382007775665773
217,2.682036157626867
218,-0.9074014544105751
219,8.560386382762008
220,-0.4899658157660596
221,-0.5266791746816387
222,-0.5654631007131498
223,2.2559908668687076
224,-0.13600058562737272
225,0.5104595020698408
226,-0.7260043971481392
227,-0.006797356051417847
228,3.5233857965365276
229,-0.4819825664980456
230,0.451111111111111
231,-0.7882445848006384
232,0.8756447431894994
233,-0.38347574548568797
234,4.741839995037792
235,-0.6641689920488507
236,0.04573423071373295
237,-0.18215977535454297
238,-0.10909772753188329
239,0.9244241908088344
240,1.7551321220540714
241,-0.8138267340968768
242,0.4338879469692929
243,-0.8935397997206765
244,0.0083120405360253
