0,-0.5774499548817018
1,2.384008345727835
2,-0.8075205723950957
3,0.7060360394019722
4,1.9690269750287768
5,1.3654107202024623
6,-0.8989434597018716
7,0.7189822531306889
8,-0.059142666777824315
9,1.8366476484185945
10,-0.6296823665543294
11,2.052640188274186
12,0.04306462170798908
13,-0.11583626770482691
14,4.949371671728704
15,-0.901435386339993
16,-0.5093636020760923
17,-0.11859323998763138
18,-0.32229277205151097
19,14.088195667571272
20,-0.8882671915348139
21,6.3929937615492465
22,-0.022823622546047084
23,-0.14011879188241505
24,-0.9311001748231345
25,0.5809900617413368
26,3.046203773858842
27,-0.7886999209889461
28,3.1655501595178412
29,0.885855148165281
30,-0.029629194816655602
31,-0.24778406109893802
32,-0.6685350786815821
33,0.583342771221173
34,-0.2935446935852114
35,-0.1716218085753327
36,7.1068253746052115
37,-0.20856026361266722
38,-0.5412930982888682
39,-0.8798688212796172
40,1.1965583868171956
41,-0.02669061235225134
42,-0.18397908622923476
43,2.7232153300277666
44,2.0562400826488543
45,-0.7309544801809099
46,-0.11074271169472139
47,0.23214016755280542
48,-0.06060303522418575
49,-0.7104822779978419
50,3.2575136206411006
51,-0.6640925157615893
52,4.5690709271730965
53,-0.6948203399475699
54,-0.6709758286155686
55,0.2765076500790673
56,2.1091102396006187
57,7.482234051689888
58,-0.9702677175586403
59,20.200396832362006
60,-0.6713597190200439
61,-0.6659205140963393
62,0.15666067962912078
63,4.361492149411259
64,-0.37087484387350633
65,0.013431944247763505
66,-0.7264926742332736
67,-0.3678733996345479
68,3.7292002637749837
69,20.50930883204147
70,-0.9191124517383384
71,-0.8860354523095655
72,1.7322667338708406
73,0.672791718903677
74,-0.35941351917095443
75,0.21582538732255196
76,-0.47764448178196794
77,0.7159284479164303
78,-0.460965849265342
79,0.5760705063409914
80,-0.6948305991683872
81,-0.5475824408060515
82,0.9191411021674689
83,0.24077277735250258
84,1.115069922917939
85,0.9211521342922349
86,0.17693818076676138
87,-0.5330578847880163
88,4.94590614517751
89,-0.8440291391544048
90,0.8030022517366107
91,-0.6948311016808209
92,0.018165909670944558
93,1.7867388042481367
94,4.38061267923393
95,-0.6394337034816047
96,2.3630184798594023
97,-0.8442871061951348
98,0.039784303186914505
99,0.911125649771986
100,-0.22031835889958484
101,-0.499920238494873
102,0.4380180954969375
103,-0.6830403162717948
104,0.9188034587124114
105,2.8397024134471147
106,-0.8126382683910256
107,2.743932136988771
108,-0.6088371540365436
109,-0.4288988574226438
110,1.2534062151881207
111,0.42744993145445664
112,-0.5410597473601017
113,-0.5257886861518214
114,7.822847291863772
115,-0.6480802514425578
116,-0.5647198061546939
117,2.6820737795876646
118,-0.5218002128600382
119,0.6565573070093751
120,-0.8705832572534272
121,4.562245961460175
122,0.5645851352437692
123,0.6257914303379226
124,-0.79439950133504
125,1.366317247113706
126,-0.24039771141929966
127,5.564619398266954
128,-0.39817437834062797
129,-0.7974016565352484
130,1.110756293624375
131,-0.08225938359139862
132,-0.3298114657095067
133,1.2637336286719942
134,-0.6051524714057748
135,0.007791240587745829
136,5.562476116677989
137,-0.7889112289325587
138,3.9476823996566184
139,-0.6524584708605301
140,-0.4146401357470588
141,0.8648309215149463
142,0.41799721663136324
143,-0.9433905435159831
144,5.177099905888184
145,0.33107560631935873
146,0.04768269578627149
147,-0.5648657881214405
148,0.08791561837065798
149,2.0798089632538104
150,-0.5895588594400502
151,1.6066518694562002
152,-0.5029795194849173
153,10.40709326625051
154,-0.9133677242008099
155,1.2324069691024828
156,-0.5424728198388338
157,1.739310547904942
158,-0.3614467596770671
159,0.3562078237431061
160,-0.6644939072409735
161,-0.23697150366250985
162,0.6428376336188024
163,0.002879163200127266
164,-0.6757113642259768
165,0.017142886207217156
166,3.736839116218964
167,-0.68429490550961
168,8.035856030353548
169,-0.7340205971331145
170,-0.4614926733638858
171,-0.14136803054003455
172,3.852939966841679
173,-0.611060171658858
174,-0.8775629214386442
175,3.191495212553421
176,0.02828176900412882
177,0.08337425425656608
178,-0.4093462968065992
179,2.4112914520770756
180,-0.8525867264548672
181,8.201303739473577
182,-0.5208619753548194
183,3.0737336511522813
184,-0.8470231357052409
185,3.5355724097153436
186,-0.9104906335426082
187,2.8833946878772663
188,-0.24604171885336434
189,-0.6394545492103398
190,3.075312588163862
191,-0.6362166701778058
192,1.352687167823611
193,1.81073654304807
194,1.2830414099229754
195,-0.3502493062894355
196,-0.4389687874456156
197,-0.51461895623945
198,-0.02020368817625451
199,0.11983904108328236
200,2.9137092324699183
201,-0.09987048621970784
202,-0.7839547059145614
203,-0.38267218582748397
204,-0.33994699474633994
205,1.7473209015062756
206,-0.5658238410604686
207,-0.38092096300412903
208,1.4915978142648827
209,-0.10881906441571232
210,1.212236453233713
211,-0.046276595587122826
212,-0.21593359128983947
213,-0.15295309430367
214,1.5266670321825178
215,-0.4007533497824275
216,0.8293802520044928
217,1.7042548264512325
218,-0.9138871170869582
219,0.20971869031609391
220,1.04109565166076
221,1.0672639316820636
222,-0.8359693643166974
223,2.3773201427684536
224,-0.1604710108205495
225,-0.42009915500658623
226,-0.3638966892994664
227,2.151567556036581
228,-0.5915695748547041
229,-0.22298537898969895
230,2.614106281057298
231,-0.9291501236769826
232,9.752944946289062
233,-0.03763728163636637
234,-0.5672047120434824
235,4.263258049892158
236,-0.5519922580947938
237,0.5922139944452469
238,-0.7022454985783432
239,1.8914225061544374
240,-0.44908890910930943
241,-0.337248842868789
242,1.9553206107999634
243,-0.6876330447753551
244,0.9806411175460512
0,0.17893015826938252
1,0.1731655618391963
2,-0.31028665660687693
3,4.499816009889025
4,-0.5666648651915493
5,0.07321945070621938
6,0.7225342674701023
7,-0.7319114556544195
8,0.2760844265888329
9,-0.09207092325411081
10,1.8801462991610207
11,-0.6819932722013616
12,-0.32081788277960266
13,0.14664536820761676
14,0.9526658789759135
15,0.05194489647223888
16,0.7463416552103426
17,-0.2833580707854172
18,-0.6188412467641583
19,1.0475150173298555
20,0.7731703559650855
21,-0.31766741433040435
22,-0.9349869933697232
23,24.463673906936986
24,-0.8935056591902074
25,8.79986737337011
26,-0.9078752053472142
27,10.579877503663553
28,-0.9286825612022571
29,4.373659253560927
30,-0.463584511088487
31,-0.2525459568367232
32,5.481570943713679
33,-0.7007822109569248
34,-0.26535272894820827
35,-0.3643626431356214
36,5.513687366746228
37,-0.9154800859858125
38,0.12242477104293692
39,5.840700733115332
40,0.0413880035826486
41,-0.5766173890839156
42,1.312741445317744
43,-0.4402914038141321
44,0.5959358332410598
45,-0.04587813923217143
46,-0.7445890208358719
47,0.4776833943626315
48,3.974713343970471
49,-0.5439359830928229
50,-0.9282170815827226
51,10.847800544571145
52,-0.5561206922677924
53,2.9452388278257446
54,0.3665579519239417
55,0.016423133633679976
56,-0.6706418683451991
57,1.0221830585545817
58,-0.9085490116474357
59,2.63281112435546
60,5.11144260798427
61,-0.6474444640632867
62,-0.43930433169799576
63,-0.8994698996496515
64,92.50980935226862
65,-0.7924473652995987
66,0.9635388502293272
67,-0.7926463856740387
68,-0.5572997372364346
69,2.2487457908640933
70,-0.2907308452591719
71,2.4846359914053067
72,1.5681667695279522
73,-0.7632711934540535
74,0.17596223595116411
75,-0.7120685385571284
76,9.65701898713752
77,-0.7058563273706477
78,0.6097991304740942
79,-0.9829813912956276
80,13.674778967841947
81,0.4015758300254364
82,-0.18627713155263048
83,1.271800869545809
84,-0.4235713291137484
85,2.5291008134473567
86,-0.10801898414840128
87,-0.5703642330798869
88,-0.23719629582478907
89,1.1901737152200171
90,-0.4034499739737377
91,1.8392049765951692
92,-0.6449191047389046
93,-0.008615917978544885
94,0.35166310535326173
95,-0.034368368977187314
96,1.590097787779984
97,-0.6885680240291318
98,-0.5071585905443234
99,-0.10279440303466014
100,2.309419228526528
101,-0.1562908062008318
102,0.5536309308664022
103,-0.8024324339789314
104,2.365253156502197
105,-0.021288096090051667
106,-0.3283098847611521
107,-0.04789120185047413
108,0.5067275567225569
109,-0.33435481070803497
110,0.16723881399992635
111,0.491832194261405
112,5.096069441327485
113,-0.8772820208639569
114,2.0518562019794464
115,-0.7163341976496338
116,-0.7714658108787282
117,3.734409028436308
118,-0.24058026004755495
119,0.6461606490983061
120,-0.743897723878939
121,1.0859359956170516
122,4.20487275075622
123,-0.1459919876247594
124,-0.6696266751642697
125,0.5450459862233015
126,-0.6898687254914666
127,0.3742960006096152
128,0.36848786714347925
129,-0.4135266479513916
130,1.2919067736437237
131,-0.8107776802816147
132,3.5689264144742845
133,0.6679582806610092
134,-0.6517837474485142
135,1.8602224413889323
136,-0.2671680756524357
137,-0.35801836234405193
138,-0.7036909308315309
139,1.4089968247206128
140,1.1933347178469034
141,-0.5460768016779349
142,0.6856194974362304
143,3.4327050602687645
144,-0.6723121395785141
145,-0.6052140706448565
146,1.4604467211128522
147,-0.7359208990903447
148,1.057871940712705
149,0.6471543340690549
150,0.10820534073451382
151,-0.3789632566352711
152,-0.4320868060210836
153,-0.10621366991689829
154,1.6262625084712292
155,15.471994812508033
156,-0.9455518298934283
157,3.0790405175093616
158,-0.9919276874319006
159,26.67643445786788
160,-0.4902044145242874
161,1.6649375599551681
162,-0.34169779195255934
163,-0.030575074006382152
164,-0.5240656442259058
165,-0.13485812088374116
166,5.938276218857775
167,-0.4698053410644497
168,1.6863481165404335
169,-0.7798457987936436
170,0.08991540780439622
171,1.2745440738663105
172,-0.32685412375833733
173,1.236393892111634
174,-0.3466367443337026
175,0.15250325586902602
176,-0.8211047655516983
177,8.634060636317624
178,-0.9270549731660738
179,0.21907803925103186
180,5.750871349329587
181,0.14621748237199683
182,-0.6896614531951336
183,10.387147221877058
184,-0.9491819156369331
185,1.0617348747940576
186,0.1905113471619606
187,312.9171311496327
188,-0.9912106651276922
189,-0.030034339547803324
190,-0.6327279823291656
191,-0.47722380432308675
192,-0.07854382572343332
193,4.763134325415196
194,-0.9288455145672131
195,3.784939972355774
196,1.0399802442415735
197,2.0197803146777122
198,-0.8567352961102266
199,-0.21913938291621637
200,2.0528085941127254
201,-0.08082104392592548
202,-0.2773885136193275
203,5.54726465681097
204,-0.8204894014948303
205,0.06934510394506455
206,-0.7145247723557204
207,2.4949893192302057
208,-0.62338766367881
209,-0.44033586679797976
210,2.113524437762636
211,-0.7051027781053976
212,5.58479324668152
213,-0.7999591087765744
214,6.412134009570771
215,-0.9119947171363563
216,5.600115892418104
217,-0.8662137615497888
218,18.74056672597339
219,-0.8840850913585517
220,-0.2730225801909766
221,3.501767839379121
222,0.2119782569382005
223,-0.6609795997179975
224,-0.3485765372888212
225,4.72940828495009
226,-0.7654753247263306
227,5.412390878855132
228,-0.9187614388225176
229,1.3368367951977493
230,0.3113375391998754
231,-0.6951773652427597
232,-0.2493664932171198
233,4.946151749734456
234,1.3864876533975226
235,-0.6812100126422713
236,0.5102756016640411
237,-0.42429134328575424
238,0.42692930861603795
239,-0.6830802587558685
240,-0.13243016120890294
241,1.3506881207456396
242,1.1652925721876417
243,-0.7763349663451735
244,-0.09814236799119336
0,0.4769317139774387
1,-0.23447761136626966
2,-0.7324142153555543
3,0.9822686269656171
4,0.00586857662455853
5,3.414499940767545
6,-0.5904329052859647
7,-0.42292914040664153
8,-0.48298491385600517
9,7.837849835972623
10,-0.579324681280081
11,-0.26016585565746586
12,2.5560437674160923
13,-0.7453635421812845
14,0.5219098499393231
15,1.9742081457331166
16,-0.9686725188993951
17,10.064797633807597
18,-0.8017740110747895
19,1.2767599246991388
20,-0.40386054852126696
21,10.555352106065026
22,-0.41433529721273843
23,-0.7287583655570073
24,0.10571213202170093
25,26.383955253286434
26,-0.9497479840256702
27,1.0465067424215193
28,-0.7430857977543792
29,2.1482921242104456
30,-0.6731703098089503
31,2.041496415087079
32,-0.8893796608385988
33,2.127674912347272
34,0.19118855887477837
35,11.495949765104434
36,-0.9475290409759285
37,8.873500043567272
38,-0.34220629604549446
39,-0.9226957068977818
40,7.748671032099111
41,-0.8173015801286733
42,2.207190918574856
43,-0.12306434861011639
44,-0.0111950253955867
45,1.7099697477677833
46,0.41096176687437636
47,-0.6278411963696338
48,-0.42476472739102866
49,0.6781193180473544
50,-0.8540126772185133
51,3.5323973348501694
52,-0.02058943513781053
53,17.449001604603716
54,-0.9316992207577354
55,-0.7048658220458295
56,0.957614716066499
57,1.0625205097230408
58,-0.1393836620128982
59,0.4082968270345009
60,-0.2429365524402184
61,-0.7368027249775237
62,2.623150260451346
63,-0.7937156577195634
64,1.3593014520514384
65,2.354888870247067
66,1.6770732980826337
67,-0.699332971716489
68,0.9664506580636911
69,-0.763895505412943
70,1.5541682173570908
71,-0.4038736684832611
72,0.7378957111468791
73,-0.732728877452115
74,0.10831577502561873
75,1.8165532536476552
76,-0.360392128261274
77,1.3128666704479963
78,0.023003877901853986
79,-0.8618550602286318
80,4.836881378991633
81,-0.5503717683627007
82,0.6914069692038503
83,0.6095613097538166
84,-0.6524624407687079
85,0.5557318488694449
86,-0.2116372346911619
87,6.764354195333971
88,-0.8555209579512528
89,1.991953271840691
90,0.06983515956065478
91,-0.0763906828337435
92,-0.03868014523873353
93,-0.600323993236095
94,13.6699451979153
95,-0.8349301677185165
96,0.09807694622576002
97,4.7982384302801515
98,-0.8831327825958966
99,-0.30667793045841363
100,-0.4408550665878017
101,2.417087421590112
102,0.8866781218413231
103,-0.9293462584554519
104,2.1541805316653346
105,-0.6233567140931975
106,3.0367190906223867
107,0.16005142498214142
108,-0.2805253551914172
109,-0.3838983787975424
110,0.690931583734766
111,-0.32442638883189157
112,0.18261235387535035
113,-0.3616186338285524
114,0.048000373592713697
115,0.7549238063296797
116,-0.2807296553607721
117,-0.16786056111711534
118,1.1393232403172089
119,0.8835524015417264
120,-0.7717999871739746
121,-0.6009595188233967
122,7.922670118439182
123,-0.4883635587690641
124,0.41553348267397405
125,-0.6056531975194188
126,2.37071844605779
127,-0.8937163005932034
128,6.69364621603876
129,-0.2748355095969224
130,-0.6148729533490069
131,0.5961080453568353
132,0.2678761407467398
133,0.14224902747922186
134,-0.6205483504325625
135,6.112658551559154
136,-0.6292384494002299
137,-0.3670624750269188
138,0.8836725746666272
139,-0.420991020164594
140,7.4886351649806375
141,-0.8775714782950975
142,0.37320596725976407
143,-0.6777502267439715
144,0.012595369440885795
145,1.2077855229505747
146,1.7706439733274615
147,-0.7504333831399915
148,2.0980665418836804
149,-0.45331688341467313
150,1.5409415716220454
151,-0.8802542402000884
152,5.587424359911008
153,-0.07129012512044963
154,-0.6041983511387508
155,-0.49849348806902827
156,0.015855671133718774
157,2.58200967318477
158,0.20830857584688078
159,0.08187700238348894
160,-0.8012695485617649
161,2.658780845829292
162,-0.4626337129153364
163,-0.3673453097716287
164,-0.11963263762930554
165,0.019491981268624947
166,1.1847614173961425
167,-0.13335120330383932
168,1.5203227134654123
169,-0.8331606733966161
170,0.8621477563576796
171,-0.012965699410417142
172,-0.7390512403299514
173,2.7625360709563194
174,-0.12802323972547136
175,2.8982727579525402
176,0.4003889717042335
177,-0.6680726979385584
178,0.7943016236819753
179,-0.4016487627973454
180,0.6600033602543762
181,0.38183289937381826
182,-0.07101594993434768
183,4.24763908361499
184,-0.8933027516667245
185,-0.4201900808247331
186,2.5468433361094154
187,-0.8404640252139526
188,2.1920910276587082
189,-0.29041029576254906
190,0.8848850227087268
191,-0.013556316097072973
192,-0.6765065116826955
193,7.078434552345916
194,-0.7619852919072676
195,-0.22317896416484895
196,0.21315492359237753
197,-0.03148548489525205
198,-0.6909082221337972
199,15.833855179493135
200,-0.7851325099726363
201,-0.18581985577523952
202,-0.09379870647334143
203,-0.34713898082150585
204,2.8008891956992485
205,-0.6799366567312088
206,0.6041179548350619
207,0.6644447050330582
208,-0.4477778663345505
209,0.03512948290305995
210,-0.2176581300640429
211,-0.11664693538309046
212,5.122873985548832
213,-0.8127660006268828
214,-0.3624406699481356
215,0.402265716716824
216,-0.3006820787738641
217,10.78283077019791
218,-0.8526641149830709
219,0.16596195313416895
220,-0.07897182993748209
221,4.996213810906273
222,-0.7262117034031937
223,0.16118272273134937
224,-0.58254780068525
225,1.3105554108700175
226,-0.4382831627709868
227,-0.10100178121086789
228,-0.39361784943150846
229,-0.4880489447473173
230,8.488601637204669
231,-0.5945905585978211
232,-0.3920184449771458
233,44.94829118842176
234,-0.8759258671244733
235,-0.8719398324705356
236,0.06615127520886221
237,0.551188914516717
238,-0.6673685090601245
239,15.856563670124743
240,-0.42141996226825207
241,-0.7604744272949685
242,4.790083395338571
243,-0.7461129161154155
244,0.04614271619277921
0,1.7974021147899037
1,5.324248387015394
2,-0.9682895030144263
3,1.0966636445504778
4,2.0303830412925836
5,-0.7361130667099816
6,-0.4145073411718311
7,5.4176617296312415
8,-0.4700735358233047
9,-0.6243794574532542
10,1.061808174203831
11,0.023997907130352214
12,-0.18530649567770785
13,0.13240520713102644
14,-0.5025484281732794
15,1.4163858697563247
16,2.2371855251212653
17,-0.7592352539067464
18,-0.4361910053612842
19,6.144281142642305
20,-0.7462538753991973
21,-0.19393292248809846
22,0.677205143314874
23,-0.3823701779715558
24,0.49748187735782845
25,0.6009075448430705
26,0.3178140834826282
27,-0.17499186492312135
28,-0.3354230889883215
29,2.553672771265997
30,-0.7696072913990063
31,-0.3164384655685687
32,0.4321651146851875
33,1.2185282846774834
34,-0.6155280557371547
35,0.28520209246033823
36,-0.8373488798182519
37,14.595519235678752
38,-0.6186835167846465
39,0.19709657042318862
40,-0.6511221968341057
41,2.1913443368672265
42,0.7029533381780435
43,3.2593922179217154
44,-0.9316215675686279
45,0.8945132068295569
46,-0.42662937166888515
47,-0.7793406047256076
48,7.512576080511909
49,4.116960842517918
50,-0.5667863349190181
51,0.4158681872536365
52,-0.567604486590349
53,-0.7484235783378552
54,0.40633517391611096
55,1.085723185242351
56,-0.6106464927447645
57,0.9256737397284132
58,0.6738846233263467
59,1.5379310666236332
60,-0.98866630159556
61,39.17370869902866
62,-0.6296392442556779
63,-0.7305524404659822
64,6.608097972708738
65,-0.4053120223866218
66,-0.17303930722168714
67,2.864313736830536
68,-0.5821226047881649
69,-0.5276927715199593
70,3.1202713651860083
71,-0.658405134141365
72,1.016836159995803
73,0.2730845733581668
74,-0.5999900959163252
75,2.0846558123151917
76,-0.6354492437121084
77,-0.5387600165444163
78,-0.8834169406745145
79,60.45059728019522
80,-0.1371003727902732
81,-0.5561338098659139
82,2.648822872684332
83,-0.7208400446929234
84,0.46295471604261507
85,1.652219976042701
86,-0.921129607787087
87,8.086041341832807
88,-0.09732626166430647
89,-0.21160733968569845
90,0.2501845649813472
91,-0.5375134855113038
92,-0.2640265909285022
93,-0.8082491203667561
94,3.8360988316772264
95,-0.5058362010069287
96,12.970099423335641
97,-0.7311208498244728
98,-0.3389299362089685
99,0.3664974725763317
100,-0.6649424104609658
101,1.960965700981479
102,1.253902010542435
103,-0.602653807155584
104,19.3302394836602
105,-0.8848149362396808
106,-0.8575735020784461
107,3.0068850816286368
108,-0.6185411859391856
109,0.09705341054456906
110,1.069173828848501
111,-0.8639955749145911
112,3.683804510442102
113,5.982038439021836
114,-0.9619835735706801
115,4.164830692601488
116,-0.7961825818333497
117,1.8778303129106577
118,0.969430244259718
119,-0.2326615810486684
120,-0.4199646256820061
121,0.7937076250736306
122,0.10496375436405136
123,-0.34860880872164235
124,-0.05857996079267613
125,-0.016183999471052646
126,2.4131021635980936
127,2.421663974306981
128,-0.8325506228239834
129,-0.6640346318355073
130,1.9830483696598318
131,-0.46345350541381736
132,0.39835397929030925
133,2.7692991242312757
134,-0.030550026944770492
135,-0.6427458462112388
136,2.0468937431019096
137,-0.7571056638542757
138,-0.07246479303233988
139,-0.29831295942839586
140,-0.17777419572346875
141,2.431378742767
142,0.6133348795578237
143,-0.28904368329722574
144,-0.43517776466982927
145,-0.1490904634992587
146,0.2660371006679074
147,-0.6622113939190104
148,7.385930915150212
149,-0.6652322650803952
150,-0.27650133051547354
151,1.9280459649225041
152,-0.27242560963932727
153,-0.5787877462680011
154,-0.16377981224523874
155,2.2767786578982916
156,-0.6341689399915976
157,-0.40851836118281115
158,1.0567966227656118
159,8.08683718232063
160,-0.9485465444024042
161,3.843140987333922
162,-0.4930519357400661
163,-0.4704497755098185
164,16.296237535329904
165,-0.8950331484358885
166,-0.8047776383137932
167,5.670429921781371
168,-0.6512963268550127
169,-0.27501805604286433
170,9.046701288613106
171,-0.6020844643715115
172,0.7718398892977991
173,-0.7085237569382348
174,1.3456218135059772
175,-0.41114838356318073
176,-0.7555393657271273
177,1.4304672300432646
178,-0.7223591096767521
179,2.819338427860284
180,-0.47217658819199626
181,8.311025521248514
182,-0.503274540763765
183,-0.10896875769628911
184,0.22417747496881657
185,-0.6571713238352632
186,-0.6103492799080961
187,-0.7722210991814369
188,18.695007166763208
189,-0.6849265875775467
190,73.8629079404744
191,-0.8482058938030509
192,-0.5931308617129372
193,-0.8031085182779659
194,2.0429824829977785
195,1.0675203892562104
196,-0.44819193994182305
197,-0.5524816702053916
198,2.3768695819078847
199,-0.7610776674937882
200,2.0554611022930973
201,-0.2304702591926895
202,35.98722735210652
203,-0.9759017528473385
204,0.3711512778302368
205,0.21529133872293582
206,0.27726726149093617
207,-0.5559499350616283
208,0.754600450328929
209,-0.504693275323189
210,0.917511757018199
211,-0.7269091137822682
212,4.36762363133356
213,-0.7475454943125523
214,4.684059644062375
215,-0.8215059748057719
216,2.3960814317189745
217,0.4783483965372808
218,0.7197806624803096
219,0.020572933361223233
220,-0.7098765463463437
221,-0.15738629087076028
222,-0.667884457032197
223,1.3018880359913858
224,-0.16183695795130493
225,-0.48880242871702884
226,-0.5527603887383992
227,0.7193704336235314
228,5.04961855596259
229,-0.7635596391217477
230,2.8035892407508456
231,0.9940674603325073
232,1.8807224109837577
233,-0.8268397614802692
234,1.6095487325037459
235,0.5458554867894818
236,0.6101648307515235
237,-0.8267375784653883
238,-0.41219006134333547
239,1.8947977124764934
240,-0.7438454375311283
241,0.9133920609241313
242,0.4097309896428083
243,-0.48801254622581847
244,0.06918901644741293
0,-0.5973480655863751
1,0.8717617939692921
2,1.6092139323201424
3,8523.758954405726
4,-0.999984306377506
5,54.75694016096543
6,-0.9631224338200853
7,0.5097988297318468
8,-0.3967915570477776
9,-0.5135905110505308
10,0.47305528692992405
11,0.6253815769589888
12,-0.37123375890942745
13,-0.11507086833867808
14,-0.014913650929154976
15,18.597205857929314
16,-0.9615244888778876
17,-0.1640255395083534
18,-0.3774461802383394
19,5.574261508071565
20,-0.7763564390465698
21,2.9712495684645117
22,-0.7321016030979219
23,39.060839157734584
24,-0.9012900040527613
25,0.42582188866191717
26,-0.6386921323460679
27,-0.8679699760521928
28,8.904772559365464
29,-0.099433215524934
30,-0.40231818244699435
31,0.5364306360555569
32,0.23275442225039633
33,0.20874394362296922
34,-0.27032619780106937
35,-0.6409135589050604
36,6.04260435605687
37,-0.8413397508047739
38,1.5117095750968241
39,2.878722108898633
40,-0.2795052496288849
41,-0.523240802656348
42,0.36474998000295344
43,-0.26011886445864685
44,-0.7353729919710739
45,9.028543557431398
46,-0.4438579446161529
47,0.15946949034652724
48,-0.720800719246558
49,1.6005747971711335
50,-0.5713630375460654
51,-0.5542555675265097
52,7.1997544719093405
53,-0.9162759722705832
54,6.022161978169089
55,-0.2761985421669193
56,6.085048378309865
57,-0.894560434170279
58,3.9086508863143266
59,-0.5987319054958651
60,0.7592819928670476
61,-0.7520479826969324
62,-0.1326576473468769
63,-0.2542883728254468
64,0.29701870356338134
65,0.03874077170129353
66,1.0078137096789175
67,1.249816609665488
68,-0.5178385829160199
69,-0.1900329876407193
70,2.3898404228527914
71,5.809207368936492
72,-0.9595578446487574
73,-0.2977354300973526
74,0.0390377494990648
75,-0.32661943182927244
76,0.9668124538862168
77,1.24163392902435
78,-0.8316066771089021
79,1.327444287755664
80,0.6780846570600931
81,-0.4482091579096862
82,-0.7016136689091738
83,32.128763152274054
84,-0.7468088933627957
85,-0.07395049578257096
86,-0.6858707309883088
87,0.8759228381444331
88,0.20941886364491724
89,-0.239507666418025
90,2.326393285259303
91,-0.44416751452157355
92,-0.1269612487383387
93,-0.1064583139926093
94,5.451267323680105
95,-0.4920247437313289
96,-0.575025180155956
97,-0.6885409066158105
98,2.070551507490895
99,-0.6292234757598254
100,5.595387744086629
101,-0.8364496829737977
102,2.3556362150676495
103,-0.7459591667777712
104,0.8510173287647975
105,2.771876138885761
106,-0.5887716098983431
107,-0.40437433587656424
108,-0.5782210582684273
109,1.2199461501434352
110,0.038039334170546724
111,3.208022193866136
112,-0.5942921972331303
113,-0.3310973601310908
114,3.7825780221284626
115,-0.794650746001808
116,5.6268305705882335
117,-0.8475549142373806
118,0.22927450296960994
119,0.4547754945594422
120,-0.6489163536965254
121,1.5601358506845973
122,-0.33314676278778454
123,-0.41997029338096015
124,0.4289341355431022
125,0.02999652992709989
126,3.174753642079332
127,-0.709238723768116
128,-0.5658198611487171
129,5.587867277903938
130,-0.3099928392677248
131,-0.4450149901604553
132,-0.4215799730416111
133,-0.47241741994285147
134,0.8663775272858452
135,1.3052485659894568
136,-0.7612403280797729
137,0.8974652917200483
138,0.46604756078011933
139,-0.40080003033518785
140,1.4395170339281864
141,15.17966973986712
142,-0.9651307882876405
143,-0.12479707699308429
144,-0.6255498153851247
145,1.685597409045449
146,-0.6050810980992196
147,0.21079331984548988
148,-0.659232659868753
149,4.677261639697259
150,-0.3305574116077752
151,3.478732172889904
152,-0.7603816100040486
153,1.5284975659485482
154,-0.32973402249989525
155,5.4752995308469
156,-0.8410932165968514
157,0.6956783569335938
158,-0.836639311514938
159,11.03517287715592
160,-0.8751060096160007
161,1.2508250069410116
162,-0.36731515700239936
163,7.2349161911201705
164,-0.95479416522922
165,3.3818243867236264
166,-0.15835539553168265
167,0.57915956740846
168,2.7172215356610745
169,-0.8989960357764046
170,4.098887042534323
171,-0.221918256602051
172,1.663993586185489
173,-0.8638607366152494
174,0.41308033368649566
175,0.053042089277024695
176,-0.04358157478974334
177,-0.4355182639277424
178,-0.18552758289932292
179,1.322633335704087
180,-0.2366372912169885
181,-0.4072859472316255
182,0.26563482584826303
183,3.533364276536499
184,-0.8790239285421715
185,2.8772163251764176
186,0.13720650174116855
187,-0.8716801002514889
188,5.087296384427168
189,0.45830046028974003
190,1.4828173861468734
191,-0.8344583144859568
192,-0.27322437370192554
193,-0.09401620914949249
194,1.2523111826779525
195,-0.09730812192239235
196,-0.5683269904850824
197,1.7260044112386925
198,-0.8200914507283592
199,-0.04893382174258365
200,2.4881313475093148
201,0.7361586796242954
202,-0.6692121322547604
203,0.8812622608835503
204,-0.24872554354215692
205,1.656133065318786
206,-0.4361231814907133
207,1.8362347437046966
208,-0.8135159033449966
209,2.0768765034296917
210,0.18435541074430284
211,-0.7979981457013399
212,4.530105533030552
213,-0.4588890828487999
214,-0.4623001914927425
215,-0.04867310560391869
216,1.1747423556980596
217,-0.7361735217476133
218,7.182109401729573
219,-0.8400044871299206
220,5.8821020981910905
221,-0.19554313585367933
222,-0.37005992645172436
223,-0.7196784294905443
224,5.6353569951332405
225,-0.3080751561591414
226,-0.5129920916151753
227,0.4640516842711091
228,1.3135156720413579
229,-0.5758106561354649
230,-0.29004060577140645
231,0.3891671622616184
232,1.2116585906651185
233,-0.9324850993067624
234,4.42635754174045
235,1.416457730847596
236,-0.2694552341376848
237,-0.7207490183238437
238,5.506241210740745
239,-0.7901792590730958
240,0.3399410143621142
241,1.2495440806439895
242,-0.08220737507756148
243,-0.6255893286520826
244,3.5052199268586
0,-0.425009979512067
1,-0.07023142189461451
2,-0.8819695126893894
3,156.564903182488
4,-0.9590412061704662
5,-0.014623037423343921
6,1.4552170560868611
7,-0.5622903988263709
8,1.2832003330454604
9,-0.7616773904620209
10,2.514144524440614
11,-0.9246690085768005
12,1.226314331339157
13,6.2494041343045765
14,4.7442564433232475
15,-0.8200347558393675
16,-0.8001218238200036
17,-0.3943028006954662
18,0.5299028733370554
19,-0.4625983117354512
20,3.611502720712079
21,0.07367812607833235
22,1.1818103024907436
23,0.05579822913813248
24,-0.8677278824971796
25,0.8680358578913678
26,3.106194314971562
27,-0.41471614987024796
28,-0.8451884347967911
29,7.245825059430246
30,-0.7085082119903686
31,0.18095363136444265
32,2.110982381762291
33,-0.9274046821653785
34,5.220709746930796
35,0.37153744917918474
36,0.38525159395407793
37,0.6148829015891601
38,-0.49615256866877144
39,-0.01928316578753131
40,-0.2650441323773477
41,-0.5562116258767712
42,-0.0050223186025126765
43,1.735790076011237
44,-0.30941547413413706
45,-0.35166162685679414
46,0.6807844596142454
47,-0.10645481404981827
48,-0.06635852642128637
49,1.2203602522287023
50,-0.6589647511977899
51,0.09075058145751203
52,1.2895351694642816
53,0.4326459198843422
54,-0.8220677330332854
55,5.959637368835199
56,-0.6147412900714735
57,0.6823295401264244
58,-0.30247912144852784
59,-0.24004726592028758
60,0.5727490956980468
61,-0.9048700227399128
62,0.05052792537553241
63,5437.11953491777
64,-0.9988956535414605
65,2.935159711854332
66,-0.7117122784140133
67,2.012149489391443
68,-0.8549914619760947
69,-0.1392480436761656
70,2.7319530267134855
71,1.5366476164287617
72,-0.8327181655836344
73,0.05863231554255277
74,0.1076927556316074
75,0.9930713497178476
76,-0.18515957844300135
77,0.0908370408688901
78,-0.21971889643243825
79,1.2380323323363638
80,-0.5132659634172292
81,12.099096737183617
82,-0.8700113178874953
83,-0.8264319826312868
84,4.429209441811821
85,-0.7251292154822553
86,5.230548327859999
87,0.6409546831357
88,-0.7456962515813855
89,-0.6572237290824923
90,8.69771472456056
91,-0.7267484027409699
92,-0.192061974966511
93,0.23240241816724327
94,-0.9155267713113932
95,9.528276379567702
96,0.5547058949875543
97,-0.6151122222764602
98,7.251376110595624
99,-0.7759178851252952
100,-0.08644144995677783
101,0.4973567385341009
102,-0.4329588968474326
103,-0.16399136988149488
104,0.6329764790155921
105,0.029678713161959358
106,-0.7666547888526922
107,3.675788038476224
108,0.414210878445636
109,-0.3778401060654707
110,-0.21889428712959125
111,2.28933770445256
112,-0.9232743323848375
113,3.5643440888903655
114,0.930178510359537
115,-0.49314094623472193
116,-0.5404121316030953
117,-0.18830763122388783
118,-0.7691584813066225
119,112.351258158767
120,-0.9833275642681358
121,23.3876088008356
122,-0.723298759845362
123,0.5942617343710523
124,-0.4198659288625024
125,-0.2601140068656259
126,1.0195896108631728
127,0.21624927979682318
128,-0.7839138351953923
129,0.7267321659968449
130,1.7604824997742932
131,0.8425163996450269
132,-0.816210982721186
133,-0.012652872334719345
134,1.3241243428221279
135,1.1122143675224687
136,-0.9157102932354679
137,1.7808671664237292
138,-0.29198089515134995
139,-0.5876575837331918
140,5.949276721618495
141,-0.6089371434588075
142,-0.6056182256106419
143,8.640514925384727
144,-0.6969923829799742
145,0.06677207785711148
146,2.697950636448199
147,-0.8186340212926043
148,0.260480957288419
149,1.479589402812778
150,-0.28135861189959555
151,0.7578194463508499
152,-0.7455045740692245
153,2.1882372681522195
154,-0.16707521637706146
155,-0.2561575051012379
156,-0.46036194762554394
157,0.799692078051669
158,0.6804131360214949
159,13.124616868425123
160,-0.848339835797624
161,-0.7343172236128683
162,426.677176296593
163,-0.9951181408387044
164,-0.5520284454185369
165,-0.0875824127793946
166,-0.5453962573847555
167,3.004784961218112
168,2.8308289717146846
169,-0.9416746688236508
170,9.336730103849225
171,-0.43130560337547874
172,-0.3293527531614838
173,0.05405299825571208
174,-0.12310899674195774
175,0.03216468264125716
176,-0.4215848765334834
177,0.8949192720374337
178,-0.031562606505932456
179,-0.7553525010877158
180,0.48513653109759547
181,0.683924373743966
182,1.2800640463177593
183,0.3085929522388886
184,-0.6415515005570152
185,0.6809804272548672
186,-0.6406861344909236
187,0.471213814564134
188,2.265142819857695
189,-0.6856402722042176
190,0.680855573851481
191,-0.8043080308916999
192,4.267188964962108
193,-0.5180718739498302
194,-0.5959120563493563
195,0.5413832349677634
196,2.1484237472157672
197,-0.49736343892990986
198,6.932174030064367
199,-0.9323530972638424
200,4.62348637246069
201,-0.7830516725645675
202,307.8788165567251
203,-0.8968673604599223
204,-0.8979783140755946
205,-0.486786151392268
206,3.6259238243761827
207,-0.30528405782657
208,-0.5165772269803985
209,-0.42487911524910105
210,-0.3160617372593718
211,0.08710667781336379
212,0.033929809830906876
213,-0.045875819459433864
214,-0.18636267525809147
215,0.6202756674174887
216,0.2056868581400073
217,-0.8406998720803237
218,32.20875337580115
219,-0.9312816555909131
220,0.5369767189932626
221,-0.15255160577286975
222,1.323309899127986
223,0.4672539562082936
224,0.1941685154234407
225,-0.5787947160576528
226,0.13276787395422152
227,-0.04099807838409708
228,0.7991862861606727
229,0.5952190845044341
230,-0.7059273803220865
231,0.3965205403780159
232,-0.35490133642117283
233,0.22210212475309277
234,0.07066543506467449
235,0.5663052586964679
236,0.8391351915905068
237,0.7532143594696445
238,-0.519803545610106
239,1.136624996626582
240,-0.7449071755744762
241,-0.5598499029433364
242,5.462958220773624
243,-0.8658554720462291
244,-0.06549520424000654
0,3.721666279989213
1,-0.942068041029983
2,9.106245374849296
3,-0.8823980533180287
4,1.0656317270513922
5,3.4262028477715853
6,1.3845749905416023
7,-0.7922974310633226
8,-0.1700986619198428
9,1.3226759306246323
10,-0.75761717235743
11,-0.34681183311907193
12,7.940719465821527
13,4.511492925396564
14,-0.8927297380430526
15,-0.5849411569454701
16,5.915872818021794
17,2.5630498295328934
18,-0.9732224766314606
19,1.6353589471561532
20,1.2762261620400506
21,-0.7956581391857639
22,8.489247029828974
23,1.6036854403868257
24,-0.9254073156067317
25,8.931776541368846
26,-0.8493185961372429
27,-0.0029418823466301758
28,1.756140359688596
29,-0.2949644004067429
30,-0.1992843401574802
31,-0.30779682296610067
32,-0.9063645709973583
33,9.282889360224097
34,0.380810389875166
35,0.0936744133378904
36,-0.41470031068860125
37,0.27872957332912196
38,-0.5927827148794669
39,-0.09429463390406845
40,9.221732288899695
41,-0.9311615296141081
42,2.225514129389659
43,0.2060014586913672
44,-0.4640387493960788
45,2.0637460349947534
46,0.13247867650382772
47,-0.8614055934438118
48,0.049822155870068
49,5.13823304620612
50,-0.6756335343683096
51,0.3619438959710861
52,10.02183145514723
53,-0.9218480043010022
54,-0.27083693679448073
55,-0.2557669356801555
56,5.48412533886304
57,-0.9322978576292352
58,0.6146261743307149
59,4.058739351895662
60,-0.5556036602971178
61,0.5071892850296127
62,1.0676410004416255
63,-0.9542625165578402
64,3.792904152146824
65,1.0905877115644502
66,0.37638539738017207
67,-0.11610976496083625
68,-0.36360796693216013
69,0.6798194718543933
70,-0.8471401022946654
71,4.247561093993197
72,-0.17735086029772795
73,-0.538431751846791
74,2.8342692851521223
75,-0.2750544104706272
76,-0.5423083234321273
77,-0.2646011426203648
78,1.4932368272752252
79,-0.5371978216055353
80,6.737611659444941
81,-0.6247002596449547
82,0.17021643631531247
83,-0.5862463901006822
84,0.15012860898030467
85,0.8800710451398113
86,-0.7854307865382575
87,13.28991136242871
88,0.22223252420007267
89,-0.5553332917485568
90,0.024253407452201392
91,0.05012299769070294
92,-0.2866321075126579
93,-0.43495618136823866
94,3.013602604288141
95,-0.6018591273135829
96,0.7466190948939802
97,-0.7621719390266051
98,5.898673148096306
99,-0.6898923673022768
100,7.830975530488207
101,-0.9213729505538476
102,1.3235184568272191
103,-0.189528239697202
104,-0.3567223272697948
105,-0.2658763341214351
106,-0.3667305221417022
107,0.42726172818159625
108,1.9121689090756817
109,0.5679516928581037
110,-0.6967370092417077
111,3.0144818302034055
112,-0.989504552088652
113,45.255578215668365
114,0.2948427013015149
115,-0.9243393443459246
116,1.7139957457636332
117,-0.5081717864934298
118,13.059606404175012
119,-0.8975496588264384
120,0.5506482040583287
121,-0.2711778525380917
122,0.9916706149458867
123,0.32990788421494743
124,-0.47252924262614493
125,-0.04154151368484316
126,0.978974980943426
127,-0.6597708807985508
128,2.624159697033315
129,0.3655982978858372
130,0.5678770248579577
131,2.420496086853684
132,-0.8108855248596137
133,-0.007763058884181051
134,0.2497391311593773
135,-0.5545708589315483
136,-0.15070635359304607
137,-0.4799574380083065
138,1.6978900615246157
139,-0.19172650011498515
140,-0.8402034081635947
141,5.376640128919653
142,2.5984556644553067
143,-0.727906853422585
144,3.3396953949787083
145,-0.5130123877094612
146,-0.5135444438550618
147,3.0121934820820293
148,-0.9449460067974286
149,0.2937925749802064
150,-0.12102266752790258
151,8.565487725573965
152,-0.05954701858322531
153,0.8686867771435842
154,-0.7360948070176783
155,-0.12122830643030813
156,0.6901056494764135
157,13.175263777687855
158,-0.928282089265599
159,-0.744177204595906
160,-0.18682027547252278
161,1.8279996428225433
162,20.087736844298185
163,-0.976920867409762
164,1.4356345248214706
165,1.7252965173340349
166,-0.5679381057133539
167,1.8231766245340828
168,-0.9058040052185269
169,3.5271941988602142
170,-0.4092974927108539
171,6.40551299742627
172,-0.9010369413336001
173,-0.4897493811791569
174,2.1958549157198903
175,-0.569778945855635
176,0.49164762908664694
177,0.6319131124000741
178,-0.39838591979899873
179,6.313252244813574
180,-0.29949914490599294
181,-0.9051370618697847
182,3.2322652613602187
183,1.2078745921546825
184,-0.6608462998162439
185,1.001307643351395
186,0.4157626491608166
187,-0.9918445636157829
188,35.26051103746939
189,-0.7007344196137397
190,3.7663717981086045
191,-0.2482734584302042
192,-0.441883544854196
193,0.40875879650043
194,-0.5908585103520172
195,2.623670897980178
196,-0.0797497704247675
197,-0.3981715093217205
198,0.7023826231009338
199,0.009406631360922901
200,-0.3318611307653696
201,0.5502926187801356
202,-0.1578466383031334
203,0.23710004099434667
204,-0.5486627473550938
205,18.938823831602598
206,-0.4501477592445803
207,-0.9539666121447941
208,3.8190527250125905
209,-0.4922011505968462
210,5.4420836840197895
211,-0.9817929685175617
212,9.981001004626012
213,3.4025922736208187
214,-0.04311147399259363
215,-0.8082953205385722
216,5.972571545741787
217,-0.9187394522780307
218,-0.08807519805807218
219,6.220216656214695
220,-0.526753969192505
221,-0.3490622466482223
222,1.8126970431730953
223,-0.5321252852068843
224,-0.6189302632461737
225,4.913413161685015
226,-0.41721765838773595
227,-0.15832889982785447
228,-0.30798215135697793
229,-0.06373776021441824
230,0.02573772360440052
231,0.43201812015507013
232,-0.0825461266795291
233,-0.7580319488825679
234,16.252310301775672
235,-0.4159653178164703
236,-0.6690231305604115
237,-0.48687980608466896
238,-0.15869346619036917
239,6.492104477111947
240,-0.7016472366167535
241,4.193577027876594
242,-0.9177466092986337
243,-0.6772801175753429
244,1.3239461724038382
0,0.20771112868615194
1,-0.844020942611305
2,21.936920525871386
3,-0.1900116865885011
4,-0.3005806763907506
5,-0.7534245723472224
6,0.16219698990953213
7,0.18498925773415387
8,-0.53683726550447
9,1.1417215621709453
10,-0.07279727046885331
11,1.2728362144430285
12,-0.004412497225453782
13,0.1670331576260229
14,-0.5130213454113439
15,0.6089720033073889
16,0.6161672578991964
17,-0.8734597935679371
18,0.38096198627992695
19,1.0077258645157237
20,3.6100302404135673
21,-0.6493120388363876
22,-0.11570744208098671
23,1.459220964681906
24,-0.8895623937833207
25,4.397887875497827
26,0.2114705115511759
27,-0.9278216483580654
28,77.08597851639705
29,-0.9548928797342747
30,1.3960210972518161
31,-0.6282279037067438
32,0.8494983505413067
33,-0.5369280352247111
34,3.3758372246226367
35,-0.5753578245267076
36,2.7739535925783447
37,-0.6030439436182118
38,-0.41296221012335543
39,0.7757312175020319
40,-0.7275019677303192
41,3.0182285427736346
42,0.875786111854743
43,-0.5627435837635886
44,-0.13144616415354937
45,-0.20341637499104714
46,0.2907158911999228
47,1.6660174655950066
48,-0.7018736751481117
49,1.6544515310536512
50,-0.6346754465899453
51,21.063814171291547
52,-0.9325384030396912
53,1.654554209654782
54,-0.5715727447806838
55,-0.8635023248105362
56,14.070259731031843
57,-0.743153378490822
58,2.0249633493402786
59,-0.4259590244643766
60,0.2345379128652505
61,0.6658115430806257
62,0.6047455905601931
63,-0.9013791336283026
64,2.772923940758006
65,0.17520594127347655
66,-0.3849046865777902
67,-0.2998117900043513
68,-0.2623567129312274
69,2.6013989437522893
70,1.2418619808783529
71,-0.8354506097688446
72,-0.5759666155163918
73,4.098117396781582
74,-0.688695983063943
75,-0.1522188678281844
76,2.096470377871516
77,-0.7063816233586135
78,3.3903751284644317
79,-0.2768791199019983
80,-0.040626182872732564
81,-0.6999655997500439
82,2.541396612994993
83,-0.7294998414988341
84,2.2064298544572423
85,0.2754902047093686
86,0.8705796583166876
87,-0.5397156752508553
88,-0.7437087898894101
89,2.441022703340622
90,-0.33682633230146397
91,-0.03578621157218542
92,-0.2454047076161242
93,0.6402209506954266
94,189.7595790241128
95,-0.99484268103463
96,1.8197878263987657
97,-0.5225341202695573
98,1.8676030553437135
99,-0.7475587490533555
100,13.975854355193349
101,-0.7606166988968833
102,-0.7679187951826929
103,-0.4650721142143419
104,3.8604469014627085
105,-0.30086463451145873
106,-0.12993136508095415
107,0.11972743439156486
108,0.21439734356618145
109,-0.10020032690045722
110,2.7795197383749777
111,-0.4526368787571913
112,0.25372806166878736
113,0.006723055408997203
114,-0.507192272892049
115,-0.491951431344128
116,0.6402066532785775
117,0.08882166057702912
118,0.15188275417674002
119,-0.2662720735603392
120,-0.7457143369219386
121,-0.34056012502127797
122,5.1535030963273325
123,0.04659390853893375
124,-0.14362349174374944
125,-0.19818737612669013
126,-0.3778327261497666
127,2.8796008318899853
128,-0.8062765625176564
129,9.008904907428054
130,-0.5015654922895636
131,-0.857299569181619
132,3.8052709395587385
133,-0.1386002293735984
134,0.3259471275899264
135,0.43558069821270395
136,-0.8269211631637436
137,2.7336458929082426
138,0.2861953917993696
139,-0.7034863685457198
140,5.921497093319681
141,-0.5875030688773946
142,-0.9423844031372175
143,9.9370485941569
144,-0.9085676550313355
145,12.288813273111979
146,-0.476735971434772
147,0.6260791021841057
148,1.2399850859796056
149,-0.6617282363526862
150,1.216621555204357
151,-0.6300602367085375
152,0.38343066719926266
153,-0.020180172660542173
154,-0.6684705077372026
155,28.241348547985016
156,-0.945739325350082
157,0.6242446148990131
158,-0.5411668803815375
159,0.5634524236994543
160,0.7237493168362856
161,-0.19327173354698557
162,-0.6922979585812883
163,2.1098468225877127
164,0.8347537111628989
165,19.984887578221333
166,-0.840919074811027
167,1.3771476152256144
168,-0.9239542504763186
169,-0.07232109090426031
170,0.10744106823624788
171,2.7021173029314145
172,-0.5431158777995748
173,-0.05130751420180246
174,0.04322524612936296
175,-0.5121072052163791
176,1.4010781076054841
177,0.6549168822017515
178,-0.4111127544281643
179,-0.30761233870375315
180,-0.4651670298640618
181,0.3074149848768646
182,1.0395696852453424
183,-0.6287490817564152
184,0.7631745135618533
185,-0.03124646035922729
186,-0.4961318839106723
187,-0.22103446361637036
188,2.0155195129099894
189,-0.44967532661078247
190,1.4424741259688925
191,-0.3826419638797728
192,1.4264512901382638
193,0.05057775513139906
194,-0.847958549187622
195,1.070011882244149
196,1.1073700894718947
197,-0.7843637675166086
198,6.6631789726746735
199,-0.29691868300629676
200,0.005888653527597487
201,0.02450074521916301
202,-0.9022704676962886
203,17.07126928046046
204,-0.8716060600022808
205,2.1286310165427813
206,-0.3158188243653143
207,1.3659033477949167
208,4.6236349828185865
209,-0.7925564135994079
210,-0.7395963691977487
211,-0.3577992720205271
212,4.167745767990106
213,-0.2314737440146577
214,-0.6616090480684542
215,3.7399137991382094
216,-0.7319413503011067
217,0.45905054743633955
218,0.06869272603354148
219,-0.3661642056562556
220,0.670870861684765
221,-0.019319641337147142
222,-0.804989393554307
223,0.43587429961608537
224,1.2788716410983434
225,0.5263975038382831
226,-0.7330137564251932
227,2.619954771807134
228,-0.2930145189572473
229,1.695917529766064
230,-0.6398130900524062
231,0.41403387597334707
232,-0.836557277432772
233,-0.2990443628605389
234,3.737507071842696
235,-0.23630477397307637
236,-0.20796940553958632
237,1.4344943219840274
238,0.21511409451719965
239,-0.5684801975486844
240,0.8285314333904454
241,-0.2640502374579192
242,1.180061994642677
243,1.3472450992185667
244,24.23385296530549
0,-0.4303663822289948
1,0.08960537026613702
2,1.6911721319945068
3,-0.7792040258280171
4,1.7445223455190635
5,-0.7409759013016604
6,0.02938865989202033
7,2.083349451167898
8,-0.3124922089664418
9,0.5122413286610223
10,1.2916833682236377
11,-0.7944371002795385
12,6.248443274703527
13,-0.776951447597412
14,3.1087695088087743
15,-0.8673840881288266
16,1.2795441419220372
17,-0.0919961358078435
18,-0.9733272701045833
19,61.15060749846947
20,-0.43636850564440777
21,1.3411205741547665
22,-0.826282837127675
23,0.3498137524504461
24,-0.19407635054129502
25,1.9164498156402923
26,-0.2696873093140544
27,-0.3925547081525509
28,2.372613041950995
29,1.5115539407652916
30,-0.7893300730433257
31,-0.23292209896524674
32,-0.020799816124171477
33,-0.6605430635740572
34,-0.6451801596017422
35,12.89741710654198
36,0.5452755779465928
37,-0.04343333534762306
38,0.09178755410585393
39,-0.1901225156576588
40,0.9046761632435776
41,-0.19236392913935862
42,-0.7562548953760997
43,1.4709827029276745
44,-0.16918590436394776
45,0.05842056599645584
46,-0.8145176828588747
47,14.11325430579117
48,-0.7461020330024517
49,2.139101442304172
50,-0.8448423221286876
51,0.699210953015819
52,0.08447001420126554
53,0.41882078938685097
54,0.3334989251304512
55,-0.41604502097659846
56,-0.754314814224892
57,1.3460993178603529
58,0.5076655316248508
59,3.9963813712486083
60,-0.18347096235196003
61,-0.3563888264948586
62,0.07811302033444001
63,7.860360307555693
64,-0.9477887862426317
65,13.081112254082182
66,-0.7809146589806806
67,-0.7455177862396087
68,-0.21122431974885292
69,-0.3671948665264435
70,3.3715123619440943
71,-0.4350019228011106
72,1.6541734837887385
73,-0.7643828766098169
74,0.9756029294774471
75,8.421028671648644
76,-0.9658492163557175
77,3.227614932775399
78,-0.3730419693613637
79,1.7810056360575661
80,-0.5980548249789288
81,-0.2186675297707904
82,1.8918863519676954
83,-0.872181634263313
84,1.1786776868191606
85,1.4833631316629976
86,-0.636379195103161
87,0.45978798374168295
88,0.6614451477976606
89,0.7596850998672995
90,-0.5816035582644177
91,0.05170235846720095
92,-0.5268932987141317
93,4.193939225722252
94,-254.77178241040485
95,-1.0032012780300572
96,-0.4906357408704478
97,0.39054010458260713
98,0.2076961859082347
99,-0.29425279995116904
100,-0.30412118389036313
101,-0.5055853425813792
102,2.747870693495533
103,-0.7696707289538469
104,1.1465226565253657
105,1.567077580161079
106,-0.6845961518675832
107,1.982176684270304
108,-0.6769579320708605
109,2.253935275909341
110,-0.2135864641317251
111,-0.6071365534158027
112,1.0708443550749926
113,-0.18045601830454927
114,0.616186465818142
115,0.886759237516697
116,0.22068232175500202
117,-0.798096491846791
118,-0.22669025768549855
119,-0.09396433024107909
120,-0.9082071554784739
121,6.2320846475842675
122,2.344074974833135
123,-0.5615152613013608
124,1.8149717712081657
125,-0.2626792034715498
126,0.032892464986255865
127,-0.5182219777894483
128,0.28549991191577484
129,-0.056988554105955935
130,1.5782376572588777
131,-0.07066763965601164
132,-0.34210375091814005
133,-0.6916473148582638
134,3.1298074642210816
135,-0.4993874910795041
136,0.24833282019536784
137,0.5232641398504922
138,0.5710470537092613
139,-0.7195135815413771
140,2.253500611446154
141,-0.3060180909980208
142,0.07661795046587794
143,-0.3053235043101269
144,0.3114481011272041
145,1.203771524558241
146,1.3496374677684773
147,-0.6929959287263552
148,-0.5863542685836446
149,-0.17219532788408765
150,5.284128164570739
151,-0.8758592957299817
152,1.2435934851261123
153,-0.21555754262908455
154,-0.8038696419499534
155,0.7589679161785792
156,1.171251103974758
157,0.9217901563021111
158,-0.3111655455564919
159,3.3976633961936296
160,-0.8873822296986237
161,1.5365432791090514
162,-0.9041144723432931
163,17.218805082498914
164,-0.8947929176124366
165,2.7443637601369866
166,-0.13004952457337804
167,2.5474122760043727
168,-0.7745038120165681
169,0.27737722778121787
170,0.39500608120777403
171,0.1579158241516465
172,-0.7785865888354719
173,2.4684634726231827
174,-0.02043007996445545
175,-0.48217981687683076
176,0.24674132249512626
177,-0.7267384655164197
178,0.7011702418692143
179,-0.6698402757166633
180,0.838204968867525
181,1.1913565134191253
182,1.4532691958781223
183,1.0284485602135374
184,-0.5560086053618553
185,1.1627476219777555
186,0.05099489397801715
187,-0.8879554347796443
188,2.884466511109196
189,3.803345421809164
190,-0.7200640547469492
191,-0.2808585983738269
192,-0.7452304407945018
193,6.708332504666051
194,-0.523724789873548
195,-0.3307772937334189
196,-0.19539117523929028
197,0.6435076310464358
198,1.0611591591544878
199,-0.8258943214250963
200,4.939334346097081
201,-0.3957384052348062
202,4.204635738013503
203,-0.8335373633493434
204,5.099778958115544
205,-0.9080897554405769
206,-0.2172635074140289
207,0.11970524265989879
208,2.7722310054921255
209,-0.17980151788643284
210,-0.27688943018212997
211,3.7250149001204793
212,-0.20565661868820073
213,-0.8988626196779705
214,-0.6952568466301483
215,9.910257103880507
216,-0.539862380653434
217,0.316072264858168
218,4.721075540206056
219,-0.8119833672452523
220,0.08813349205960352
221,4.942189334245834
222,0.017716295339065047
223,-0.7188233069664858
224,-0.428830487569997
225,-0.503283522594038
226,1.0447380322089677
227,0.9924594135050504
228,-0.787012094575664
229,0.6842964216063689
230,0.6149544701290635
231,0.32185200994602803
232,-0.07383843097830334
233,-0.39271195457741537
234,0.9509210675277282
235,-0.6140489469289949
236,0.9285498631706146
237,0.905701139683637
238,0.10663262482570768
239,-0.937280810313226
240,33.550286434503484
241,-0.06613939861023777
242,-0.7324507445019974
243,-0.9633551882738438
244,1.0677164354006226
0,10.46770873521208
1,0.021141584022621895
2,-0.8718362831687182
3,-0.4761420530968016
4,0.7292259665903231
5,-0.6214843777784181
6,2.9389739918443225
7,0.23600968563105673
8,-0.8262651230507304
9,1.2542881295679038
10,2.372355350866385
11,-0.8503893487874803
12,4.769990328045556
13,0.9585073876893162
14,-0.8179958135500838
15,-0.6856155853859969
16,6.772479460148834
17,-0.09627885248152446
18,1520.3118906638883
19,-0.9993840986713657
20,0.2092065309286093
21,-0.6155914471551365
22,0.28686419699057697
23,-0.488186784047111
24,-0.004364948737314411
25,-0.29044809333194255
26,1.0234471164832093
27,0.22896557180485577
28,1.0385528820696432
29,-0.34466165436783913
30,1.1957886971064178
31,0.5814149356135374
32,-0.7365415951472428
33,-0.3262032203932854
34,-0.47326333133617715
35,1.0686142007771244
36,0.8093669174233054
37,-0.9707892492808673
38,20.31139508029209
39,-0.2856435425653666
40,0.47135871939205476
41,3.023495105045053
42,-0.918947152722943
43,1.5551438352378764
44,-0.04818292622949538
45,-0.2748828072832127
46,0.5053020903463679
47,1.3057131493433514
48,6.977234785045111
49,-0.8619768695146606
50,-0.21527816213690854
51,2.123448773168874
52,-0.834617317876352
53,-0.34062942783964967
54,0.7683312541121745
55,-0.6020943500042613
56,-0.8833320247937592
57,10.687096690461738
58,5.277329675590033
59,-0.6663800819858906
60,0.5571529076499475
61,-0.6341416460038056
62,2.422235307913386
63,0.06259778726894916
64,-0.34962542274725794
65,-0.5926516869852763
66,-0.35378079717355393
67,1.9696290850090703
68,-0.05616994068062364
69,-0.35950029169591713
70,0.729660400834506
71,0.21503647968083994
72,-0.7987071543326854
73,1.837964548664159
74,0.9885870920843223
75,0.03457281072086249
76,-0.3499844422481698
77,-0.7657199810019681
78,4.825266988317893
79,-0.3623310781832383
80,2.6805722460334684
81,-0.5543273106400415
82,1.4044613076578156
83,-0.7231335581364908
84,0.6221492416491703
85,-0.13332144180221506
86,-0.048215847030894765
87,0.27536147734192773
88,-0.7471964017809138
89,1.6872285492697108
90,-0.5405986933438134
91,1.0650990210702291
92,0.33545177644194535
93,2.0231501008849286
94,8.313777261216964
95,-0.9924297948132734
96,11.628821171745392
97,-0.0950621133530366
98,-0.5771712173703754
99,11.93828612016364
100,-0.9843242934436877
101,1.7367534533627582
102,0.046158006219274794
103,-0.6364161066511145
104,3.668667181641095
105,-0.5261800267739438
106,0.8795689292576454
107,-0.4127890898921124
108,0.9270481422100927
109,-0.2645518290886143
110,0.2477400731245618
111,-0.5774657612966025
112,2.0501996757877454
113,0.49979153719510694
114,-0.8899050575667817
115,2.0441258890553295
116,-0.45551296210848713
117,0.13396844262472762
118,0.1897998228815836
119,6.249636095322276
120,-0.7616152016550488
121,0.6464163672432361
122,-0.6952397712378675
123,4.074818127184032
124,-0.41757047278404125
125,-0.37811702094519317
126,-0.9597620378199228
127,19.59287992167036
128,-0.49131340609611085
129,7.751687856820913
130,-0.7287687338438912
131,-0.543832094669096
132,-0.3898513438155077
133,3.5472183199149727
134,0.8600317514399398
135,-0.4762778134913873
136,0.3893638866663056
137,0.6548919866705678
138,0.15456648747706114
139,-0.5871720408192584
140,-0.55359534108456
141,0.11083449589469896
142,0.7593718724021017
143,-0.18429876676074908
144,-0.5093482397990672
145,-0.7856920790447385
146,27.817677413741123
147,-0.7444143525836624
148,-0.12464158362063893
149,0.9447460891775883
150,0.5848671189371348
151,-0.8020090595368417
152,2.808646299552068
153,0.17925745970242546
154,-0.049223905894764775
155,-0.697704109664804
156,1.6325016052792787
157,0.14188079212026272
158,1.4900114560068989
159,-0.8180028412949736
160,-0.6385394525304686
161,0.013603218334718337
162,0.19119086310274858
163,6.118321919350782
164,-0.7774824202864701
165,-0.7909162673704557
166,6.06826693426606
167,-0.26540576698926777
168,-0.17792303715193147
169,1.143447031806914
170,-0.002640246481863673
171,-0.3289039890708506
172,0.4196306080422929
173,0.40836701349637705
174,-0.271264396006491
175,0.19885750415386338
176,-0.804822991946889
177,7.691069965315615
178,-0.39820791092764474
179,-0.7934630485832148
180,3.10639797311533
181,-0.5941805561635918
182,26.80174488847901
183,-0.9686396633920494
184,1.3952579356102746
185,0.6736223724689545
186,-0.09673139374354811
187,150.22145373381215
188,-0.9986067363736068
189,1.988827910970786
190,2.1924963115032305
191,-0.6179002150359707
192,0.3760083710455906
193,-0.40471883794494223
194,1.2653981771368317
195,-0.6343886785461839
196,7.448408646664518
197,-0.9286061147638981
198,22.82655423276087
199,-0.819813852285914
200,-0.210625772297109
201,-0.5437965909144149
202,0.24284858192728942
203,-0.4108050052901019
204,28.147862376211183
205,-0.9593478937943777
206,0.33788792023801517
207,-0.29185995202505366
208,2.3661814490492086
209,-0.1374756997715526
210,0.47960298156416203
211,-0.7037270443198029
212,0.4876061935836944
213,0.19543121837294875
214,0.028360385142281563
215,-0.381523205597071
216,0.4232621770303777
217,-0.6961947717945656
218,2.1291186967355658
219,0.10708539160214414
220,-0.42633309477534476
221,0.39364313948338436
222,5.171848705433527
223,-0.7233224408682439
224,-0.5461020578457796
225,4.974643808291323
226,-0.8297147112625849
227,0.10549201418586729
228,-0.25983041775805327
229,4.8365030961257505
230,-0.739197640697578
231,1.2178498267389801
232,-0.2368641754802756
233,0.32268441972091955
234,1.1584382664254096
235,-0.5600374295951105
236,0.15839538490509475
237,-0.3044165986539652
238,-0.6071861311637046
239,-0.37940874383141676
240,3.679904081690071
241,-0.4058669853263006
242,23.812703793964165
243,-0.9265070654005874
244,17.042423762609044
