0,-0.5332813010589368
1,2.424122295679661
2,-0.19302397417141404
3,-0.6017424053176265
4,1.5828972005533029
5,-0.09242490243134993
6,0.34693607091281264
7,-0.07065407532739476
8,-0.6343831995957663
9,1.0009924590507642
10,0.155060609263451
11,0.0936208580496003
12,0.18210007885237145
13,-0.2980119446234002
14,0.057094976161748745
15,-0.12635889004871315
16,0.7423833947479006
17,-0.1968768502509548
18,-0.13944704670311137
19,0.24537151611042685
20,-0.7639454547046827
21,0.9758769239088059
22,0.32518580579391787
23,0.1376942663550922
24,-0.37464533922883136
25,0.029149287211504005
26,0.45335412642466477
27,-0.4989190652251009
28,1.5208061582312498
29,-0.6932914283212412
30,3.258674959863689
31,-0.26720450571964616
32,-0.6359169622694895
33,-0.2520913930661284
34,0.5485199413526602
35,-0.30341709564155983
36,2.9169051944079945
37,-0.6251209122273838
38,0.1621015922659541
39,0.6540099497493956
40,-0.16601985149745457
41,0.868337251478954
42,0.14574614048251422
43,0.32601380757921916
44,-0.7830278736041891
45,2.267596664707797
46,0.016818715303873466
47,-0.77442065691406
48,1.490884552021431
49,0.5841632401391981
50,-0.26925823857951336
51,-0.5792501489081575
52,3.2359539664431622
53,-0.2449660726846674
54,0.06541088231005965
55,-0.03966885891312788
56,-0.44255824852509407
57,-0.49672971446689806
58,3.3240295137354794
59,0.2833305151900558
60,-0.24329767411200465
61,-0.553703805951469
62,0.2380130790702788
63,0.11113307587039922
64,0.4917732546949265
65,-0.18024483702866823
66,0.6863586501340508
67,-0.7571372086647986
68,1.0207286068418528
69,-0.2201487302042382
70,0.48429369409047274
71,0.4577386744890175
72,-0.6552043077169208
73,1.319131486778811
74,-0.14269018950574064
75,-0.3020992721573328
76,1.077009787431645
77,-0.05411761461168774
78,-0.5339221053782677
79,0.4787412779946618
80,-0.29585718802057337
81,0.5548319771840979
82,-0.03524990417220575
83,-0.09974699482672056
84,0.6099656897845851
85,-0.4455079320568268
86,0.4013924085237628
87,1.124492028046232
88,-0.3674620483439007
89,-0.12638512493113851
90,-0.24706409968342768
91,0.28713612524750953
92,0.15047304877412238
93,0.13729906648969115
94,-0.40246332293201503
95,-0.05921625601825209
96,1.1743644931179862
97,-0.37119511291904506
98,-0.2794732116001064
99,-0.020024692040915504
100,0.06277538657882187
101,-0.4837190568061923
102,0.75306679864407
103,0.2223214358404315
104,-0.15985207778611055
105,-0.45932698135266914
106,0.9867716606905299
107,-0.36314008511209306
108,1.0895744909839435
109,-0.36624403852317433
110,0.03922702934213085
111,-0.6780281696147744
112,2.8824939597544152
113,-0.17459721346799395
114,-0.18310130604075792
115,0.4908753849088747
116,0.24525870628468005
117,-0.6953485592643709
118,-0.22064280210367482
119,2.514789032050279
120,-0.5011498587223355
121,0.8490056997711313
122,0.26238837331379483
123,-0.29997164785476294
124,0.6135144815818474
125,-0.020451164506358754
126,-0.32633597697792494
127,-0.06882265691578049
128,-0.47273155436476566
129,3.3320178015487425
130,-0.27639161662100886
131,-0.6243220552864239
132,0.9134877208902368
133,0.3816611143424842
134,-0.6240346660761235
135,1.20607383248811
136,-0.20380819347954193
137,-0.16026520372347908
138,0.11843748441371105
139,0.008448929974316233
140,-0.31567866283714896
141,0.7791363229415018
142,-0.13787679771150918
143,-0.1530261247513145
144,2.0070849549813126
145,-0.7829992331929886
146,0.6312616611488306
147,-0.23727594959615006
148,-0.20952865525018294
149,0.6622855984873273
150,0.0504273572637699
151,-0.169610242782116
152,0.3540839970696852
153,-0.6480270075075625
154,4.079479558176305
155,-0.8367447806327784
156,2.27636566374373
157,0.10334237515852074
158,0.2771469842345098
159,-0.6157348585772708
160,1.0816406338094011
161,-0.5895344245705753
162,0.29853562869614536
163,0.964715737902827
164,-0.01885606157673081
165,0.12819569405776
166,-0.1702746836012068
167,0.4425786475646316
168,-0.8077456821767119
169,3.208025132748465
170,-0.2590609902972454
171,0.5809250720384826
172,-0.3930408429702822
173,1.0589559703917826
174,-0.8502996365250399
175,2.951299456999934
176,-0.7372434182266463
177,5.288038144953343
178,-0.4109883464285444
179,0.630589663998685
180,-0.15403086333657512
181,-0.40801829403581025
182,0.3070924756716331
183,-0.729373725859942
184,2.5626451961451933
185,-0.15898151949402162
186,-0.28667992847735013
187,0.17144149899236738
188,0.10968277893041223
189,0.6321095965964776
190,-0.003990397982803318
191,-0.7232964613183491
192,4.1128991571152484
193,-0.29128611487281353
194,-0.3866563709122619
195,-0.14732447578373808
196,-0.5761914897053597
197,3.058321564643519
198,-0.2927364293986262
199,0.003926668053646942
200,-0.3576553121286665
201,1.582913909845983
202,-0.06030736468292286
203,-0.19483742380963653
204,-0.027002483792490706
205,0.08273729640110394
206,-0.08110177075078107
207,0.2035110833820324
208,-0.317088699185902
209,1.519646129014661
210,-0.6497482917976727
211,-0.6076361249087934
212,2.3797379853899407
213,-0.013956579716120077
214,0.23403869629292373
215,-0.11033228130776007
216,-0.4298442062624088
217,0.588471975030948
218,0.07708911901422288
219,0.8868855771965349
220,-0.22981714537583509
221,0.26047091669636413
222,-0.4120174128185391
223,-0.07766162390715659
224,-0.5979852974642805
225,0.9591473440195082
226,-0.6629096894802
227,2.1342839676987704
228,-0.6566520345610156
229,3.4720015555743853
230,-0.33644984602531214
231,0.1973078402788686
232,-0.14703697669521187
233,-0.23744960788160707
234,-0.19372164868718234
235,0.7195529344003417
236,0.3771029833369597
237,-0.6168257423076005
238,-0.3775612159056061
239,0.21672610612556187
0,-0.6173920550265797
1,1.41055088233274
2,-0.6305014300129272
3,0.07299911139834658
4,1.2437776956773416
5,-0.21593978151331006
6,-0.37424962530529504
7,1.4860730808889433
8,0.051098424008923615
9,-0.10040668697409261
10,-0.5361621209445547
11,1.2824599204167075
12,-0.5667685914478204
13,1.5235318481393385
14,0.32199751971588775
15,-0.35120251561865523
16,0.03208116517153714
17,-0.04075286215107765
18,0.2686189805421506
19,-0.7782627513831821
20,2.9530570077128577
21,-0.663818520821325
22,0.45620434172231406
23,0.24028147230695907
24,0.1670236022074174
25,-0.31084516329693224
26,0.9256549034464572
27,0.05804500422856229
28,0.024256717394995686
29,-0.02300997894692214
30,-0.6406795791503977
31,1.6681376976399291
32,0.13017206269869774
33,0.1600956797427231
34,-0.04584706041926723
35,-0.39773180130234564
36,0.47488310199744377
37,-0.7305753548020302
38,1.728913346144719
39,1.3529538963713716
40,-0.4606204630239996
41,0.3425592535934445
42,-0.3396984473187261
43,-0.6037793634373455
44,1.2808728433455805
45,0.53976915217796
46,-0.46120881517448675
47,0.2035731804002705
48,0.21437990889015235
49,0.42760573713450767
50,-0.012634451607376196
51,-0.8114791407348825
52,4.049309627802867
53,-0.22941364835015587
54,-0.13779333542711336
55,-0.21975695785550864
56,1.3484606125039527
57,-0.4333640574621832
58,-0.15794342290058094
59,0.4267815464193847
60,0.19813105548157472
61,-0.3154544005902111
62,0.8220023736074242
63,-0.6778729539016735
64,0.13918278739991052
65,0.19009731453516943
66,-0.2616126055961602
67,1.1564023824141705
68,-0.2440231866608733
69,-0.6997788072004693
70,1.935345940554821
71,0.3193142571644403
72,0.18743005499234
73,-0.16450527204175014
74,-0.3837838242292537
75,0.381137453305995
76,-0.47747180062516803
77,1.4144853001852193
78,0.08389366954352062
79,-0.37800007668236313
80,-0.24308682978910467
81,0.0416346183456997
82,1.0088807353495413
83,-0.15789417737323508
84,-0.7437456570708384
85,3.976437319670599
86,-0.4535354275615786
87,0.9803344841244779
88,-0.3708879412119819
89,0.0036230484430594956
90,-0.5851510840557462
91,2.0796675121817607
92,-0.31320114888725914
93,1.147086920392773
94,-0.5501460055340389
95,0.5156519040032963
96,-0.7519864115122984
97,3.0871727960449906
98,0.12797490717808446
99,-0.7164273239531694
100,0.5301203807408181
101,1.0795755251242949
102,-0.06873441990509022
103,-0.14482188318296008
104,-0.4513294609708711
105,0.4431200452705173
106,-0.6624644877918386
107,1.4439366590505318
108,0.49041453148657466
109,-0.09863993857317044
110,-0.0758667506316617
111,0.348652618728007
112,-0.0944362799036721
113,-0.24870526476442256
114,0.061181193850332605
115,1.6512251911642553
116,-0.6096734723177505
117,-0.48800103369003855
118,0.36758113103535783
119,0.6390477285556946
120,0.718527793549
121,-0.3453929488261568
122,0.2736180432268538
123,-0.44461305975901066
124,0.6173729328882731
125,0.12058860861702692
126,-0.06480787109301733
127,-0.4364572510228142
128,0.6962651891629212
129,0.10601775206555519
130,-0.2564894943699384
131,0.007779880322576815
132,-0.1404808788641051
133,0.07433031095921971
134,0.2724182041591685
135,0.11120068640266267
136,-0.44130672777768176
137,0.8339912774686273
138,-0.30843527897956446
139,0.486699639252685
140,-0.3323579400054193
141,0.11510454565381179
142,-0.12255828418058934
143,-0.32034380088869474
144,1.2849042988478736
145,-0.08123920904415038
146,-0.18472845576226493
147,0.12240520287047207
148,0.17583175883987523
149,-0.32137975323014134
150,0.051141950767152444
151,-0.07262324497134187
152,-0.14387763594763803
153,0.18252070344292926
154,0.6961538092981125
155,0.45643731478748495
156,-0.3507003473817889
157,-0.708829862774297
158,1.0018208326524114
159,0.34128924732828136
160,0.3906400745410141
161,-0.6573165848598739
162,-0.056327141369798994
163,1.6786452996397658
164,-0.05184002047737024
165,-0.7332773612672064
166,-0.21273366174830632
167,5.970996436205554
168,-0.5362224602097396
169,0.39819605061642815
170,0.5314199029411051
171,-0.5662935551466737
172,-0.02721142045427971
173,0.3866805616738569
174,0.1630193998647811
175,-0.3930675036282123
176,1.1754025799903856
177,-0.7689121101296379
178,0.6007956732457724
179,0.35578649075459157
180,0.06573380888615965
181,0.7135186187325371
182,-0.47059830360925836
183,0.2627324688850943
184,-0.25294754331959357
185,0.6143687192639347
186,-0.04280948210108437
187,-0.4824584001330432
188,0.6052842518231942
189,0.5297647602513589
190,-0.46459816075139293
191,0.07108794714342159
192,1.061931897977535
193,-0.2554185021274533
194,-0.5541188303669938
195,-0.18089110502511418
196,1.0904637669033646
197,0.13228318330407274
198,-0.13647621722738046
199,0.07763415920028871
200,0.07690249837518603
201,0.15228792810690583
202,-0.7188778215602583
203,1.5967579112853922
204,-0.6240546212100353
205,3.2453967615418176
206,-0.5289633198963555
207,2.238134803402058
208,-0.7444055523213386
209,0.7206152651322943
210,0.3511997063475085
211,-0.03351514954809465
212,-0.5158367632692049
213,0.4251993288426308
214,-0.3308662606089473
215,0.5188047956177042
216,-0.685030776748546
217,0.8631860299160674
218,1.0152120729609657
219,-0.32105369762304337
220,0.512851670076899
221,-0.2828833653489554
222,1.1036829424837866
223,-0.5587217587860087
224,-0.3837519606806328
225,1.4641313797331827
226,-0.2912675921725171
227,0.41699018047804426
228,-0.3250655802721054
229,0.14481424157109823
230,0.06788457928125613
231,0.03648570556923714
232,0.38544678344406136
233,-0.01754591654278903
234,-0.15164907178014075
235,0.7354784988626863
236,-0.5682939192984182
237,0.13555853513714533
238,-0.6959400287090483
239,1.6059189582394953
0,-0.06287423347930376
1,-0.11443045051604506
2,-0.4005119060818979
3,1.0735141880031156
4,-0.4180305363253439
5,-0.15439523116053788
6,-0.42781672920092184
7,1.1357565163434846
8,0.052604435169272046
9,-0.6449562098314692
10,-0.009919988038435745
11,2.1891954750353233
12,-0.32112544110919594
13,0.3958514928516541
14,0.16396642844504417
15,0.04812629919147593
16,-0.4550464561750216
17,1.2355968094327645
18,-0.3320429466616589
19,0.2850274802706909
20,-0.6542617192482734
21,1.7752162707372192
22,-0.6455412288795533
23,1.4976089987205223
24,-0.5121599961130563
25,0.44776940561323086
26,1.2187205904151792
27,-0.6905967081169789
28,1.0640574415071757
29,-0.4174395782564926
30,1.0082968390654852
31,-0.611648998173911
32,1.324228171276216
33,-0.4587478186299211
34,0.6496983124313247
35,0.6033674808896248
36,-0.4762249260028476
37,0.5794082681996826
38,-0.09872923578489579
39,0.019341172344721436
40,-0.2465804930156782
41,-0.5394229610858954
42,0.3902324935744399
43,-0.27585516541382715
44,1.226820658894023
45,-0.30173076904859164
46,1.625129516999749
47,-0.2824515749607711
48,-0.37809643106820356
49,-0.019966066040425057
50,-0.3097808782042307
51,0.1178004079839412
52,-0.5036369337346505
53,5.971004350560689
54,-0.36892537642785683
55,-0.40081854265297856
56,-0.5249593710945367
57,2.567368832720479
58,-0.36781373858102795
59,1.4176288742592522
60,-0.2999492881424546
61,-0.18163202237232767
62,0.17633687399489362
63,-0.4931539501824729
64,-0.03871443784462136
65,2.1535679898963016
66,-0.665564239309145
67,1.0010857789578274
68,0.1123728088489151
69,-0.10800545665618078
70,-0.6788969874304192
71,0.5645108995484067
72,0.459951264230698
73,1.1584701559901318
74,-0.37387112041097736
75,-0.002651184064071388
76,-0.46592255288315887
77,0.9839246975166573
78,-0.2829152669086554
79,0.2609958117009712
80,0.04146190248788373
81,-0.25218939581869815
82,0.46820527397955813
83,-0.65007581936885
84,1.2563570993208883
85,0.186052431793305
86,-0.362650109588033
87,0.06050891030892558
88,1.015980686514601
89,-0.05606068993625657
90,-0.34797431342524654
91,-0.5863208174374941
92,0.021754255384659693
93,-0.35316581537559477
94,4.083067902374266
95,-0.3961274721634287
96,-0.2769570354265317
97,0.07496540020432962
98,0.18713363869140154
99,0.4812079835816223
100,-0.3803641607783843
101,0.4679872922312407
102,-0.09506685235719681
103,0.3092070643417608
104,-0.7219794316543201
105,2.6324097384292386
106,-0.43320610983854746
107,0.0604676893580387
108,-0.019281535602696853
109,0.29858898813563717
110,0.1130371027668775
111,-0.33274869278494357
112,-0.47596301186675904
113,1.87870162289259
114,0.6672283615774728
115,-0.7726166328789298
116,0.10950349203025822
117,-0.2614996902869875
118,1.5799135340012467
119,0.45093179463409916
120,-0.10741887887420065
121,0.8867366399540713
122,-0.8716745778401473
123,2.514270039969892
124,0.18285614030481834
125,-0.48941323039318696
126,0.6396275682453796
127,0.3919631205538707
128,-0.665952286429534
129,1.4089748997665277
130,0.1752168543526107
131,-0.5254595254689947
132,0.8456259760298259
133,-0.5649564277391949
134,2.597573973746499
135,-0.4721353966219083
136,-0.5243279369122069
137,0.9816296553586792
138,0.6826974379047346
139,-0.5702385740177729
140,-0.200234334617444
141,-0.10763287575813163
142,0.6920809982367524
143,-0.2113005644518693
144,0.6177305056518057
145,0.9468558054625913
146,-0.5948223206055223
147,1.4328156846817173
148,-0.460478182131012
149,-0.3474293796135548
150,0.5358733552521937
151,-0.662326496013511
152,3.1615705291131952
153,-0.17701868662978115
154,-0.5638582346009042
155,0.1222003355411414
156,0.9183436215624285
157,-0.29017846248384893
158,0.28069533713322503
159,-0.034117010720755236
160,-0.0019082245781995022
161,-0.21306793725603612
162,0.12733764103063105
163,-0.4916063916954889
164,0.40919074643026887
165,0.0349463779096062
166,1.0807566351378948
167,-0.14307415389556621
168,-0.36410320977559996
169,-0.6301450768039267
170,0.05528255069054522
171,5.088680994974476
172,-0.577279731164587
173,0.859193101200209
174,-0.3024634553084914
175,0.16838740502106808
176,-0.5346943602810854
177,0.6475364427779973
178,-0.0471403605566042
179,-0.5814956538918106
180,1.6465634599865937
181,0.597777943712495
182,-0.6940293452707371
183,0.9473163056095548
184,0.10095890992009893
185,-0.027524434409842646
186,1.1904613150854049
187,-0.3933574792132395
188,-0.5039445116952377
189,0.5581351957134144
190,0.22299615860604227
191,-0.36858913520580916
192,2.082673402411693
193,-0.7706937280555872
194,0.5162764515488774
195,0.28134172237317734
196,-0.1408446321454948
197,-0.36316097444785245
198,-0.47923096705029755
199,4.66275505511784
200,-0.29769944288253103
201,0.04538527693476069
202,-0.38939724619408944
203,0.07403876627649453
204,-0.024931594547566993
205,-0.14404903610920095
206,-0.33571438273152077
207,1.0251856478271275
208,0.8212504233643236
209,-0.5336316820720346
210,0.3144691829780111
211,-0.5303054547321515
212,0.6964503158504398
213,0.04471408470458371
214,0.5710266986248582
215,0.21626520751378076
216,-0.15003946716500527
217,-0.3278327822175825
218,-0.6847752374754752
219,1.1693823596829684
220,1.7291008344378151
221,-0.49391326672921976
222,0.11013537065421053
223,-0.7084952340882863
224,2.303482230518648
225,-0.04206446967209898
226,0.012959976504738346
227,-0.22645944371350368
228,1.1897061278749321
229,-0.698570143822328
230,1.8432971295703227
231,-0.27295815264029677
232,-0.05409582254834666
233,0.5816868313301695
234,-0.6445218163696371
235,1.7398791961147997
236,-0.7456912006709152
237,2.4603101790179305
238,0.27679161122172347
239,-0.34208855927968873
0,0.7250406064373671
1,-0.24897389165336248
2,-0.0791564444449635
3,0.3580727101793446
4,0.3153557490061105
5,-0.3653583205135855
6,0.06315553735218327
7,0.07445006305086177
8,-0.6025422498538484
9,0.8827859393849109
10,0.21061908870142299
11,0.31824763600338524
12,-0.0435187668928001
13,-0.707015427895143
14,1.7527477299851046
15,0.3615891143669687
16,-0.46370920743008737
17,1.3050808943748073
18,0.09490683297718272
19,-0.6771261800829476
20,2.0384145795806146
21,-0.2870946683572081
22,-0.5175567596434798
23,1.0625049199702743
24,-0.24605986235895283
25,0.2745008123205346
26,-0.2648792248808235
27,0.644369047273087
28,-0.12321956465062445
29,0.0492356870719739
30,0.0028415805831516483
31,0.21649015401875604
32,-0.6843855447782085
33,2.2414543992893705
34,-0.038348707663116044
35,-0.7427752401605583
36,1.4632631373244855
37,0.8098236499219102
38,-0.625380380369865
39,0.3347942213405144
40,-0.36392374308865016
41,1.0442941258828897
42,0.24603358431573663
43,-0.3729917382431862
44,-0.3268474700097793
45,1.3679115061055378
46,-0.5251396074412202
47,-0.11316846146691417
48,0.6260524906977336
49,0.0953566139026969
50,0.5639469720949488
51,-0.3369077112916049
52,-0.4052100776970924
53,0.5241834162064312
54,0.8115074282742876
55,-0.03910941377241972
56,-0.11649610247981113
57,-0.7644274983076857
58,1.2187875677351365
59,0.27813545154048525
60,0.5754593055518764
61,-0.7992275022523836
62,2.4881351755917835
63,0.14465598473451058
64,-0.28403762176114045
65,-0.4999309242359986
66,0.9332075480286681
67,-0.15400782890620424
68,0.32854176273315505
69,0.3369041220179181
70,-0.2998989811820095
71,0.21422881385244907
72,-0.2856351015315466
73,-0.3369593541071806
74,0.4276889421100709
75,-0.5644924053902697
76,2.9846626745606195
77,-0.19820066458748042
78,-0.12032186165593917
79,-0.4190051981636692
80,0.5728496207466083
81,0.37335572500674385
82,-0.27720460927536117
83,-0.3108379554061713
84,0.052187737034827375
85,1.0542543764880894
86,-0.1689644419134959
87,-0.22198552602749988
88,-0.5570323461311166
89,2.342560602868557
90,-0.3795125331643765
91,0.709653234594624
92,-0.2545919248555121
93,-0.04266887764744032
94,-0.4968601396079706
95,2.262737488055369
96,0.18701678863964966
97,-0.19417832484174558
98,0.013291657298995618
99,-0.11650073032194186
100,0.3351681698832101
101,-0.7597036906256127
102,2.4223508505218954
103,-0.20896007825759788
104,0.487987804372614
105,-0.7671717281727439
106,0.4520326535617303
107,-0.4707810398483383
108,3.932129364494907
109,-0.7276473650000789
110,1.228976669936063
111,-0.16076870599149196
112,0.5141665385445007
113,-0.002362121781282589
114,0.6541508857742118
115,-0.2419359639458053
116,-0.3070253412412134
117,-0.14141506897699763
118,0.8795948770145294
119,-0.4309112065544831
120,1.31038514210532
121,-0.21926235539477557
122,0.12383370856844755
123,-0.6412433938148117
124,0.6707413497933516
125,-0.012775792094915084
126,0.0703132682726213
127,0.3074218131715387
128,-0.19482449231857502
129,0.41053591969960457
130,-0.5365033314399508
131,0.0821486970230274
132,0.052618691310989396
133,-0.12427362491831595
134,0.7726978974571337
135,-0.15047300582909529
136,-0.0018872208556509618
137,0.42297435700150166
138,-0.4108869669769518
139,0.40171097593119454
140,-0.3145674887039883
141,0.5261748875189616
142,-0.2511767193690764
143,-0.6136131995173066
144,1.7327123692222988
145,0.18388019032581426
146,-0.7536973719731428
147,2.2940294974420166
148,-0.4870752167673853
149,0.7043111195114979
150,0.5650843240678283
151,0.2491090546955126
152,-0.21955327245049394
153,-0.373541311887021
154,-0.6652166101662166
155,2.2127918934736583
156,-0.6464334652661987
157,1.8735241499481
158,-0.19801017366964435
159,1.4046620124724503
160,-0.4634846878491474
161,0.06125366917350061
162,-0.5597823772952152
163,0.38237799232709824
164,0.5026928090716611
165,0.3680828691058846
166,0.49838837466411046
167,-0.23181176553852734
168,-0.33685420173676583
169,0.33801414748014613
170,-0.20382115703975612
171,-0.13698040931440336
172,0.6682647412996725
173,-0.5677600303321418
174,0.0543034951057213
175,0.6751777601937794
176,0.6394447359999886
177,-0.3951909942362458
178,-0.3015732951905018
179,0.1604721400463054
180,-0.6610326359302006
181,3.481576403321583
182,-0.6517041171644282
183,0.7867681960829089
184,0.7097971500568598
185,-0.7137147051307284
186,1.5189765316188613
187,-0.23010881198168465
188,1.453217007713529
189,-0.6209715141236536
190,0.846460251225837
191,-0.1274698037362817
192,-0.1579728984065203
193,-0.31631242038962437
194,0.9724304211478549
195,-0.44648516074952627
196,-0.18030179135322488
197,2.154656048229601
198,-0.4698425321401589
199,0.3234809061321271
200,-0.2860733843607405
201,0.19005782978368835
202,0.1175474206016971
203,-0.45680627467040835
204,0.7728988125507348
205,0.6235121592106785
206,-0.4788303399410553
207,0.4166520080639131
208,-0.4197692046695626
209,1.1097147400921776
210,-0.7535583031765812
211,-0.28723593133040637
212,3.3557580214678575
213,-0.36093396045568327
214,0.23532084582627233
215,1.0057372343561592
216,-0.5939144938164169
217,0.1770138450287011
218,0.3157675270038627
219,-0.29032561883861585
220,-0.2059834955171589
221,0.2168094270071419
222,0.651122526364172
223,-0.8148416903965746
224,1.3439556565210253
225,0.35915123406377636
226,-0.3351685250682017
227,1.2013708401037042
228,-0.46216834087041325
229,0.4580609124480317
230,-0.2630608268597734
231,-0.3689719847682158
232,0.6432585143222396
233,0.9034854088815578
234,-0.3381158003348488
235,-0.19117815721485287
236,-0.1940925038284783
237,-0.3544661004433147
238,1.6528325272276976
239,-0.14612500589599753
0,-0.49244023159972283
1,0.4256382205142186
2,0.03194016986626913
3,-0.23223178607470119
4,0.4870208761627406
5,0.30685567409714265
6,-0.41595142844922695
7,-0.03686658298468015
8,-0.5990344010239783
9,3.1973698064121345
10,-0.6153070086915184
11,1.797427642589732
12,-0.18873748256315992
13,-0.4282104804256156
14,0.536919991213928
15,-0.46135113387153326
16,2.071871145484083
17,-0.42330758316211503
18,0.5078401020436631
19,-0.7821577746236228
20,4.876025356679834
21,-0.5061443181605185
22,-0.26666838401037196
23,-0.5231311995549981
24,0.6220785305694865
25,0.2543894015090238
26,1.766189242561366
27,-0.31671449967985055
28,-0.508392593583944
29,1.3617304375610915
30,-0.45113944817530927
31,0.6708916954854485
32,-0.10668890164700462
33,0.062056699686447336
34,-0.14270079665095803
35,0.3683941882821602
36,-0.41400159055291785
37,0.2831957939190628
38,-0.34708327596591704
39,0.4521606743814699
40,0.24010293290957518
41,-0.4299608523848859
42,0.655633988445212
43,0.05372439621548408
44,-0.16384989469269373
45,-0.023519906636295662
46,0.3276769842575564
47,-0.19391206673790595
48,-0.5151079585190632
49,0.40051127538428655
50,1.3935774777997145
51,-0.46274696989236486
52,-0.026621984171827262
53,0.5825265843425769
54,0.07317274302099808
55,-0.6080550103806253
56,1.562337865913539
57,0.06398104085656553
58,-0.5625358695647288
59,0.010370636993694893
60,0.9200557933262599
61,-0.7003853708987857
62,2.099593646995083
63,-0.08600342625539681
64,0.21714536590586397
65,-0.45200207091970823
66,0.08504726638935645
67,0.28184131151591485
68,-0.504096926578016
69,1.2559193266339852
70,-0.49736919418558456
71,1.3413958152170422
72,0.10685612517304999
73,-0.715557643566233
74,1.0270916636239544
75,0.44101735761089667
76,-0.13172795304576268
77,0.22511072405719879
78,-0.5643340530315062
79,0.7319829838228167
80,0.03330283166724679
81,-0.6193008279577032
82,0.7528988730772179
83,1.443345807170083
84,-0.17597081433349349
85,0.4713917374445489
86,-0.2545560003946714
87,-0.4954169451170962
88,1.1182321131186197
89,-0.13790645583199534
90,-0.504318185946251
91,2.1821774924801964
92,-0.3907386319331976
93,0.3339171188757113
94,-0.8301845167019557
95,2.266812450919462
96,0.3027111457482301
97,-0.35392583033158
98,0.3486813886153952
99,0.25505879450918356
100,-0.7194360355016269
101,0.20483557268645525
102,1.1235595103344838
103,-0.03962482415272994
104,0.40917967719565995
105,-0.20173239627035155
106,0.13488093017840286
107,-0.11730665998530876
108,0.6515599824389811
109,-0.7269346582445981
110,1.6179106861391137
111,0.6471475608685782
112,-0.37936410379662255
113,-0.2674461243563222
114,0.15321133637364137
115,0.059629853067166394
116,-0.4427676121270637
117,-0.009799175753514078
118,-0.039395475590786044
119,0.6536208441539715
120,1.2313086589316975
121,-0.379334673079607
122,-0.7133834745918823
123,-0.2464663221273482
124,3.474593822281065
125,-0.2752588307489967
126,-0.6211799035746283
127,1.9166523182109696
128,0.03254803243310578
129,0.1711288011699521
130,-0.24302202152160102
131,0.01853652609851064
132,0.21890268422005965
133,-0.317308405667335
134,0.24580467055774924
135,-0.07943507204672617
136,0.05366872549663371
137,-0.13436520677213637
138,-0.10154952857813881
139,0.46427422826591447
140,-0.1770895524082723
141,-0.22425970439411325
142,-0.3424083245845093
143,1.4912251928598046
144,0.03784874303957153
145,-0.4804011584656085
146,1.2394432409323013
147,0.3185368999452247
148,-0.21662676158742922
149,-0.7130606137468465
150,3.724173030695823
151,0.16298155919768442
152,-0.4846612718154727
153,-0.4836473873876912
154,-0.5089132493580854
155,6.46129586249611
156,-0.43138080071254936
157,-0.1643029945990775
158,0.06303355437117397
159,-0.19756017329417697
160,0.12054129260611113
161,0.3911096026254657
162,-0.023919060336087816
163,-0.718863650672517
164,3.0223873547424596
165,-0.36796649934696657
166,-0.3855518229034248
167,0.6978309547778274
168,-0.18025301544119154
169,0.03777256361443526
170,-0.5295978129415124
171,2.7172581447479573
172,-0.4297299217064027
173,0.1258672952569555
174,0.07551994921848193
175,0.25055106231136026
176,-0.7538939382031107
177,1.4905596774573717
178,0.20045778617082788
179,-0.6407678223596414
180,3.612546146380292
181,-0.561861838331676
182,-0.5878790517449639
183,3.0823098043942414
184,-0.3289547537629819
185,0.3418612676875008
186,-0.2655270030207265
187,0.8582100312689807
188,-0.16181953860275622
189,0.07999578313909383
190,-0.20913286861751113
191,0.3272552160573279
192,-0.2565755365496082
193,-0.6299904200478696
194,0.26659222634701374
195,-0.0365081808266855
196,0.3317827659788075
197,2.0083367205558416
198,-0.6232569013265392
199,0.7865206642519671
200,-0.4851050296071646
201,2.1717038610765114
202,-0.31874886882971476
203,-0.32540128426853776
204,0.06601068750131045
205,0.24033842533451355
206,-0.5704461208247971
207,1.0633943512445434
208,0.6978862294238173
209,-0.3517206225418741
210,-0.6784457016870393
211,1.6258699000539654
212,0.7038246101707717
213,-0.7408748407683059
214,0.6877826729516989
215,-0.6549293878512982
216,0.45297906185416825
217,3.5180907677482685
218,0.43874413270082036
219,-0.7203870911520791
220,0.28333889769483855
221,-0.6388580762594087
222,1.6229585960746302
223,-0.7076627945669547
224,2.5998704326079314
225,0.6242304741715681
226,0.2562529292303679
227,-0.442628204067148
228,-0.15703783238765556
229,-0.21766840790560027
230,0.41338447143296997
231,-0.24343012613410608
232,0.9015385867426928
233,-0.2721534024640201
234,-0.0009409761310399389
235,0.06754367742987544
236,-0.24424515969349003
237,0.4337066167946262
238,-0.08115759158609492
239,0.48899744139438805
0,0.885125745359034
1,-0.37049193835144356
2,1.2533629604863448
3,-0.5310444088546666
4,0.17170482920343288
5,-0.5423872611192124
6,0.10717521511787376
7,0.1341158647169569
8,2.4274005355390327
9,-0.808082047276792
10,4.485801769536384
11,-0.36857639906886075
12,-0.523615263936355
13,0.7717103888833972
14,-0.4516825183736789
15,1.1470688032419534
16,0.29444184849211164
17,-0.036685761034346065
18,-0.25600711611673443
19,-0.5127008669077366
20,0.907385312868445
21,-0.30535499635087127
22,0.16735590803334888
23,-0.23285193681178085
24,1.0374395587275167
25,0.034333777026635204
26,0.07351610352513815
27,-0.48890150604095606
28,0.2158439152797098
29,0.15633335075875032
30,-0.28718660013330566
31,0.13655465262204225
32,-0.6137788979778005
33,1.9305652363992714
34,0.2793291738250181
35,-0.28682394905653175
36,-0.1401175769424382
37,0.5409470741901206
38,0.08171369099428549
39,0.09005460331318571
40,-0.11806095999890742
41,0.11803212970096122
42,-0.15787687425587615
43,-0.21501479998916195
44,0.15573171961987176
45,-0.5567337031554803
46,1.0175018230547415
47,-0.09922387169326097
48,-0.15340982268712533
49,0.3366601082855807
50,0.8629216138716709
51,-0.34162544729933986
52,-0.04138606744112128
53,0.2251063275007681
54,-0.1121706031199321
55,0.12074428721637487
56,-0.6196219677869457
57,1.0384630405274335
58,-0.10743425265343243
59,0.05793357839664792
60,-0.11342640948156524
61,0.7015927690393131
62,-0.2651380241058515
63,0.308087090173075
64,-0.40608444736387295
65,0.5352312455961705
66,-0.31133605339115056
67,1.5005557530782068
68,-0.09565744819663868
69,-0.48760542089375347
70,-0.5061557680363008
71,2.0011248195469724
72,0.27193430286894515
73,-0.3279693122756374
74,-0.3715455737764517
75,0.3969228591974947
76,0.3634938004306163
77,-0.3535417703723486
78,-0.4199731363331095
79,0.5099838676651312
80,-0.18208318200477724
81,1.0199275996783634
82,-0.46101591247713847
83,0.7603597048804107
84,-0.13218198106797463
85,-0.5706620073391626
86,-0.2695660135055322
87,2.2694037461686407
88,-0.2033873693593935
89,-0.29686698554371527
90,-0.04035491562220528
91,0.46841577046825345
92,-0.2114664247736021
93,0.014093163458423152
94,0.7836295047098869
95,-0.47120407908086903
96,1.6745319301046084
97,-0.5738354985608796
98,1.0081094767261605
99,-0.8065009578995556
100,0.9716297707862143
101,-0.40817580294375266
102,2.8457546620329137
103,-0.3882154079032619
104,0.38771835532894916
105,0.0005542717638646888
106,-0.5304635836519362
107,0.6795229605658564
108,0.2722092946505439
109,0.1542718882002283
110,-0.8045988922139415
111,1.5861691511916214
112,0.5547406827610712
113,-0.19500545245579148
114,0.17395764754787169
115,0.3830412980508866
116,-0.6931809176691883
117,0.9519648180686511
118,0.13541386028534363
119,-0.46999581701250126
120,3.797440616478762
121,-0.4490995291959552
122,-0.3255544151178186
123,-0.37861933401779335
124,1.1146230846548075
125,-0.2447327459531179
126,1.0692051715873596
127,-0.408889606208375
128,0.009527198074339882
129,-0.5059471433650615
130,0.2201984050361243
131,0.33465157421800407
132,-0.05877676649781782
133,1.0259752834690006
134,-0.5295474462468862
135,0.14399474457996364
136,0.6454216401937702
137,-0.7829355731930989
138,0.9959301273207606
139,-0.3530836535458677
140,3.181582981428102
141,-0.4396237688954865
142,0.4722702649507857
143,-0.7492364718975058
144,1.6463671760610459
145,-0.4965245621336012
146,0.7859777766030784
147,-0.060164608571008804
148,1.4556552226934922
149,-0.5238004056194886
150,-0.06815726739694172
151,0.032196130246549215
152,-0.07125494527634535
153,0.21201906117284253
154,-0.011086832200962071
155,-0.5437860210121375
156,0.293668783779232
157,1.2434996025453566
158,-0.5635953319463733
159,1.3212140411773698
160,0.22530932579227314
161,-0.13968754096677505
162,-0.5986831992418375
163,1.367747937983229
164,-0.7169897752699275
165,0.6926102093039967
166,0.8176249216228368
167,0.008395683155701494
168,-0.06974141476227791
169,0.3679065425689536
170,0.3640006462282668
171,-0.6894148656168437
172,-0.22548694118828871
173,-0.0441118473267319
174,1.1494215645052672
175,0.30164235842468345
176,-0.23943416187081534
177,0.08055846854198201
178,-0.6221774261306403
179,2.960852338712809
180,-0.5598160547379902
181,0.144577089183048
182,0.4081813469864428
183,-0.6104470717774165
184,0.7961475156279874
185,-0.08498584134522691
186,0.7495639639226002
187,-0.4890698499218725
188,0.8710942027794706
189,-0.19027958724908645
190,-0.3470553053549138
191,0.7561833827669071
192,-0.5029012876981123
193,1.6755695686407384
194,-0.15529198147564982
195,-0.2909175349328551
196,1.2314920764816422
197,-0.6611013884963679
198,0.2564418098262915
199,0.5811602256678989
200,-0.06692770355428801
201,0.5097203040001383
202,-0.5206847988312997
203,0.2289501891130632
204,0.20871780850168897
205,-0.45868547682103844
206,-0.1451722905955689
207,0.406104236030151
208,-0.29482135747339133
209,0.5990110193718516
210,-0.38691277777178923
211,2.702165300730616
212,-0.29945009138333245
213,0.4008922454581276
214,-0.6856538762413504
215,0.43419748935995583
216,-0.7024523512547778
217,1.670967059668944
218,0.24638642301557367
219,0.33249012361984076
220,-0.6253523928137796
221,1.7503335197050776
222,-0.5536315554035884
223,-0.33517175404112765
224,2.4238354426215727
225,-0.7894529068836269
226,2.1936902866110044
227,0.5927109524281224
228,-0.2738084955377179
229,-0.17583760471222143
230,-0.3707063016785189
231,-0.3950057530290352
232,-0.2121661590551127
233,3.4245894236073875
234,0.6511983501839342
235,0.023185785898119482
236,-0.43705843438639824
237,0.31980724872298527
238,-0.13247305586332725
239,-0.5446992428109969
0,-0.541935235517347
1,1.0415046029382018
2,0.4521209759958291
3,-0.04901408189898393
4,-0.6747898895804065
5,1.9855142551557137
6,-0.6699401433255117
7,0.40243698453680654
8,-0.1265444540667946
9,-0.27898701650818203
10,-0.14232425440395058
11,4.701093239342422
12,-0.28621102821952005
13,-0.7565839365904863
14,1.7215288131426627
15,0.8035688297804111
16,-0.188869362792228
17,-0.7527140880416339
18,1.3476862226634934
19,0.17454123121911924
20,0.6100870627099073
21,-0.4173947917503328
22,0.8624858938574993
23,-0.1386863687188773
24,0.2611798106960441
25,-0.43156903462336016
26,-0.20951908652267737
27,1.6621660559803977
28,-0.5717743831042099
29,-0.4529199494397521
30,-0.0722009618778674
31,1.9168464806909973
32,-0.4194741925725919
33,1.1439917027766469
34,-0.6410526865523618
35,2.825324164501973
36,-0.46994807685594864
37,0.37519882622570044
38,-0.4160931782089352
39,0.5841683686444965
40,-0.5561158519190736
41,1.3609576431866977
42,-0.7974258429486605
43,3.9667106920715653
44,-0.47651323521042577
45,0.11678821443136234
46,0.27134878949174546
47,-0.6587255757120145
48,-0.11325206832053258
49,3.52741933177772
50,-0.34456512073980916
51,-0.5375424598206384
52,2.031084173579062
53,0.19727280898390798
54,0.0439655305093829
55,-0.6769630544605874
56,0.6823743798785267
57,-0.34432163382505065
58,0.7509042904045689
59,-0.015342995538799364
60,-0.4637445788087112
61,0.7499999766830141
62,0.3168950292172896
63,0.14434504316025176
64,-0.21184020778923984
65,0.10901944858577273
66,-0.37110773210204073
67,-0.545077247771665
68,1.7275453583566502
69,0.5469606365462725
70,0.11071276786436135
71,-0.44711941514736564
72,-0.34364721843689106
73,-0.43723234045376513
74,4.09053758316793
75,-0.829316366670007
76,3.9856326205523818
77,-0.08504490849520607
78,-0.47724485669854066
79,0.9882570940730684
80,-0.30317596934678026
81,0.5950055071657672
82,-0.3468229405854991
83,0.3609809835869928
84,0.05609173711815285
85,-0.2546302500475416
86,-0.04106615649947709
87,-0.1942792057878293
88,0.0030393511461335176
89,-0.6433846038641222
90,0.4425997406088522
91,-0.2024739614524148
92,3.755946312095549
93,0.19586653494095785
94,-0.6001393216056348
95,0.04047288214433031
96,0.23126091443102426
97,-0.04313519094707574
98,-0.1411798187506842
99,0.9840366927821329
100,-0.5278738924598514
101,-0.5968570385586816
102,1.9845875942590703
103,0.22829922541904368
104,-0.5004252920462219
105,0.5911983211160465
106,-0.21820172821316086
107,-0.48094291105633424
108,3.250072614432253
109,-0.4796231244374777
110,0.5128457780086941
111,-0.19608794770112903
112,-0.48763253032059983
113,3.9589721842135104
114,-0.4834201279023692
115,-0.1988636981935058
116,0.8467987795683816
117,-0.8307651130179466
118,0.21644458617545626
119,0.5025155663418401
120,1.6919760206447112
121,-0.7818303726078553
122,3.418758228560252
123,-0.39061352389183646
124,-0.28399211305925853
125,1.264095231170403
126,-0.25206057786132974
127,-0.5150910003266336
128,1.9462567630152714
129,-0.7974945901014558
130,2.0860783557860194
131,-0.4808305809043262
132,0.12018660986575203
133,2.343462771824981
134,-0.11635006282896843
135,0.12224803097202197
136,-0.3212174959016769
137,0.09459325283325182
138,0.3503392505132805
139,-0.2730019073277472
140,-0.5304225370091276
141,2.7865233022079248
142,-0.5542254211112714
143,0.07870909725453434
144,-0.022709664059845647
145,-0.7229206844728044
146,2.9822455672644175
147,-0.027375985086378618
148,0.04332748632773664
149,0.17735394247823133
150,0.6689721278023613
151,-0.6397369717561223
152,0.14239215276961992
153,-0.20675493001085998
154,0.17284681183853423
155,1.1623632530933299
156,-0.708654942422813
157,0.40195409928596515
158,-0.1544481913705984
159,-0.094770067356166
160,0.6516833670794309
161,0.5658851119492787
162,-0.667506156918138
163,1.0429317683249493
164,0.2459696800237896
165,-0.6160601556621859
166,1.1372994418309559
167,0.6506897363477324
168,-0.4211981323293773
169,-0.2035446266339015
170,0.4477357542320737
171,0.20103027415314179
172,-0.2174658023187741
173,-0.05403613433772114
174,-0.0037713549018182357
175,-0.3646439766586461
176,0.21007234002522912
177,-0.3584495773308073
178,1.59810919773146
179,-0.35267663865698506
180,0.5730289997205524
181,0.051060653319526805
182,-0.23743188088546163
183,-0.21168236891382664
184,-0.021260809365974742
185,0.25085486770797627
186,-0.6921963518593548
187,5.626772462679352
188,-0.4740895039479822
189,-0.7718316973978143
190,2.0453871133571537
191,-0.47555750249722006
192,-0.3382265737242931
193,1.8670772178115933
194,-0.6760347465881462
195,5.574622655624605
196,-0.5499622448670753
197,-0.1586722594727712
198,1.4938482475076684
199,0.22441396533872449
200,-0.45311846637456143
201,-0.4429504535809725
202,1.2515327100767673
203,-0.1537708410853562
204,0.314641549161202
205,0.5050460731971351
206,-0.46536433461087845
207,-0.1427860511261866
208,0.30982053581890145
209,-0.37858970375287804
210,-0.6583989456408081
211,2.4572786958001274
212,0.8833592618919484
213,-0.7516215638969759
214,1.0032060276623809
215,-0.3812061619464219
216,0.4858347467915083
217,-0.46917014581522054
218,4.231070010028518
219,-0.7186809932943963
220,0.23226448447695924
221,-0.011974891993742132
222,0.21956075268267772
223,0.2415855879595692
224,-0.027729517770651357
225,-0.01724212035533723
226,-0.19856195747512329
227,0.11056931859297059
228,-0.22716974708189108
229,1.8200160730339303
230,-0.4840299589520145
231,-0.22779844830517215
232,0.1992342360278636
233,-0.4112707469376219
234,0.11487713368389008
235,0.5100296294476407
236,0.339861220829331
237,-0.19752963656814193
238,0.2685057230830654
239,-0.1608361842715117
0,-0.2529279510703554
1,-0.5780648375361848
2,2.443417250558778
3,0.702755116321921
4,-0.7397347654988312
5,1.7837817118718244
6,-0.6280747630972192
7,0.37695606480861854
8,0.33954948523384076
9,-0.1446485356731083
10,-0.04113936011140584
11,0.6434008921838581
12,-0.7948886912135006
13,2.041622919504598
14,0.5892331524129668
15,-0.7936446999944804
16,2.1139014181556277
17,0.08408454817178401
18,0.3661412331963998
19,0.09453924761775512
20,-0.7746614860930473
21,3.7945241473887013
22,-0.3353161679655887
23,-0.13772291443515206
24,-0.01858949400117149
25,0.4901189386130109
26,-0.03191844700355173
27,-0.7730509760417462
28,0.0021377755677947086
29,2.079467471596432
30,-0.13432632624459817
31,0.9518911568075972
32,-0.5315809864360455
33,-0.46089066391005984
34,1.8795267599924195
35,-0.2762857805642879
36,0.0992735462057861
37,1.077341642130596
38,-0.7606410191206422
39,1.4528482017737296
40,0.09560700833354097
41,-0.05265058193413019
42,-0.26962856632337473
43,0.46373565004107564
44,-0.06310215218020676
45,0.3328818813948502
46,-0.06329130410544559
47,-0.296426253669241
48,0.19661468689016193
49,0.1997705142482611
50,-0.217358092108615
51,-0.31483665526024895
52,0.1751336188431345
53,-0.33892383723960906
54,-0.47757349095314616
55,1.130131770711818
56,1.0105111924010695
57,0.04754056427332287
58,-0.6451940726358882
59,1.8950401598890552
60,-0.6094127721059914
61,2.523668280740669
62,-0.5793516527189375
63,0.40616687797780116
64,-0.39814194912621725
65,0.4917821588986391
66,-0.12992564285692532
67,-0.49641689971845737
68,1.9746536107225183
69,0.012873061137269604
70,-0.4613073323178669
71,-0.046892743929361935
72,1.1786921885975201
73,-0.07819476254625468
74,-0.4166237127730753
75,0.7466626879632596
76,-0.4404473357187281
77,0.28904425841673453
78,-0.5313056166953894
79,3.551856665505894
80,0.05005715864792015
81,-0.36098516848875284
82,-0.37869897215913106
83,-0.6497632550246908
84,0.408624870876805
85,1.248390313077639
86,0.13597889351147652
87,-0.7423416519515919
88,3.202435576474304
89,0.11177755516295074
90,-0.3360431560634536
91,-0.14417232155617976
92,-0.3304388581598522
93,2.8261066726913486
94,-0.4303457883864259
95,0.7802748869395584
96,0.007671029251995476
97,-0.3092059775052174
98,-0.11093699420756653
99,0.11819175435559637
100,0.3193963353138325
101,-0.43653920934827406
102,0.22783051078384164
103,-0.164487739852747
104,-0.2944385030000055
105,0.054283352687887865
106,-0.629247186043565
107,1.9038703055753032
108,-0.15053428112274292
109,0.5037949466902829
110,-0.45046722009157325
111,0.0671635286587271
112,0.7997150264150279
113,-0.40681164398715697
114,0.21865991440913302
115,0.4982973399005186
116,-0.7406074589736387
117,2.423408340340491
118,0.5886704200499859
119,-0.456986351766284
120,0.24998109566871696
121,0.2717613529870999
122,-0.6852864618633339
123,0.5651514017544021
124,-0.05553186843666014
125,-0.30214911213732776
126,1.7559203974567383
127,-0.30373933207523685
128,1.19405116587689
129,-0.7794647507612059
130,0.5812225667673492
131,0.37495858204965216
132,-0.19308482835040974
133,-0.17825531412237594
134,0.46271142964463574
135,0.0327733527451719
136,-0.23412211525238447
137,0.34242486326559285
138,-0.16479160571244766
139,0.5729817049142156
140,-0.45944864014228404
141,-0.052415271589733914
142,0.9775320856787719
143,-0.2579564522516864
144,0.034871398307599444
145,0.32932710270706145
146,-0.42940972104712505
147,0.2707598710267194
148,0.040989025130205414
149,-0.69023300934087
150,1.1864311004244148
151,0.3253667229506323
152,-0.35321378677652326
153,1.1473600342274168
154,0.26551174847723913
155,-0.7315534209788905
156,2.454601519984961
157,-0.6374636888727863
158,1.556059657968416
159,-0.13491252001473664
160,-0.2690691246296656
161,0.1496287695167675
162,0.17586922803325544
163,0.04621941225337456
164,-0.5337207044294683
165,1.2885688697269888
166,-0.33731491017148574
167,0.15358072362259256
168,0.31360549788202596
169,-0.5765496731674268
170,2.1490596281146606
171,-0.5637448332110935
172,0.4312093570043578
173,-0.22366691377208558
174,-0.1971651881569948
175,0.12168361961590213
176,-0.40153576326297247
177,0.6675638482158615
178,0.5809874536963735
179,-0.09918044358887268
180,-0.2770843449511893
181,0.8169089976369501
182,-0.43184748512862137
183,0.11718031954223407
184,-0.16982439389196635
185,0.15945846312340217
186,0.33449593890432316
187,0.30210645517085033
188,-0.21513551459501945
189,-0.7336952507579447
190,1.4468734410791408
191,-0.17392960670443613
192,0.6009435573108399
193,-0.15488014683517637
194,-0.6573980663119531
195,2.1161302299595035
196,0.11940675421667524
197,0.004397237516015728
198,-0.3545526166214865
199,0.3818477567166849
200,0.3060054063239934
201,-0.505823186708603
202,0.1314880252573125
203,0.4851259317918286
204,0.4724071422881524
205,-0.3998728692842918
206,0.14568575951127194
207,0.979018383585041
208,-0.10224929100645597
209,-0.48692734213950983
210,0.8927817459956997
211,-0.607425392931656
212,-0.08461380018317166
213,0.006095114815079183
214,3.1842915218056485
215,-0.6694460509561384
216,-0.025806131303514834
217,-0.6462636970489102
218,3.286276527888563
219,-0.28514595674478616
220,0.16893194147556456
221,-0.3250877320525226
222,0.2288954093752158
223,-0.39563560075451665
224,2.556749680603296
225,-0.4618582878541525
226,0.11232562256113177
227,0.24722675946440953
228,0.12653357112879915
229,-0.4307108004157598
230,0.2732447272432226
231,-0.22041027764525656
232,1.7548553748458913
233,-0.6486341753155891
234,-0.20381875233597913
235,0.2652464826427279
236,-0.6858851302575398
237,3.1354251731888594
238,0.12092711992508676
239,0.38072124816151254
0,0.5853191646245124
1,-0.307949364002043
2,-0.4389054510553304
3,0.387916218634178
4,-0.1191558070284543
5,0.8296586136162596
6,-0.7403120553304177
7,3.732544840517808
8,-0.46421320229425567
9,0.7946741701058879
10,-0.4119263019953835
11,0.3669298425209542
12,-0.07312496429107784
13,0.1209106486185092
14,-0.19903831251757165
15,0.5363192408788962
16,-0.3506631095648646
17,-0.707040664167633
18,3.5470884627759105
19,-0.5664428620137538
20,-0.11233111081916602
21,0.7921151908102424
22,0.2258557786529718
23,-0.06768842413833165
24,0.05308049670748449
25,0.28408894845920996
26,-0.033583246239555
27,-0.4387688031782466
28,0.15851921278331038
29,-0.262288792155316
30,0.3872236394808297
31,-0.1687997893421609
32,0.23969786470000076
33,0.5410588970041104
34,-0.5198039179701475
35,0.31966444036220754
36,0.6100040512893423
37,-0.28294804727635225
38,0.49618592823071483
39,-0.677974541475771
40,0.4530231304863843
41,0.04164642921410411
42,0.6186301636618796
43,-0.705303419577872
44,-0.20483022390717975
45,5.729286338163467
46,-0.31853097743545555
47,-0.4941317050079961
48,-0.02693246859665044
49,-0.3625356777355323
50,1.4780823414185646
51,0.41000601437840123
52,-0.14242013782026608
53,-0.5484665524406215
54,0.7641093440819791
55,0.4191012507303935
56,0.005673573934639631
57,-0.05891851718578478
58,-0.6727092566834834
59,2.30376716796277
60,-0.45752110334680585
61,1.1259416592361764
62,-0.2417472881687034
63,-0.4833171947843924
64,2.0316683809599185
65,-0.5848625188143453
66,0.05743629310396048
67,0.35491131011578214
68,-0.7380551596931644
69,2.1665270982267235
70,-0.1102760196035788
71,0.1881542102066205
72,-0.09671864254917062
73,-0.6396249657449382
74,4.47454513283908
75,-0.6113181946294539
76,1.232587681868166
77,-0.37365453825244455
78,0.006653565460698951
79,-0.48456752133091374
80,0.4016175339732089
81,1.790902474991837
82,-0.8385979640554296
83,2.5357881326099774
84,-0.29615787255898895
85,0.6330881345703829
86,-0.4554226397349562
87,-0.5626303760576763
88,4.06236041033085
89,-0.036872303123128836
90,-0.5209592786805706
91,1.0029660559913198
92,0.06853626940359803
93,-0.4625774670717363
94,-0.362584452301838
95,1.6660778189184877
96,-0.7974475505895144
97,1.8269102536099342
98,-0.6238183983423755
99,3.263033914550679
100,-0.6555298175431663
101,0.36057510627205813
102,1.1820214889476683
103,-0.05281897942448721
104,0.2334291833698805
105,-0.2755407980205482
106,-0.5413149715235839
107,1.5043306279823874
108,-0.6466765237877674
109,0.7689063391661823
110,0.9733870866855832
111,-0.41400666652750506
112,-0.5151100138780846
113,1.0383522806680192
114,0.10365986129564408
115,0.403209061786971
116,0.4135673336762584
117,-0.7331374801175006
118,1.82323371129959
119,-0.44331919020612587
120,0.42727175889418567
121,-0.5099995781155008
122,1.4069200173876606
123,0.2563034069991217
124,0.07571424813048777
125,-0.3462059541910806
126,0.14493885273060791
127,-0.031341165314799246
128,-0.2272920267023656
129,-0.6939751431616583
130,1.0297750592558428
131,0.9846179029302062
132,-0.2379869316748745
133,0.519991576324744
134,-0.01585794702476573
135,-0.4000673394329197
136,0.4255339083911964
137,0.07660461154940945
138,-0.37332498819610815
139,-0.10928216373725996
140,0.25477726112643984
141,0.1168663116492421
142,0.033773950157113486
143,0.3567417180641923
144,-0.1659132251349792
145,-0.25907380512773137
146,-0.4330493832346404
147,0.926803171640951
148,-0.45640610223777456
149,1.439103662411275
150,-0.2808058038805078
151,0.38268955840272323
152,-0.020960917547787616
153,-0.020586285929398263
154,-0.16379130156006172
155,0.9076067798529737
156,-0.052304389847356414
157,-0.35313507795168386
158,-0.48376553823832336
159,1.5763178107200297
160,-0.5780811910081438
161,-0.31172439845782174
162,2.823600057993333
163,-0.6842377373545485
164,0.04029596777498767
165,0.32485068570904363
166,0.23968024836510393
167,-0.05453905019525651
168,-0.12177487595626857
169,0.6371486029103675
170,-0.14768593455125067
171,0.9050893400725131
172,-0.673493338167032
173,1.0878171789633746
174,-0.03197115040830767
175,-0.33216669816411004
176,-0.3165796121925236
177,-0.39466126347425523
178,1.6366765028401642
179,-0.11798412896616006
180,0.29792047494441287
181,0.0005510366072276618
182,-0.608102447781595
183,1.2000037227982219
184,0.1174481344934073
185,-0.28904775750689293
186,0.8059568707176019
187,-0.3916983036643079
188,0.7567831656345525
189,0.6525239669821332
190,-0.6591713980361343
191,0.32701754531947524
192,-0.2573196485326815
193,1.5938939226140167
194,-0.49121853127626236
195,-0.17888776193599565
196,1.2773782872474562
197,-0.6374611436262729
198,0.3400172634766585
199,0.2678562298574909
200,-0.04673316162671437
201,-0.13695033789059818
202,0.38573454180607225
203,0.2851848305195417
204,-0.6322038778006869
205,2.1684056619344036
206,-0.5730882438250875
207,0.3140096307633298
208,0.24799174945630953
209,-0.8216177348070194
210,3.2834923540107113
211,0.25341389752163
212,-0.6609753535306161
213,0.9666812344510258
214,-0.023030939110386783
215,0.07600058322994974
216,-0.3326623721160987
217,0.04430075820248547
218,-0.24700584835317774
219,0.4530037681569574
220,0.7334553939186392
221,-0.607090974451243
222,2.028175809894119
223,-0.7930045739659658
224,1.9559557265145116
225,0.2431962752323158
226,-0.3709353922057991
227,0.6087334050085005
228,0.3259252436113409
229,-0.35001684750787265
230,-0.10594204137119156
231,0.20814767897769215
232,-0.23677139175400852
233,-0.005336978388497449
234,-0.06085900450942605
235,0.7983638014045751
236,-0.24777066892162947
237,-0.2127919050655811
238,-0.6240881313430016
239,-0.20745916843031575
0,0.34743772831948627
1,0.13799840795922713
2,-0.2615525444411214
3,-0.19265907963977902
4,0.0419748288489985
5,0.41006257285516257
6,-0.3658998110158319
7,1.2114129401436973
8,-0.09849566226251227
9,-0.43907902441802127
10,-0.008921486159470637
11,0.09999147031367905
12,0.08740399644928609
13,0.1711571691353977
14,-0.16656101872905837
15,-0.6290206902430423
16,1.4951789343190067
17,0.23867327583663234
18,-0.38407503296292433
19,-0.36633660035586313
20,0.1972559713922628
21,1.8183171270553236
22,-0.46936147510136406
23,-0.19574918913425432
24,0.3543275619161128
25,1.1396494025377977
26,-0.13940748411299286
27,-0.8212474584197007
28,2.0634981341394396
29,-0.4226682707841687
30,0.6333927740707135
31,0.19308607504339959
32,-0.0683061190392884
33,0.16287236854341502
34,-0.590556484543335
35,1.2967301520257388
36,0.42133905633897695
37,-0.052550053911167294
38,-0.10729688967238715
39,0.18432798826245622
40,-0.7242855263719579
41,0.07943523826705201
42,2.237028806761889
43,-0.4208210341055242
44,0.5948775075852251
45,-0.7277724752241579
46,0.673946555585281
47,0.7287092030334232
48,0.4306019555122502
49,0.10934951772878576
50,-0.6162679434413731
51,1.4924596631522973
52,0.19691263508288648
53,-0.14084084542302633
54,-0.14715015804243525
55,0.06315507186974001
56,-0.15352136825412876
57,0.48098066868034195
58,-0.5615690880045583
59,0.19831986553596903
60,-0.16407843244876086
61,0.7073785436785749
62,-0.35783995107734734
63,-0.6540406594150743
64,0.6829389590678816
65,0.77434436246962
66,1.325460166615485
67,-0.8140751567498157
68,2.5341519753042996
69,-0.018416132838695254
70,-0.14282078412224475
71,-0.7306933934076228
72,2.1425054619624744
73,-0.18797623349271975
74,0.2515380559605618
75,0.42922738658406856
76,0.06719653879835685
77,-0.12668982638900483
78,-0.7640084462903916
79,0.8736891603827732
80,0.4945593385846221
81,-0.03030822610090045
82,0.6566332598933442
83,-0.32643915858061356
84,-0.48002143403008457
85,0.7479911545784388
86,0.5067240548518424
87,0.0882581866587544
88,-0.3956923795855546
89,0.03713250477556951
90,-0.148360207555442
91,0.439624357086311
92,0.36278676650419395
93,-0.2909069551716389
94,-0.24907169921840455
95,-0.5849611873159302
96,0.13870342420469473
97,4.6490977681342125
98,-0.27792523191947716
99,-0.08867551722740685
100,-0.578828424074839
101,0.7065303216412242
102,0.0731354299085174
103,-0.010702903641582995
104,0.3320325910111601
105,-0.4814816747866928
106,-0.0469649456632637
107,0.29627011597490926
108,0.010097764501063144
109,0.4365701250826677
110,-0.37839710294433115
111,-0.2492616963565154
112,0.34831883083103254
113,-0.018893974573795158
114,0.17738540596901498
115,1.3070391246399473
116,-0.45005022243419857
117,0.14107746376813957
118,-0.0730060457065449
119,-0.03887938469084773
120,-0.6033753009879175
121,1.8197063301270706
122,0.06554178847731063
123,-0.572652056325656
124,0.47553427373538026
125,-0.5767614916524639
126,3.48046819874396
127,-0.3236784335457903
128,-0.49411899777011226
129,0.07889382337176798
130,1.8739902235974064
131,-0.3817130910854607
132,0.38135182514778054
133,0.212019728603408
134,-0.37224928587317574
135,0.1957281784362801
136,-0.27356058675900885
137,-0.049738025897026694
138,1.276482349858051
139,-0.32795938740624386
140,0.47050852022530654
141,-0.2028955220966382
142,-0.49544679805026126
143,0.36128939136640725
144,0.11584295264806799
145,-0.10006192116449775
146,-0.49290755914639817
147,1.0999947433511732
148,-0.7456463689367985
149,3.4625636784516303
150,-0.038677295659341304
151,-0.2747552677443571
152,0.04713401214122359
153,0.5702556514910069
154,-0.4132315136827144
155,0.7299574265277584
156,-0.5126848182764997
157,0.2910016153150947
158,-0.6740189745524237
159,2.102342223457309
160,0.1287963894796611
161,-0.40602988546857766
162,-0.5274461375396535
163,3.125171638717382
164,-0.33236426092876825
165,0.19243375183291955
166,-0.6358379223837365
167,1.04456809432406
168,0.0196832305213972
169,0.18788105164317614
170,0.07053429706287617
171,0.07686413469791331
172,-0.25984545142794324
173,-0.26356660133691645
174,0.21778082375387875
175,-0.060375097637302866
176,0.23934157354706853
177,0.9424442917908487
178,0.019957319223401937
179,-0.5543568135004937
180,0.4239964740234874
181,1.0350698015435804
182,-0.8345523130428546
183,3.8585984165971032
184,-0.4786613855802385
185,0.21309951276970662
186,-0.01641407578401677
187,0.8174870291651763
188,0.23298071031035428
189,-0.22227100518519272
190,-0.429930933135826
191,0.3023286117525761
192,-0.6429824393137868
193,1.211881173926089
194,-0.5263434223958094
195,0.36440589023622305
196,1.7338100540921881
197,-0.8473681952086727
198,3.6586653858487015
199,-0.1503028695470715
200,-0.6275547412186846
201,3.4364947544788826
202,-0.5535311058322436
203,1.1250432880727117
204,-0.34788812342362896
205,0.13909371297857365
206,-0.2472021931377898
207,-0.011729829502127198
208,0.013280197826913254
209,-0.13729576330157178
210,0.2178513753932454
211,-0.1689144140702421
212,-0.4439769495089335
213,0.19729323019211553
214,0.9492823425768966
215,-0.14942200027416808
216,0.555358718465957
217,-0.7040992108584495
218,1.0650651214775761
219,-0.1066319687389129
220,0.16314704227082744
221,-0.3322846685823033
222,1.97208667768192
223,-0.7731826579013807
224,0.43829379207087227
225,0.6179245037858017
226,-0.08024381983931195
227,0.10921624859375201
228,0.020660681255057156
229,-0.7395792823529382
230,0.5978162018435407
231,2.0965906536533048
232,-0.6901693414268539
233,0.7629790686616016
234,0.25518186663414033
235,0.31968024510760173
236,-0.26863656089811394
237,-0.0044889652585270445
238,-0.03932809209017163
239,0.3492921040333401
