0,-0.1589720177633862
1,-0.13882007092211934
2,0.594387842407706
3,1.1549615939463673
4,-0.609716747491889
5,-0.08961750582090289
6,-0.2098763598782888
7,1.292379408207224
8,0.4234070818576434
9,-0.4647037900166444
10,-0.7349478811191384
11,4.930254088825263
12,-0.5587351801522454
13,0.26518169384240275
14,0.9001292591633747
15,-0.6066025437907941
16,1.0748691699952841
17,0.042639418978854815
18,-0.49926205933575474
19,0.8632871429233457
20,-0.3329048404191953
21,1.2773983158391236
22,-0.15321362174507225
23,-0.3258937687194161
24,-0.12045493681909225
25,0.9152406894385792
26,-0.4381643783404492
27,0.5984045007053922
28,-0.6500484865475991
29,0.9203546321737848
30,-0.17927070538314216
31,1.2876761674811807
32,-0.4783778460083158
33,-0.2775653439569292
34,1.2015037883507071
35,-0.46727780495514415
36,0.550282183216527
37,-0.3049299585334784
38,0.049994879314304574
39,-0.249821029405075
40,0.4181062019092978
41,-0.16175691864209585
42,0.6988475614558927
43,-0.69940656439588
44,2.1025734015248805
45,-0.7792143830091746
46,1.1993193125144965
47,1.0804573119813625
48,-0.587374970562839
49,1.4653866908828594
50,-0.4991156947464166
51,0.36321721708139987
52,0.04327695735732995
53,-0.10907924106000022
54,0.09239428254995774
55,-0.35621587809079625
56,1.645122908328858
57,-0.4003627771631407
58,0.2784546027578758
59,-0.5842172353391601
60,-0.4890613559213257
61,0.2611039337940402
62,0.31632063817544065
63,1.2224833324233684
64,-0.4852012507200555
65,1.5832208370771084
66,-0.4442183552840938
67,0.8897590057296092
68,-0.680267066249664
69,1.3367290804451635
70,-0.7030646678253467
71,1.6506228948966832
72,0.761006372844528
73,-0.5279134339470313
74,-0.5384491230471391
75,3.847632727628131
76,-0.714826931439966
77,1.7218866352627389
78,0.16413820473005125
79,-0.2740461758219054
80,-0.03926182109253851
81,-0.15615189691788722
82,-0.24754265004614107
83,0.24283932401345676
84,-0.0013444907572061071
85,1.0387096662323345
86,-0.18643022687859512
87,-0.7064504105864027
88,2.5698585477325637
89,0.20308400050405773
90,-0.5772657973751628
91,1.3026928461672722
92,0.0213759321330389
93,-0.3712728220923376
94,-0.13828517586089162
95,0.11414761600123713
96,0.4856952457288881
97,-0.5673270739653962
98,0.16456715748775808
99,0.7336235766747228
100,-0.13398563480384118
101,-0.29763073160884956
102,-0.04365241919610974
103,0.8895397071824755
104,-0.518363584642954
105,0.12272052898440089
106,0.0333561905310118
107,0.7515894403921817
108,-0.20769194274014013
109,-0.22181367562457577
110,-0.18219587361722278
111,1.6030495319269913
112,-0.7734727296859414
113,2.348273655109474
114,0.11472368687439216
115,-0.1510656472591545
116,1.2855540877713088
117,-0.44881741990947
118,-0.4026466580627437
119,-0.009405222068159969
120,0.19020117117212898
121,0.23051285786428277
122,-0.6048044438117155
123,2.4921787419969776
124,-0.5747092411699812
125,-0.2010496213370414
126,1.20108181310678
127,-0.36428645796481496
128,-0.5059878831854909
129,0.1516337461649384
130,2.7166619885927146
131,-0.8331421855104303
132,3.0754725382464008
133,-0.4540354664000862
134,1.2491853720748844
135,-0.26105304225165926
136,0.30146697407538836
137,-0.561101493830364
138,3.48136463660261
139,-0.8845156352734964
140,-0.3319702027309378
141,7.731003078559201
142,-0.5199824566928193
143,-0.6340095093230589
144,2.9754659928715137
145,-0.03771721015542884
146,0.19513585766003794
147,-0.5464388630095425
148,0.19140035445298564
149,1.2525490268577197
150,-0.6687333535407218
151,1.4674943232054325
152,0.20357522585711063
153,-0.8280635749956323
154,2.1762794953882603
155,-0.42058983595014254
156,-0.4679132082966745
157,3.145217843739438
158,-0.6983275989491634
159,2.161911510583816
160,-0.5480014336165474
161,0.6133838579399868
162,0.07253029066321393
163,-0.5704738714485951
164,1.1817708039759824
165,0.007318413247652478
166,-0.5381368889986018
167,1.4718340608514104
168,-0.7021730554282541
169,0.7301247877885695
170,-0.10707285697985691
171,1.3629416274223143
172,-0.6756992638665058
173,2.258190453715643
174,-0.022399870397284416
175,0.032722620988057116
176,0.5402277871643271
177,-0.5647632322187472
178,0.8620032053226905
179,-0.8073904548163205
180,3.7279985661432153
181,-0.5491997816132026
182,1.511154187635289
183,-0.410403901205168
184,0.16540125669885453
185,-0.6669257305400138
186,0.7376468491188106
187,0.5149142760120289
188,-0.2689550468566264
189,0.5337588814577687
190,-0.21607511651930644
191,0.01159869682234671
192,-0.03232031178761008
193,-0.11626815002127655
194,0.4258884069822573
195,-0.16936487810637735
196,0.30566369225992673
197,-0.1923681764678986
198,-0.5208677687439889
199,0.5964009365535081
200,0.2114306012649152
201,-0.10436523970079514
202,0.37022524868156803
203,-0.7420634658882127
204,2.852811846698357
205,0.061068092238853566
206,-0.323557003826515
207,-0.40428173430472014
208,4.235217784656589
209,-0.5702869005128473
210,0.02630317703533569
211,0.3541010489445431
212,-0.811954381718212
213,0.6421788011797027
214,1.0454176574883216
215,0.06722442283407637
216,0.6330701204628952
217,-0.6054556486606566
218,0.8377406695453724
219,-0.3216454632670166
220,1.0324899906108276
221,-0.4894935292258954
222,1.5606392436339136
223,0.42565698298314225
224,-0.7435410238743972
225,0.6150539161865987
226,-0.37834272115543843
227,0.0682156320982179
228,-0.36835657544522815
229,1.2315905351063572
230,-0.0073775918311898
231,-0.4264551631774882
232,0.20922064946677166
233,0.19993712711548195
234,-0.1321200835173172
235,-0.1533350133670729
236,-0.5602769790337244
237,5.994411726032872
0,-0.00982171077483851
1,-0.25689574936458104
2,-0.4588674494488617
3,1.336222906793743
4,-0.24350003240761464
5,-0.5847799913708414
6,1.067342427322672
7,0.6474860797834097
8,0.010590531275786574
9,-0.5556436608119195
10,-0.2772070566076774
11,2.276680470700726
12,-0.3863176285537081
13,0.24782129749173154
14,-0.521926588016282
15,1.1039192112243592
16,0.6323248125594849
17,0.2859445491048742
18,-0.6695753820231793
19,0.8443792048022873
20,-0.09962225673535385
21,-0.2849873401491765
22,-0.17510421545064359
23,0.9753288463309675
24,0.011897196532237198
25,-0.10292524435951589
26,-0.5824265530309805
27,0.7948854123935236
28,-0.4952366937147433
29,1.045374788038293
30,-0.4235078273670323
31,1.3906125965573564
32,-0.26143171056618286
33,-0.1301230814796167
34,0.13844786938766718
35,-0.3760473226941664
36,3.6488819723843724
37,-0.6386215084326223
38,-0.530131274604364
39,0.8841758100248764
40,-0.553969240738639
41,0.49078351697350087
42,0.3195923789561428
43,0.6687110282278272
44,-0.5423778073015402
45,0.9948024646973135
46,-0.3281372761047484
47,0.6752647488732668
48,-0.2631500568701761
49,-0.23088935378252173
50,0.3046756126053385
51,-0.5200213423554811
52,1.4808412522841103
53,-0.8341262339049837
54,5.787486144629048
55,-0.4767980256215948
56,-0.25584431325793966
57,1.2242634144201836
58,0.44980029069457017
59,-0.8119274826254413
60,0.10604792771364946
61,2.982394787572422
62,0.16060431255874663
63,-0.8276420490317833
64,2.7252432596379568
65,0.046225056395369446
66,-0.45616613423287655
67,0.22586572097896007
68,-0.5929304897858227
69,-0.17056097665086933
70,3.6840220935515218
71,-0.32717116852553274
72,-0.07825959859662113
73,0.465283941510904
74,0.0005015518307120992
75,-0.2797205047356066
76,-0.09455193384442362
77,1.4484575454218653
78,-0.6617064357641564
79,0.9080596314254821
80,-0.08375696665179122
81,0.11687731295706949
82,-0.15313971287216244
83,-0.2595709578131198
84,0.366641528011485
85,-0.0245037554639721
86,-0.2614707416671671
87,0.8845397843790601
88,-0.3748399986330392
89,1.535380355794615
90,-0.572304282472528
91,0.5843072775967424
92,-0.3241433826937177
93,-0.6118408922057712
94,2.191439180354502
95,-0.11004444345652231
96,0.24981432236029266
97,0.009618004617111042
98,0.13996365166035218
99,-0.6277554168568268
100,1.4261039697979254
101,-0.44912321251537546
102,1.1723966753748551
103,-0.34561858342185037
104,0.30428351493230066
105,0.17861395076744135
106,-0.7034184453989849
107,3.586344703894418
108,-0.6536023588080437
109,0.08614272381677957
110,-0.5420134782415706
111,5.62100185139219
112,-0.3140434483307829
113,-0.7080609581061563
114,0.46150512840531444
115,-0.009766285788435747
116,1.0194744343679956
117,-0.3559778997157622
118,-0.017197137931207807
119,-0.08741659107173738
120,-0.5273295968617924
121,1.588714529741475
122,0.11037029600546644
123,0.033051628279852086
124,0.6187767080621314
125,-0.4218048759835483
126,0.3302906668694594
127,-0.006563146100643902
128,-0.05121411938057574
129,-0.23653370693981468
130,-0.007294800913991373
131,0.2647801248837518
132,0.17527642860171633
133,-0.40055410872743125
134,0.09260471322060915
135,-0.3439944160610867
136,0.5410910658555577
137,-0.5048565504362816
138,2.197275660390918
139,-0.23793936943598792
140,-0.6287678063736666
141,0.879759601420913
142,1.236348843185112
143,-0.5972278520238119
144,0.25018240293343563
145,0.020229165951357375
146,-0.49637518002325964
147,1.6662984883625982
148,-0.42904252402636167
149,0.04565914679690919
150,-0.36234213862888975
151,1.3477942000122067
152,-0.5065768055000355
153,0.4374798946360283
154,1.3292922882140554
155,-0.4452724325436356
156,0.08073200408884751
157,0.5315956044892967
158,-0.865718098068615
159,1.1597594102339719
160,1.469945346407186
161,-0.2297689550319234
162,0.02464903298491583
163,0.5712041162806674
164,-0.6851221333956097
165,0.9212320248086252
166,1.1018865625535912
167,-0.11497248900898471
168,-0.5251643123328784
169,-0.2470254590674189
170,0.425083126664084
171,1.3846270017774063
172,-0.3988001588661535
173,-0.09185878994011398
174,-0.6017840375857023
175,2.9853488654150953
176,-0.5038358699628183
177,-0.13970851169764498
178,-0.15319034135076248
179,0.2724881159681196
180,-0.1768897648019364
181,1.4692899894192855
182,-0.6910169763353067
183,-0.4217911278222849
184,1.8012067912182146
185,0.2635342120421398
186,0.039402886091911116
187,-0.2593829797070435
188,-0.6427071422869881
189,2.587022613479624
190,-0.7062656491408574
191,2.127660075251783
192,-0.5186010232451211
193,1.5052782523662045
194,0.1099190787256179
195,-0.20807373731916756
196,0.5855002060039822
197,-0.6751305020482309
198,2.8188847025326154
199,-0.40335228925669964
200,-0.3910016173946378
201,0.23405672462731353
202,-0.17450671454645672
203,0.1509971253505047
204,-0.5975265650168311
205,1.7363193784101427
206,0.05870753494717551
207,0.04693232798217051
208,0.3349226979001363
209,0.5484717017758087
210,-0.6902853472790405
211,0.6725144166547388
212,0.07849763933337717
213,-0.4438474328192834
214,1.132745426174791
215,0.26019175962571284
216,-0.48237150793275474
217,-0.16534953722300638
218,0.3375070004344016
219,1.0470995543875148
220,-0.1484353039883427
221,-0.7298305307916254
222,1.7357218854541023
223,-0.5286980436914834
224,1.8122531324989173
225,-0.4261341327399901
226,0.9253329973194866
227,-0.22031544634178601
228,0.02600153474774869
229,0.142101469105967
230,-0.14200280808488208
231,-0.36921112793490396
232,-0.16833199388153564
233,0.20391548632398515
234,-0.661771702983152
235,-0.08910720659508975
236,4.6877344974757
237,-0.6505600009275063
0,1.1846394826652866
1,-0.8446050453935885
2,3.325017332661732
3,-0.10917271362222403
4,-0.05885710200878702
5,-0.1212214807324058
6,-0.29346669878052223
7,-0.015344070092445095
8,1.1831095402080347
9,-0.342760815647132
10,0.16021735281858174
11,-0.7525158580500114
12,2.371417013343642
13,0.19267344697710254
14,0.28081573876430244
15,-0.7020631706074518
16,0.1629926887388915
17,0.6702231326132617
18,-0.4655320039013847
19,1.8506439564245016
20,-0.34133726724147706
21,0.8820998263543998
22,-0.748558347767089
23,2.1823374828001096
24,-0.8731388243870287
25,6.929954326179324
26,-0.15647487588353604
27,0.24624520647427084
28,-0.17367248537136815
29,-0.5542088454596361
30,1.1269294525764821
31,-0.35491853320664335
32,0.5340817374815852
33,0.02947224651565672
34,-0.029866050185879955
35,0.08254920638780061
36,-0.02491869020273696
37,-0.31385529236346454
38,0.9047347884903809
39,-0.32675726263313365
40,0.05492250195854309
41,-0.44149619106252946
42,-0.19563132621654056
43,0.18366555439990684
44,-0.41584323494120456
45,1.9762962969996782
46,0.344110587529288
47,-0.03061149130934837
48,-0.2039472819865572
49,0.05169601376675126
50,-0.239410171620819
51,0.10545976031009197
52,0.18486139308334404
53,0.3028643209695787
54,0.009046171608513953
55,-0.17584648865241492
56,0.4609136954437838
57,0.210994473491126
58,-0.43890048876257226
59,0.09974591517996756
60,0.13380335705192614
61,-0.11761130476640114
62,0.2828917948807994
63,-0.16998964779252645
64,-0.6421913853121264
65,1.2612468135650237
66,1.9792281266227878
67,-0.23021937501702228
68,-0.5604197510807727
69,-0.5010141669802415
70,0.7663348733756854
71,0.533600399908922
72,-0.414053728890989
73,1.467418567908974
74,-0.8389330961182887
75,1.9743054103066378
76,-0.6768651532974816
77,3.13084213681032
78,0.5371305879509196
79,-0.8168215542569564
80,1.9541488216266192
81,0.27883726098652195
82,-0.02716795077018974
83,-0.7622572272165722
84,1.248402691094448
85,-0.5754473295489293
86,2.0099308387302464
87,0.749272694895337
88,-0.7996513876834254
89,3.1047884862001274
90,-0.3404407655105941
91,-0.4844560750262894
92,1.6077002249614867
93,0.753363020874759
94,-0.19412595078326944
95,-0.12125649311424214
96,-0.36699114016467305
97,0.26930632075253635
98,0.8295730670248045
99,-0.5326612596083062
100,0.8959115024578028
101,-0.6188374072314595
102,0.3604624281989044
103,0.05175856017622538
104,-0.4124182386608283
105,0.5364131060156978
106,0.010420389725165125
107,0.09207494656801218
108,0.7821595990384302
109,-0.5601429757360309
110,-0.3952593648561725
111,3.0469309364593844
112,-0.07629177021348121
113,-0.5586934444474589
114,1.3180870228540016
115,-0.6462134486161738
116,0.633641926743965
117,-0.15188740395186273
118,0.1583254950684625
119,-0.0700184355456015
120,0.5628306296094727
121,-0.47496918825737955
122,0.9916676723808682
123,0.15754492660738695
124,0.025296158705333527
125,-0.47727973219085096
126,0.07733698552227875
127,-0.1305415276188514
128,-0.01608360045902213
129,1.4252949477393626
130,-0.7202556204525918
131,0.978236453500142
132,0.30745260009008524
133,-0.3588477029512759
134,-0.3705639533025157
135,1.7839696541211416
136,-0.3738074863216797
137,-0.6986322446692712
138,4.934868494299337
139,-0.14475684627035312
140,-0.7435398776171973
141,0.4686630256182056
142,1.02273984092392
143,-0.29797176025693417
144,0.04085768477832441
145,1.208963844820469
146,-0.6752511305663964
147,1.573141716997418
148,-0.1555901836899779
149,-0.3390206073283154
150,0.6008360065741933
151,-0.701000451667094
152,2.755134271109292
153,-0.19475784557602416
154,0.1263912342140321
155,-0.20123847935094774
156,-0.0708594780607702
157,-0.04919122221473926
158,-0.0009728494216468819
159,0.8285319960071393
160,-0.6648229360595592
161,0.6229396579380344
162,-0.08331984664953229
163,-0.776742212216047
164,8.324820310748875
165,-0.4564786585620194
166,-0.04155180443316808
167,-0.5407882046900165
168,0.9597035712676343
169,0.3093900967484795
170,-0.019484083012526465
171,-0.7679235308672723
172,3.8414916730630333
173,-0.05371539358421529
174,-0.5871205083656093
175,1.1045836473150863
176,-0.321119602689387
177,0.10461130290014586
178,0.3322330601801293
179,-0.21991310814584886
180,-0.19930887806431496
181,-0.3274182549797754
182,1.3550768031247054
183,0.3181863407166181
184,-0.5190902492423668
185,0.7809244603232548
186,0.23411722752029185
187,-0.4057335791730273
188,1.1587923964866294
189,-0.4953488667496909
190,0.23566178926623915
191,-0.24718281046782276
192,1.1903116168319783
193,-0.12690051003554392
194,-0.2481349164568698
195,-0.48067020679589567
196,0.7792648577473826
197,-0.3861333838665285
198,1.2646967511374312
199,-0.5496247813251574
200,0.1137133801324266
201,-0.26623795386753657
202,0.47051569985579667
203,0.14033723460764858
204,-0.40031524250120154
205,-0.3659627180406073
206,1.4250894660433917
207,-0.10598285739720725
208,0.41727759086010185
209,-0.023573249761110526
210,0.3587678404577237
211,0.36021634205912645
212,0.023025693645619905
213,-0.3032762086914551
214,-0.13485401343827796
215,0.08409096728791643
216,-0.8136856819597185
217,0.3265522708516273
218,0.7336444091365224
219,1.4647238645790024
220,-0.6835247472311682
221,2.500712859822724
222,-0.4391759432534269
223,-0.3121648220244807
224,1.0083407169176244
225,-0.48091390134814704
226,0.36606607939097335
227,0.23566076576714856
228,0.006812142886301276
229,0.6443996428913148
230,0.07629905593422315
231,-0.18818318766530828
232,-0.1339445440194833
233,-0.8360205318444244
234,2.486331192934128
235,0.35378232047150027
236,0.8524740276614786
237,-0.5693210382719862
0,-0.1880450538851276
1,4.199889784958455
2,-0.8626088769389466
3,1.5667608643506048
4,1.4390871792334559
5,-0.7491302197986314
6,1.5867068054491669
7,-0.054268592128177695
8,-0.43419890237899295
9,-0.19701397927306652
10,1.3153152046607395
11,-0.06669571426828635
12,-0.669287943869157
13,-0.0010891324158327498
14,0.5485618879389893
15,0.7501792364516149
16,0.08917904258552256
17,-0.5733174193994446
18,1.677994301050946
19,-0.4790115236776161
20,-0.05607863257894563
21,0.33226734838119043
22,0.16382858643479858
23,-0.10529373140827214
24,-0.1807460513909005
25,0.2684956732924675
26,-0.5383982314808862
27,0.5739606356344267
28,-0.6665500405873283
29,3.7901201714138324
30,-0.6327085540714716
31,1.6781061106687094
32,-0.31366603649113967
33,1.0569663365695123
34,-0.394724688568162
35,0.3441297787262818
36,-0.5014478947410765
37,0.4083407982442375
38,-0.22969856397417787
39,-0.17594839834187614
40,0.7781200136695952
41,-0.18419075302651977
42,0.3131839514120922
43,-0.2657648393641566
44,-0.030330720101901965
45,-0.027448967449823725
46,-0.35869436964825474
47,0.18480306678285197
48,-0.4393515926004705
49,1.6447698341723496
50,0.4008912940398408
51,0.13655751190161802
52,-0.4714843705385905
53,-0.6210653533039252
54,2.246798174117975
55,0.12379920667309063
56,-0.40887950152858754
57,1.0030667173506838
58,0.09322520369632104
59,-0.611985744786188
60,-0.26304583321931885
61,0.7041506705486302
62,-0.08649074478136975
63,0.7959783783105785
64,-0.5946002805403012
65,1.2475068069997097
66,0.657360108819038
67,-0.44525847281485575
68,-0.6878372364971493
69,2.3218961785795558
70,-0.6199330188897363
71,6.797352216004638
72,-0.809876935405243
73,1.1735455493882392
74,-0.4224954052072524
75,0.721033114476028
76,-0.46066249908488777
77,3.50803514309938
78,-0.9408053388556317
79,5.449577437064637
80,0.24421689647181255
81,-0.758267461956259
82,1.8302009783519653
83,-0.03799939961428289
84,-0.3204905648703311
85,1.2177096890082826
86,-0.25042723861843563
87,-0.123436700574028
88,-0.1918713397967855
89,-0.007817000599119717
90,0.21435426340018582
91,-0.5545625376254217
92,0.9567310421433499
93,0.568673928763203
94,-0.36683903819273844
95,-0.4511865883984485
96,1.136642404305369
97,-0.2193746394548527
98,0.3384038548323909
99,0.29798290609412836
100,-0.4280303061981713
101,1.122390285896027
102,-0.3996705453169809
103,0.25791780569287615
104,0.73107633731139
105,-0.6490183687796501
106,0.34816288015759067
107,0.8909357317455406
108,-0.2027053753028728
109,-0.6451969558442896
110,0.42851047232467154
111,0.014416683005342934
112,0.5318193313414428
113,-0.3313596909086951
114,0.808539799572447
115,-0.42026911691078983
116,0.9304791500544032
117,-0.3809452025899356
118,-0.014699381032336922
119,-0.14319174054377426
120,0.039506024123797445
121,0.7971510331023941
122,-0.785151973958501
123,2.0872102816947304
124,0.9424553695886144
125,-0.845980491820402
126,1.4391588131893696
127,1.179347899324628
128,-0.4814706371409567
129,0.7861746434277421
130,-0.405570567811009
131,1.3431449370989181
132,-0.7676516691995451
133,0.9166192960174329
134,-0.34715274532292295
135,0.9508138671833699
136,-0.23743111704520115
137,-0.0721382410642476
138,0.5947379251986145
139,-0.3025372656412433
140,-0.03125992449316395
141,-0.5678446414303127
142,1.852046324364499
143,-0.19608245189167695
144,-0.5020194123284114
145,1.1635910432213254
146,-0.2466971851513442
147,-0.2789113128716624
148,0.29424830395649204
149,0.9156915521570335
150,0.13791069704945014
151,-0.26755066176582043
152,0.10886005737115845
153,-0.40181164904089994
154,2.7406007789483087
155,-0.6118995392947154
156,-0.7475126461600738
157,0.7433848289680056
158,3.5011404651323943
159,-0.8360150105631072
160,1.3392234851280538
161,0.2490535132273719
162,-0.06662800031191529
163,0.3686877386579157
164,-0.19584414257082694
165,-0.47875325460435036
166,1.8863097718349557
167,-0.41429760295671125
168,-0.16914259035693724
169,0.3936785726626759
170,-0.18072707828093648
171,-0.45066856880661343
172,1.951982396778698
173,-0.7532915038826706
174,2.8971748574248846
175,-0.6514765109053169
176,0.7511424883706095
177,-0.7617328600873444
178,5.335620445058527
179,-0.5147616175545622
180,0.9976187137645389
181,-0.32225006639539755
182,-0.19447225092096165
183,1.7162077050990878
184,-0.6313038760167995
185,0.4249380671702263
186,-0.37091034711841886
187,-0.5558383788230499
188,2.0861065946339847
189,0.08590943140275309
190,0.12354050021318419
191,0.810539099467495
192,-0.235409300182441
193,-0.4153965702460294
194,0.38129977511678437
195,0.06851127645692912
196,-0.23911459721074635
197,0.2237779445247905
198,-0.6683552532201311
199,1.806461733421878
200,-0.6047133860470476
201,1.3842402262226803
202,-0.01515054943364591
203,-0.42014339438846704
204,-0.53498035250937
205,4.794988556667089
206,-0.34239799557543427
207,-0.06938358471852057
208,-0.017635049669165292
209,-0.3007636781743662
210,1.516285879702039
211,-0.8125743458812087
212,2.855205337010342
213,-0.41179096151929373
214,1.042630395652663
215,-0.14601454243219414
216,2.034551979754056
217,-0.7777559885414268
218,1.370971988424372
219,0.3198918530900505
220,-0.366550916389636
221,-0.8426546133449639
222,5.938739152545496
223,-0.44897877258627716
224,-0.30175913314720415
225,0.5621809422219064
226,-0.280582607380075
227,0.2640807706537407
228,0.8610752875951808
229,-0.5004513441759135
230,-0.41690844904016666
231,1.6301076314834648
232,-0.5311680672576704
233,0.9164738494275675
234,-0.12512922466242027
235,0.4759130379127483
236,-0.041255427772850184
237,0.3000844442666686
0,-0.7193453270318064
1,3.2832032148021844
2,-0.4725662713581674
3,0.013070560889410165
4,-0.15516725080893812
5,1.2349763156100448
6,0.009227675577581529
7,-0.46174163117734535
8,-0.4878452784500402
9,-0.2753086130620864
10,2.5900893635756415
11,0.10121878603096923
12,-0.27007456906359284
13,-0.6159933795471422
14,0.0013821741152015843
15,3.168721542919603
16,-0.7556553061760513
17,0.28651544342417523
18,1.2408930276858512
19,-0.14595445882517633
20,0.1135254157088319
21,-0.09663436224257971
22,-0.1484850988401648
23,-0.06371871383114946
24,-0.6869559667612191
25,3.6790294303478923
26,0.14238557888116943
27,-0.40756195993189526
28,-0.05858627695739138
29,1.9842035775081812
30,-0.6421037177804275
31,0.4043583841740197
32,0.4185081272930731
33,-0.5122569134187152
34,-0.2594564542848842
35,2.1911287584139907
36,-0.6635086020305634
37,0.16872721880613817
38,-0.5233215561027984
39,0.5619574612420102
40,2.328893214506171
41,-0.38213711705088993
42,-0.38022104986147087
43,-0.21850242680578424
44,1.5698539644459535
45,-0.221007966821953
46,0.0470492368950306
47,-0.43431683127092635
48,1.421446850443488
49,-0.024223033684175332
50,-0.23473098414751747
51,-0.0020535312958788188
52,-0.3322864256008744
53,-0.33502345983937976
54,1.2304692249074036
55,-0.20160492293154741
56,0.1347352572118583
57,0.6019741236861655
58,-0.05542602723879875
59,0.3968689767983242
60,-0.4647684203614114
61,-0.11599598040998904
62,0.5525435724232726
63,-0.43495069929029195
64,0.28828435898367166
65,-0.6271518168925736
66,0.884616834718293
67,3.238089246826876
68,-0.5149430311561034
69,-0.3364534598757567
70,0.14622742261966493
71,-0.3545386278171413
72,0.06632273911703646
73,0.3279908119724064
74,-0.038403196586375477
75,-0.11810918815918126
76,-0.08831343808995551
77,0.34530750313732317
78,-0.19079877352459107
79,0.23347143139637216
80,-0.1338279186183683
81,-0.3607955428498534
82,0.2765234240701113
83,0.1239113047325191
84,0.030875258894041746
85,0.508590567715598
86,-0.14918843035302465
87,-0.6782884834233516
88,2.796894777356749
89,-0.6568858256920604
90,2.1864146504558533
91,-0.8006719190957365
92,2.4495757336185062
93,-0.18194762689085764
94,-0.5363071977442093
95,1.072945116696142
96,0.08555437744190075
97,1.0206034163648088
98,0.20921968973375482
99,-0.25638294466530454
100,-0.3082884473075099
101,0.05015798161196394
102,-0.40511686558219584
103,0.04849599612210964
104,-0.197556787925127
105,1.4516058047663813
106,0.4484472680711171
107,-0.5951840991985603
108,-0.18022656125998204
109,0.9625659425838564
110,0.018722094148989177
111,0.10026080805225157
112,-0.5009733058698405
113,-0.28842629486332816
114,1.3485824166337013
115,-0.25266133484119113
116,-0.007967906101834621
117,-0.4723275142270845
118,0.46280256541113296
119,-0.1486375813925459
120,0.06044446381067359
121,1.7833191231752488
122,-0.6701629713721111
123,1.1810302365812766
124,-0.2306210943602418
125,0.15793484887232978
126,0.6779747624737764
127,-0.6309741095221932
128,0.06462000331529083
129,0.46308327843945096
130,0.47895975378047395
131,-0.6607770417553815
132,0.4907236933810548
133,1.3820855400584628
134,0.024559026783592897
135,-0.5526902122291636
136,-0.13557430076860788
137,0.3596138033485421
138,-0.3549353575605452
139,-0.512017172098604
140,1.9290281086660936
141,-0.26724001987718027
142,2.9118001476232047
143,-0.8256809303087769
144,2.228397320246265
145,-0.06067763559853967
146,-0.48566855800530284
147,-0.7200511864537713
148,2.477846546284286
149,-0.10595229852805477
150,0.14700238612935945
151,0.7733660206272841
152,-0.29153128525523697
153,0.8108359463933106
154,-0.8443185570488273
155,3.1399274014238063
156,0.2268361848540692
157,-0.3913304941586707
158,-0.178701878383699
159,-0.5044848301811777
160,1.649194450229487
161,0.20885852106832425
162,-0.7061704654970027
163,0.023097324497370897
164,2.5311408310016685
165,-0.4297489936996438
166,0.3794725163302164
167,0.5753230776666227
168,-0.31590131003989963
169,0.9640179170910654
170,-0.5133866739706192
171,-0.45143655813023575
172,0.9157292131262742
173,-0.17540117215162587
174,1.2300147052983363
175,-0.6664996706659907
176,1.4510999817920038
177,-0.372942474292975
178,0.9468836946865178
179,-0.4902888972420042
180,-0.08788718926724004
181,1.1996699962134345
182,-0.45911766097746165
183,1.8093184101901896
184,-0.637404130520997
185,0.4647019139669937
186,-0.44478013490710455
187,0.6959492269708196
188,0.008037003053896097
189,-0.28062949041344054
190,-0.19107817444449926
191,-0.31334882092144045
192,0.2677729086177827
193,-0.3738858070325404
194,1.6667349911875924
195,0.08632231005793578
196,-0.3499081471013803
197,-0.2775654683217268
198,-0.6176864501063022
199,2.94414279375535
200,0.2912498226480549
201,0.21036692578912652
202,-0.22102803494474854
203,-0.1989857287678597
204,-0.4767098275632595
205,0.2182199484105638
206,1.3440178214038663
207,-0.4331234949898728
208,0.661839954137768
209,-0.5665947215384486
210,0.29351260005776414
211,-0.36126074718459955
212,4.5513769263743145
213,-0.625058821300623
214,-0.6990957663915357
215,5.90757020132007
216,-0.7731779524540101
217,3.388801628641918
218,-0.3269265081814937
219,0.6838019423595081
220,-0.49452217966551804
221,-0.1646623071515766
222,0.05186957407844828
223,-0.37676874257656
224,0.6374889066728318
225,-0.37172173951196086
226,1.3133938666578682
227,-0.5947873182473284
228,1.9059140881085406
229,-0.3419483179327609
230,0.4171719184657634
231,-0.11403205316669784
232,-0.6947431286342124
233,1.3977869771719846
234,0.11920228900287078
235,0.20405597190207603
236,0.8973918387525559
237,-0.8661775192040965
0,-0.34368021602042953
1,0.08735469360842907
2,-0.6109261900545602
3,2.680605419125425
4,-0.5795245842192682
5,0.357169160719117
6,1.3728578164574112
7,-0.18126744495632907
8,-0.19627027233485406
9,-0.15281136268415751
10,0.5232708841752485
11,-0.4504181665945681
12,-0.5667428286735525
13,2.42540052184704
14,-0.4510562964581427
15,-0.17052560296761554
16,1.15528842319591
17,-0.6286962913986566
18,1.107827066703345
19,0.5356028302801068
20,-0.3730717025378669
21,-0.34582989863075375
22,0.3358073921475315
23,1.4845298740161095
24,-0.5454214640876929
25,-0.7089888463440626
26,5.47779389720001
27,-0.1425770935476156
28,-0.7570208704485596
29,2.0869865403490313
30,-0.4180107719601689
31,0.6652769637292049
32,-0.6771308733871232
33,2.8579947641438723
34,-0.04684405309097317
35,-0.4426815973916015
36,-0.5863540570369693
37,3.1590413603919556
38,0.09247116829218749
39,-0.22265218483151472
40,-0.11337616720066501
41,0.261603720307626
42,-0.7087032097807289
43,3.2507099179447954
44,-0.48831400687772075
45,0.6275041894507454
46,-0.36380675352007197
47,-0.42712904728188583
48,0.40195931145863883
49,-0.32575222265971915
50,0.22880927547277108
51,0.36691902668353316
52,-0.30903897380752643
53,0.5148520422709975
54,0.9793332327385538
55,-0.30131441872497045
56,-0.07079288346666546
57,-0.6539864719812927
58,2.4699514194791528
59,0.05984126165018355
60,-0.4914089600344842
61,0.6886981089846234
62,0.2866860489483838
63,-0.4341652383239255
64,-0.3057724233870379
65,1.5403113076749553
66,0.02284255619838005
67,0.1180947237758685
68,0.19361874731516426
69,0.09251883162127728
70,-0.5022455064567695
71,-0.22475081881722503
72,0.018497068484447876
73,-0.2365740116527163
74,0.35384096146431365
75,-0.4903565111078164
76,2.0072910659463434
77,0.07383169376556231
78,-0.07114546928977983
79,0.1437237594927161
80,-0.41017347733803455
81,0.6767939116224209
82,-0.3789167351276497
83,-0.1858536216610711
84,0.4190349006450862
85,-0.09662175154952224
86,-0.1785335807953412
87,0.2834069609333887
88,0.7001230549713153
89,-0.20999182861874632
90,-0.2892318304765883
91,0.10838955392443972
92,-0.14806931030830417
93,0.10335479322810315
94,-0.30483929312901636
95,0.02263928197009135
96,0.7673313925242242
97,0.03432063429841681
98,-0.3512694141124669
99,0.046435234406228876
100,-0.08184858102659165
101,0.3726267484880208
102,0.3214768024718895
103,-0.6132950483382675
104,0.1522055743489712
105,0.16198139763099095
106,0.8417698060310899
107,-0.06330562375388571
108,0.4195393668032792
109,-0.433768253707305
110,0.8697084423361197
111,-0.3042218530234867
112,-0.2722753565066154
113,0.5272257676333449
114,-0.4849355132928266
115,-0.2341996611973719
116,0.7107782094593309
117,-0.024292069060398602
118,0.14582721573786328
119,0.5458913252561384
120,-0.44614904090204377
121,-0.02557696348792693
122,1.0486422168827865
123,-0.29775884368864725
124,-0.5965604598207863
125,2.850368335305764
126,-0.8790823769562448
127,0.5938558236953664
128,1.24326558042072
129,-0.14029502870495691
130,0.6475827911492946
131,-0.26731459816292835
132,0.07229021191161866
133,0.4597154569365154
134,-0.38337347974669167
135,1.3606754119098818
136,-0.22647599407205887
137,-0.2745310341627649
138,-0.6758301377364047
139,2.509772462453184
140,-0.2620400072511462
141,1.9774783777673726
142,-0.6147917352707499
143,0.24788571220196154
144,-0.45248842443241954
145,1.2917284628648518
146,-0.38208623925144825
147,-0.08189794949989326
148,0.27817554553968105
149,-0.2803062106761448
150,-0.05468276624767887
151,0.7819516838410208
152,-0.5276236276887878
153,0.188358241081372
154,1.7785411168548815
155,-0.379011303986019
156,-0.22896725268250973
157,-0.5790485361939046
158,5.276760575195602
159,-0.30373613374434016
160,-0.7425870117111286
161,0.3683988158285787
162,0.7611961140644652
163,-0.32657199935255565
164,0.6501192630912898
165,-0.37459598364087077
166,-0.4505939600012586
167,-0.28085129085242255
168,-0.10822205147551223
169,-0.12780829246206182
170,2.0525536423280557
171,0.9564378012635946
172,-0.08504374762417743
173,-0.5607409556757995
174,-0.013000852549531428
175,0.6646467680376296
176,-0.19028444419546353
177,-0.464431898131934
178,0.2582029833345205
179,1.252014989053429
180,-0.11562801592417493
181,-0.24086014407122314
182,0.5680226665300738
183,-0.6199985994114903
184,0.9016478866922897
185,-0.2713064577871248
186,-0.4734096447353269
187,0.9059735343073143
188,-0.5756132005370515
189,2.8237780294023174
190,-0.19608167900588602
191,0.07877950043569215
192,0.023289391343111587
193,-0.1252414435659387
194,0.3539997924705496
195,0.18112841871258345
196,-0.646954348371144
197,1.0314567241572559
198,0.15582438243564622
199,0.48103526357020776
200,-0.7402085070694
201,0.733648934577871
202,0.3257549632793133
203,0.10256580133796334
204,-0.2557219274550466
205,-0.14991349824357758
206,0.7218347893436134
207,-0.24668479096510953
208,-0.6582430634588476
209,0.22198419170059358
210,2.3731372484903965
211,0.3396644644254727
212,-0.3634771324514091
213,-0.11732696593686276
214,1.0955774100142954
215,-0.46120327930247573
216,-0.16493588342604593
217,0.35037980755320186
218,-0.6101142702167007
219,1.946101949742304
220,-0.8168985923681198
221,3.0048654341961356
222,-0.5865789987162724
223,2.782012234907695
224,-0.7216053025994423
225,2.7994984202837756
226,-0.479635567510037
227,0.0032172897694531244
228,-0.43902409018872546
229,0.84444919427008
230,0.6376249513252481
231,-0.6330563400100517
232,0.3554850807961458
233,1.3551496064751807
234,-0.5074526977202898
235,0.42378722480348796
236,-0.2475081410757678
237,0.11763060201127185
0,-0.6492802767865458
1,0.7737188864445017
2,0.06447082736447118
3,0.435868327136248
4,0.4507781914364819
5,-0.4911117877190414
6,0.21858285340753913
7,-0.6678292238276522
8,0.20243326896496705
9,2.713765932099562
10,-0.15741211883965933
11,-0.3825601408860312
12,0.46287965109833884
13,-0.7169342496060419
14,-0.3628822298323725
15,3.6419951200841885
16,0.4992599163784164
17,-0.06327721868413139
18,-0.7567922027352254
19,-0.1442293902193773
20,0.23238903803921107
21,2.635847691537764
22,-0.46873691759964264
23,0.8844719428317731
24,-0.4207943408789696
25,0.8995407318278548
26,-0.6475013060198888
27,0.9418667231710238
28,-0.3745856919907371
29,2.346073327991634
30,-0.8325812667023054
31,1.0676506764904738
32,0.8432560878944537
33,-0.5623992365759682
34,1.135782656013522
35,-0.4218619530249591
36,0.2185628116879499
37,-0.6728163258050475
38,3.4974843510974454
39,-0.39141358223338896
40,0.5818413459150389
41,0.46427534563897455
42,-0.41726541319547716
43,-0.22558408068546476
44,0.4219836933249037
45,0.41790824099873114
46,-0.4877675719255763
47,0.6001341960592017
48,0.08362783364369575
49,-0.3247926881609611
50,-0.6199772549185649
51,1.8927764923355834
52,-0.8218479731930486
53,2.1275468940510027
54,1.4050490984363369
55,-0.184104712130715
56,-0.1790772318940108
57,0.31368070987877483
58,0.6672083599808407
59,-0.45547719875552617
60,-0.1027368667660945
61,-0.23455566003788886
62,0.9073740171536604
63,-0.4534619494742642
64,-0.17262188686307078
65,0.6831711965588816
66,-0.7426012153298795
67,2.9860322155285717
68,0.44124173386187815
69,-0.4328970012765506
70,-0.12037597056821014
71,0.8417893721105587
72,-0.47431743545768923
73,0.6213902135783174
74,0.07760359235719916
75,-0.3076847956184927
76,1.2779340062959559
77,-0.7103066884220376
78,-0.17008864024048276
79,1.0065616163487925
80,-0.14644719521487304
81,-0.40174611185194675
82,0.6338289864991065
83,-0.12871703842031224
84,0.9918124748324353
85,-0.5347321739340936
86,0.40045823401634806
87,0.8151201154889989
88,-0.5182889189524502
89,1.2551175347307173
90,-0.7715380780614416
91,2.9662210765329005
92,-0.2785778152208901
93,0.14103564432844862
94,-0.3264871988357362
95,0.26246842037499407
96,-0.23662714685451947
97,0.02240412404745884
98,-0.20235945347457118
99,0.6079496613940039
100,0.2408783145948452
101,-0.29941753990619946
102,-0.1524060743231731
103,0.39776415696866696
104,-0.41160254980556876
105,-0.6599296415274827
106,3.042207956045874
107,0.897051568768972
108,-0.5454917081531718
109,-0.6008165631257635
110,1.6233922099952829
111,0.4338446906338007
112,-0.208569283416575
113,0.47815151598614714
114,0.08373164968724667
115,-0.5357251822401483
116,0.6984789954000121
117,0.7067258187981278
118,-0.7842970434200365
119,1.51880103439434
120,-0.30784391730394844
121,0.9325628660737861
122,-0.32990539174763744
123,-0.5534154364861736
124,1.5341686325330421
125,-0.17077464491319283
126,-0.2581160824329948
127,0.35631903801202913
128,-0.6377855477682979
129,2.9694864732487685
130,-0.05410430632637364
131,-0.5140628647458888
132,1.4037756335804983
133,-0.6316745712477415
134,0.055101430925128536
135,0.4945012701647773
136,0.696623578163666
137,-0.38877835254677673
138,0.6982160280210035
139,-0.2900063997622786
140,-0.1747291404470669
141,-0.1654032290508799
142,0.33881169059466854
143,0.06523220954988651
144,-0.6854099194393877
145,2.443763357457064
146,-0.2904890829132516
147,-0.7378961866174696
148,1.7599030601509535
149,0.4278705843405901
150,-0.6225814861175546
151,2.0591308470121175
152,-0.34405479338218314
153,-0.11743396903339742
154,-0.6844545798990549
155,1.7826101416950544
156,2.346175356074353
157,-0.8152216339134741
158,3.108151153467534
159,-0.27528944859488313
160,-0.5245262985574523
161,1.7681022441700764
162,-0.4494581625370502
163,-0.7526181148210137
164,0.7111912281174151
165,0.07826417569539301
166,4.495427524886665
167,-0.7626423756560475
168,0.8152519782461745
169,-0.05211578693479135
170,1.0091957593317127
171,-0.4718131743370053
172,-0.3587087517544183
173,1.2565168486388627
174,-0.29905016444814736
175,-0.4987658581322154
176,1.332258756536541
177,0.3872757060096974
178,-0.1505702344709644
179,-0.5450752098887962
180,0.6013039898865846
181,0.8167356576161182
182,-0.8030657814106085
183,3.0489389961192614
184,-0.7448259641340338
185,4.070963133401595
186,-0.31591337041497025
187,1.0161153348865959
188,-0.42296340489522166
189,-0.040729560757645
190,-0.16037069221004907
191,0.4826397950668717
192,0.0893250341289149
193,-0.04292292174749179
194,-0.33761841211269594
195,0.1468235274834162
196,-0.6460671174636639
197,0.8926626112662073
198,0.3151372382587996
199,-0.5456201624548229
200,0.8781280091966257
201,0.10138953562644226
202,0.6891000502055915
203,0.6931445009991706
204,-0.8397967483930366
205,0.9716324046035334
206,0.40496924502199727
207,-0.5165033019583032
208,-0.29881975836945573
209,4.6237174539867185
210,-0.3272090275640479
211,-0.4164084832196704
212,0.4651682544358955
213,-0.2943546734648478
214,0.623928993000183
215,-0.732996403987985
216,3.1968655811465894
217,-0.07818346962438727
218,0.25850835433773
219,-0.6998357614049884
220,1.2374241991387933
221,-0.3323053373153446
222,-0.45395787507829743
223,0.7827073636076591
224,0.5583706589356479
225,-0.7514834295783444
226,4.323033792810478
227,-0.3564030958512515
228,-0.23843904743983713
229,0.3137121189311014
230,-0.0056078087012105815
231,-0.3264466720853745
232,0.7916223304918324
233,0.41261771632998445
234,-0.8467003561383343
235,3.350979073453427
236,1.063649098149655
237,-0.6812877924130629
0,0.16328989438260733
1,-0.29892924741791127
2,-0.2943236422324822
3,2.6043932602064968
4,-0.15988018161794815
5,-0.25792876223734174
6,-0.06846459600352561
7,-0.6179293760803195
8,2.851732779777986
9,0.00467932903093593
10,-0.7950423004604519
11,1.1132345633554395
12,2.0181042715133746
13,-0.6253490713851377
14,1.1097871306496052
15,-0.5365384486339528
16,1.0107264822480868
17,-0.5768450679680418
18,0.37865882792501315
19,0.28712146903373936
20,0.3221404085824624
21,-0.09918091901986237
22,0.8407472015411259
23,-0.4546599452508385
24,-0.7082740568357305
25,1.2957104233491528
26,1.1725161430351805
27,-0.6936441422101665
28,0.5764840742210018
29,0.6713467508609565
30,-0.5733198197225766
31,0.983950822482063
32,0.11310118021679716
33,0.006039993070439342
34,-0.23079123317226657
35,-0.25542443798424497
36,0.010437615836601744
37,1.9700641524144444
38,-0.8595698150655207
39,0.03675897137558182
40,1.324657515332409
41,1.310538263846829
42,-0.6521334172727795
43,1.371776517452989
44,-0.32375992942027976
45,-0.4291077280046478
46,1.0811420372902125
47,-0.2337367681040775
48,-0.019740074026172505
49,-0.5760063783486838
50,1.2922960987214838
51,-0.10173860036565796
52,1.4442189478107137
53,-0.5577181845890904
54,0.3994232767237633
55,-0.49949174983436706
56,0.7132385528019836
57,-0.18463134044667784
58,0.44103988462593713
59,0.5947824237783546
60,0.25830219065724025
61,-0.6991902473333775
62,-0.530667502168727
63,4.145150349748143
64,-0.16999416233875775
65,-0.4233510882866043
66,0.27197412109717867
67,0.20687558772858416
68,-0.5460455764732682
69,0.5583294988602925
70,0.06735112520295172
71,0.2408347949984977
72,0.460137680188631
73,-0.3143505564552104
74,-0.25837141869377367
75,0.683621338137111
76,-0.16856990050749887
77,-0.034508859832177
78,-0.10544737856707742
79,0.3265910052530636
80,-0.3834422670088218
81,0.6735810903221182
82,-0.5698999487210585
83,0.16662160151254457
84,0.9046189979195021
85,-0.6103328394368416
86,-0.28698546089736965
87,0.06956434934487765
88,1.7685776636298751
89,-0.505838443250911
90,1.7055381736940696
91,-0.08122904315150314
92,-0.4720360119222238
93,0.19771748464065442
94,0.13364460939966438
95,-0.14784028056051612
96,0.3161960089640876
97,-0.5358366293954531
98,1.5685645693091086
99,-0.3789426114522001
100,0.6734966229294006
101,-0.05483526984989495
102,-0.7387497688788582
103,2.9810895617118667
104,-0.33316744619401106
105,-0.020420280589919737
106,0.06974945031448843
107,0.08000287560567321
108,-0.2633840819915987
109,1.419888894743282
110,-0.5773420024620334
111,1.130768772207789
112,-0.5957726870747887
113,2.6218334624855033
114,-0.4140920387061028
115,-0.522267743790147
116,1.0319661173290244
117,-0.15731361574598457
118,-0.1294363961309426
119,0.08111325577331274
120,0.12724894081632643
121,-0.27488746778067363
122,-0.0914346166171629
123,0.35120127100754206
124,0.2657676204711883
125,0.10058055034947366
126,-0.4759419687183126
127,0.260604960429883
128,1.9905607143060773
129,-0.5787183962877702
130,-0.37260403374901485
131,-0.21426519545525646
132,1.0512095872543883
133,-0.7607610373342419
134,3.9970694811254885
135,0.37840020833407895
136,-0.35051748210034794
137,-0.33383795083392354
138,1.5977092487999403
139,-0.5296391600195804
140,0.5653694992205687
141,-0.6861161766532486
142,2.548330088886581
143,-0.30949280150286906
144,-0.7484236097198853
145,0.11840062906582416
146,1.9226221255893945
147,0.4624793686934079
148,-0.4714075460895253
149,0.35387009017208637
150,-0.264894221696684
151,-0.3957945883671016
152,1.9712044860506541
153,-0.4067848584828555
154,1.0666028794464508
155,-0.1631236069902594
156,-0.6673411940450684
157,1.1007603253354397
158,-0.5028766153316313
159,2.746403533742081
160,-0.5744088109774634
161,0.8752470283144955
162,0.21984810897970997
163,-0.5424840967871513
164,-0.2077276969799926
165,0.5990839952231966
166,-0.5355670241753869
167,1.3254063730252854
168,-0.619195689125479
169,-0.10089746851492953
170,0.7847620956341541
171,0.2664688257309209
172,-0.12055176927003353
173,0.8832040503051888
174,-0.4506698396611475
175,-0.2084387832493474
176,1.7069343722249095
177,-0.30895825735338966
178,-0.6753690173029785
179,0.47914198656869345
180,-0.5370413278234102
181,1.265718587399061
182,-0.6770611457721524
183,2.987255244774729
184,-0.04362942856385543
185,0.2576367339897707
186,0.22098916215912823
187,-0.37527132448547396
188,0.3338215002399234
189,0.014261587911262641
190,-0.053724596123583934
191,1.0969329114756614
192,-0.8370423555294408
193,2.575208691854213
194,0.6365206009761557
195,-0.5445234499559046
196,0.6734377342640974
197,-0.40684674456712966
198,-0.5635043029083944
199,4.3308951278329655
200,-0.457064308434563
201,-0.06838239390837642
202,-0.683138077006521
203,1.4101150608777413
204,0.08592929637631985
205,-0.18949073263852878
206,0.005812392048684556
207,0.22215092469164066
208,-0.14103211675458982
209,-0.051380738297845396
210,0.1660271055510596
211,-0.21956074935417347
212,1.1223290094854068
213,-0.5485273241375841
214,0.812170466742475
215,-0.4634682844856236
216,0.7862649840257268
217,0.33283388062495933
218,-0.8008271420221178
219,0.5264625924898982
220,2.854757169505567
221,-0.7457647699330349
222,2.4748003711605473
223,-0.699781883261035
224,1.4088532608940358
225,0.0046126829407253656
226,-0.43816238943533425
227,3.4691161304857854
228,-0.8000137853206851
229,1.8930361540485903
230,-0.032700526901319416
231,-0.43747222528569807
232,-0.3060345420079462
233,0.2743445763580159
234,1.3404287920730948
235,-0.5975788627330871
236,-0.1605088790802064
237,0.6256822269246962
0,-0.155339237505561
1,0.5522371170583338
2,-0.5244302782577015
3,2.2734008845329474
4,-0.7218700221071452
5,3.3540407959231393
6,-0.6199594875592664
7,0.43448249746323064
8,-0.4353705012227922
9,-0.3145647226441035
10,0.8456310077073999
11,0.08792595619709731
12,-0.6074574288738913
13,2.02251504813918
14,-0.6502466726000469
15,1.6507618574302527
16,0.16543411887428494
17,0.0013799501371936085
18,-0.25703153257103895
19,0.2506335995110014
20,0.027860537846233546
21,-0.4580617311503613
22,0.34965284248013684
23,-0.47961375974439746
24,0.5625307576938874
25,-0.1338848425733905
26,0.3506836410867791
27,2.0821982738277423
28,-0.9002549493945784
29,1.7759573385502794
30,1.2625818809766032
31,-0.6995003942736266
32,0.2818840088493886
33,0.7166295466248229
34,-0.706266970264205
35,2.110184467010228
36,0.21221885710707356
37,0.2573135933898345
38,-0.491594686533083
39,0.39944182789598837
40,0.2038054248639618
41,-0.5222854067622781
42,1.3408249877511693
43,-0.5298814691326517
44,0.5962041191944376
45,-0.6893651553008495
46,0.9525865261334219
47,-0.10348611995823553
48,-0.6149237386024586
49,6.512457912674579
50,-0.33063445576434425
51,-0.7048731157475585
52,1.2388568348620455
53,-0.4861518788494765
54,1.0799689785093207
55,0.8045448174886303
56,-0.7760997945342205
57,2.6929108339033467
58,-0.010780956360819771
59,-0.3413207625486254
60,0.6830433714729853
61,0.07047265838969818
62,0.05893877707324546
63,-0.7021049552197064
64,2.4607927694248435
65,-0.47333237150253427
66,0.6721377638416044
67,-0.5028843663594393
68,0.33628031797500446
69,-0.7229936055473595
70,1.3407940649978567
71,0.8496593923222053
72,0.04012081398738321
73,0.3367420285112208
74,-0.05175232153971798
75,-0.10838186688958118
76,-0.4851890449258418
77,0.28835481540980723
78,0.4785440289404328
79,-0.40369932597989444
80,-0.5985795010638355
81,-0.1517221025143365
82,2.9413246219222016
83,-0.01779760987103307
84,0.30500786671251623
85,-0.4367793788983446
86,0.9804784960035466
87,0.2047897822334983
88,-0.29620785976145503
89,-0.7521833175554276
90,2.362843687505696
91,-0.4611889458121714
92,1.5742835231145542
93,-0.6920126917612246
94,1.3118564769297416
95,0.06371528131946613
96,0.7161204029355757
97,-0.606579843108761
98,0.7087580080613092
99,-0.3791296117912112
100,0.05346916454876416
101,0.04892793438820653
102,0.015849578609847592
103,-0.5578360657082082
104,1.6824783708537758
105,-0.6983388458175959
106,0.8353649913663905
107,-0.6709518878438793
108,2.179999680882756
109,0.7405714615747829
110,0.5351564501969175
111,-0.881960024843789
112,3.7808526052772056
113,0.3608099045433555
114,-0.20135280658378374
115,-0.08359935871098434
116,0.007816115307862859
117,-0.02192875226433677
118,0.04083590226120215
119,0.182132849869598
120,-0.1227614867171668
121,-0.14934884938094728
122,0.011037431530054098
123,0.2550769419542822
124,-0.18827333243946553
125,-0.042831438537905275
126,-0.18724135263099984
127,0.46438743592202103
128,-0.23097499179632852
129,0.23285372746632427
130,-0.19496278846385207
131,0.14086776928982947
132,-0.23976216731429423
133,0.6725939320326411
134,-0.17390740893531986
135,-0.28489854967752626
136,1.206503791433057
137,-0.28243708525503297
138,0.4633042217554655
139,-0.17313540811234351
140,-0.016561611510168328
141,0.10829903390055184
142,-0.3246231058480703
143,-0.33813762688651516
144,0.4966218009244223
145,-0.50071226891469
146,2.1297423832772515
147,-0.005195469058170921
148,-0.2373078842288252
149,0.0756867589528114
150,-0.6902627354182778
151,1.8982227145042367
152,-0.6416268909657598
153,0.054662650532029566
154,1.8687392808757597
155,-0.6464881693290769
156,3.1760990386437014
157,-0.5175877291103093
158,0.09518645244197876
159,0.5342680721624942
160,-0.3076586761313028
161,0.3933189397476402
162,7.054791529736981e-05
163,-0.5444227396981597
164,-0.35906406743880814
165,0.0013088029459455974
166,0.22627890411182716
167,-0.30512141740661536
168,3.587887288524156
169,-0.21876666015793933
170,-0.5247710956065956
171,2.1119811312235153
172,-0.7443331126289906
173,1.5117152497386561
174,0.6058379324774341
175,-0.3431741243864864
176,0.02906373604626955
177,0.06918777866709958
178,-0.31669279536205064
179,0.025007882835540673
180,0.39916981386939976
181,-0.32530809349164025
182,-0.3088820662623737
183,1.3047179389594867
184,-0.22835938508649478
185,0.2963532277693315
186,-0.19921473043771554
187,-0.8054338614315145
188,2.446196568900365
189,-0.42097888206045697
190,1.5341301815533726
191,0.6036483966059014
192,-0.3012340132775091
193,-0.5265642029759636
194,0.46909860342347054
195,0.03739871162249675
196,0.2999760572138046
197,-0.27307782916301904
198,1.091127899164769
199,-0.7424350018271196
200,0.7362257230983129
201,1.8306276261563017
202,-0.89250155302486
203,4.875872309273413
204,0.013118580739423402
205,-0.33345134147561584
206,-0.26586201177103785
207,0.5705569099358425
208,-0.26313440718456305
209,-0.0016964119954124834
210,0.23692570448398254
211,0.019013552815440704
212,0.3232121714332614
213,-0.1946482505658702
214,0.1526650621124439
215,-0.4790107805866055
216,1.053966417377048
217,-0.16162047255501888
218,-0.12606679027249124
219,-0.03647124890521014
220,-0.37333568128955374
221,0.3417805520619468
222,-0.49085794431638974
223,-0.43919115813628806
224,0.2846006982885918
225,2.3714979944347117
226,1.2497601810942536
227,-0.6615110058237559
228,-0.3196793365147951
229,0.4740195487592169
230,0.7297560035356339
231,-0.5778027090807365
232,0.9878080096990856
233,0.11370954470006578
234,0.5402092224239239
235,-0.565449130523074
236,0.1685652836148439
237,1.0595814164876187
0,-0.12387764834971149
1,0.6534775641672579
2,-0.7910750796798527
3,3.1170919823050163
4,-0.2941865104474036
5,-0.26574119517745043
6,0.6698485623670052
7,-0.09940274570191088
8,-0.1438237374318444
9,0.0196060909684046
10,0.3939615674800194
11,-0.1547007867019432
12,1.1143500181793478
13,-0.3807609164724317
14,-0.2530730336982264
15,-0.7057493051761214
16,2.247363805538987
17,0.09602047370004585
18,-0.10058503423418419
19,0.5046468056927167
20,-0.33186042014881156
21,-0.056899141127986774
22,-0.7490739695896889
23,4.499384080488725
24,-0.33786585760013343
25,-0.021933475862539797
26,0.46436784059674574
27,-0.31159605627363884
28,-0.5038716285122724
29,1.314695794885084
30,-0.16608996728410164
31,0.4369462762237255
32,-0.1330436617009183
33,-0.024025105798947344
34,-0.4365667315552999
35,0.2852542439704222
36,-0.5063284376792624
37,4.953484738565841
38,-0.5888520835333132
39,-0.5531651955660231
40,5.096723364885764
41,-0.558391870896217
42,2.015413487100041
43,-0.5907875268924079
44,-0.19066112565827165
45,0.2729154375535052
46,-0.28371555688207717
47,0.33263227783581795
48,0.5090479255959268
49,-0.8147734509350728
50,1.0484217543012813
51,1.062523376396462
52,-0.7679951054293387
53,3.143447782818222
54,-0.42858573915454146
55,1.081736523378063
56,-0.43533029505306575
57,-0.1614631315621562
58,0.3044622345708603
59,0.31727013591953046
60,-0.6636424680357961
61,4.611537319866381
62,-0.7564741408111201
63,0.32525952555636084
64,1.4376708042815038
65,-0.7097365517691911
66,0.8303852896324118
67,-0.2465463560462665
68,0.7521631331760317
69,-0.22325486881636325
70,-0.619635577959577
71,3.32440827979217
72,-0.06603576855545756
73,0.06859269314686767
74,-0.4239383869676835
75,-0.06486116736960368
76,0.6912530398830024
77,-0.6520169523037731
78,2.6760166346826533
79,-0.7943427639875265
80,1.9590427377236268
81,0.07151206830478629
82,0.09530601834828789
83,0.29393717423015175
84,-0.39468158418335997
85,-0.7642182749440312
86,8.772510143035804
87,-0.4905057358313061
88,-0.29452243866858996
89,0.22672938209037619
90,0.45404479704849265
91,-0.8147864962149386
92,6.067675051014504
93,-0.03249730765403869
94,-0.5274197048525122
95,0.5948361982579204
96,-0.6228066910843144
97,-0.20783381250375144
98,0.9054077978220776
99,-0.04011738336280779
100,0.12555286981085256
101,0.05554736478652056
102,0.09701987050543592
103,0.2633078207440416
104,-0.4002108672284409
105,0.3025083337483776
106,-0.3508545269851646
107,1.2129370177618664
108,-0.46683546789100594
109,-0.5460474560415027
110,3.8159777759563482
111,-0.3858732644917243
112,-0.39973052695299394
113,2.602216544721312
114,-0.3375950456758917
115,-0.5333296822376659
116,-0.03802024515794267
117,-0.17964530965302872
118,-0.5147205431595396
119,3.917260493319958
120,-0.5972468635142901
121,0.8421713718220898
122,-0.5670785469495254
123,4.110271778991464
124,-0.6687127415924288
125,0.10305778534266019
126,0.20395822858338053
127,-0.5631863839433879
128,0.9513775768771469
129,0.46937468673124827
130,-0.4576671310686288
131,0.9777889121312382
132,-0.4240918741671096
133,1.1873553010305238
134,-0.565432339595728
135,0.373140817826372
136,-0.8095220875036804
137,0.723425592350412
138,4.866496753215237
139,-0.3945923438077713
140,-0.5584624631615427
141,1.412297901277364
142,-0.7263614363122417
143,0.26894891059903925
144,2.4619236864950103
145,0.2782790830570103
146,-0.4225817181761278
147,0.776115061508792
148,-0.569882313829924
149,0.6679573262590388
150,0.015073421895278383
151,-0.24252236940402427
152,0.32554690668557074
153,0.19915971331937588
154,-0.6208269540310214
155,0.6699130806440905
156,-0.13964393865004787
157,0.8613101549436966
158,-0.5795387837261983
159,-0.5362401996695483
160,1.36098333994935
161,0.7170982571778699
162,0.6092943744702588
163,-0.6047237423961285
164,-0.5536677394361504
165,0.9302784278911322
166,-0.707588627835505
167,3.05051706635662
168,-0.23645038705660482
169,-0.7141411598703415
170,4.196811450864981
171,0.0776405894873764
172,0.06347135285896033
173,-0.022215983496623348
174,-0.4367596719038883
175,-0.3410362188600672
176,1.424068555475217
177,0.014786035602397662
178,-0.030053365486754413
179,-0.30579864461561324
180,0.6515584899656017
181,-0.5037020971061337
182,1.6933574031571634
183,0.048815070738003286
184,-0.24239321462129082
185,-0.5378000581186332
186,1.9751023071817593
187,-0.5754083862906831
188,0.8488481499945901
189,0.49915948553665235
190,-0.13684274334130875
191,-0.07681818511924643
192,-0.5977742052052755
193,0.03198054654288063
194,-0.08677013218225649
195,0.057261209944602376
196,1.1731131746556938
197,-0.15535087430794103
198,-0.2043936595904028
199,-0.7164971648273644
200,0.13888789304402938
201,0.9315157894883437
202,-0.2677334881529001
203,2.2544394079086083
204,-0.11068650506885958
205,-0.7139314226244899
206,3.4066860509525885
207,-0.5942668826030463
208,-0.47372178491702044
209,2.6156702399610183
210,-0.006967599908429656
211,-0.34744782291232745
212,-0.648447712585259
213,1.8894828901074532
214,0.9697896991026476
215,-0.4809253913950917
216,-0.6516786145106251
217,3.5734696400250527
218,-0.5385746926315556
219,1.1905588563487384
220,-0.10836241815870618
221,-0.47087064089152963
222,2.5167848142101166
223,-0.623066589284839
224,-0.4456142519318237
225,1.4923037719901902
226,-0.08261913116940278
227,1.7521069449299556
228,-0.6046080520485486
229,-0.7450415347147772
230,4.73797753483326
231,0.10358601392442002
232,0.1546523657718024
233,-0.725161089633426
234,1.7762480253975186
235,-0.562169376199821
236,1.384100977228465
237,-0.2423822895762986
