0,0.35714521432597546
1,-0.6306057557637829
2,-0.5827063942424084
3,3.3419456310653137
4,-0.31390448079979105
5,0.2009210124900791
6,-0.06261735368863142
7,-0.13505057777547125
8,0.3379006298542082
9,-0.07375348805464155
10,1.2532169949939567
11,-0.6404520628039068
12,-0.018805700582450458
13,-0.11042038461566062
14,0.38357083573324147
15,-0.26334794698135133
16,0.07872734568489581
17,-0.18447807225690482
18,3.5163690100725162
19,-0.805734064667043
20,2.853716676815286
21,-0.6005035137392045
22,0.5599030659657724
23,-0.15774846250321872
24,0.06127913501642035
25,0.6617414947049476
26,-0.47438605713858817
27,-0.23515031318109914
28,-0.34376082259884744
29,0.018923879146984346
30,1.5207009327184928
31,-0.5751670817048742
32,0.42798227194081395
33,-0.08372654088253095
34,-0.48849011208534
35,1.8709309377061754
36,-0.7480788936095559
37,3.7259914989626024
38,-0.49028228045598965
39,-0.1022966176295359
40,0.12341542142734174
41,0.4034566343230437
42,-0.26702170176755435
43,-0.7553981084317667
44,2.2943984594772333
45,0.6055256048937978
46,0.7160870022948393
47,-0.029402821818963254
48,-0.509767269614434
49,-0.15593633258193518
50,1.5326129542228206
51,-0.5685173726986755
52,0.40896836100519374
53,0.08906859611556439
54,-0.7919198364823199
55,0.5949345169817002
56,3.822635935393037
57,0.38359661559036407
58,-0.8732472962628446
59,0.030562118469333877
60,2.899159621081979
61,-0.6717700842606216
62,1.5800711347011807
63,0.20494785865260634
64,-0.41391991449382004
65,-0.6011068303885418
66,5.041871417793501
67,-0.46557764487287834
68,0.10078305357216855
69,-0.06813723557407858
70,0.6058700690520376
71,-0.26648686219700624
72,-0.28440478205738773
73,0.6196751679009598
74,-0.45902817521702544
75,0.4178361857518742
76,0.01162746331755371
77,-0.4255832201050527
78,0.5207025225704343
79,-0.28489887156158966
80,-0.340308730825717
81,1.883492171009185
82,0.5045836797030261
83,-0.6754718972165923
84,0.07105594559697281
85,1.2051631716103652
86,-0.21910468450981535
87,0.39211115812082786
88,-0.45533470987345415
89,-0.7590712072024491
90,6.142803990301602
91,-0.26728333796198656
92,0.019756602682914792
93,-0.13889318146412533
94,0.023339067825448367
95,0.4167771734095498
96,-0.3754378921449484
97,0.7498542412035056
98,-0.8082348581136308
99,2.4831640579264254
100,0.2512725211524931
101,-0.32240747972099115
102,0.6894467863447384
103,-0.805031316111442
104,1.4353422202452935
105,0.8560869400211575
106,-0.3146093849064264
107,-0.082387803554401
108,1.4653518021148009
109,-0.6391857764883182
110,1.413799377829445
111,-0.30264709240273135
112,0.08024556139511785
113,-0.3083770072853006
114,0.817052580136902
115,-0.2892445692157132
116,-0.6657886766988356
117,1.9980015846440002
118,0.23224523370468098
119,-0.1681437197890442
120,-0.5199561688749861
121,0.949736642434942
122,-0.7036670632336617
123,1.8672177602660245
124,0.4856563729456591
125,-0.3033104616032476
126,-0.3429826790937863
127,0.3118922259835457
128,-0.6073739596604029
129,2.623004985937005
130,0.328846562483357
131,-0.38007341438187736
132,0.10621173827683461
133,0.28129958001736033
134,-0.033546195005001334
135,-0.06381174932784273
136,0.5166259714008257
137,-0.4895941511371307
138,0.23923990546285046
139,-0.5307602859293898
140,2.0561608755210345
141,-0.24911806639638057
142,-0.1913538538084233
143,-0.6221770577689782
144,0.21876838147340205
145,0.22426908936685486
146,0.5982058947200135
147,0.2148234880950921
148,-0.059553404256194264
149,0.2695976305035561
150,-0.3149257520634844
151,0.013202889455647515
152,-0.36215830625539924
153,0.644778410161303
154,0.016793644924226303
155,-0.245874660677867
156,1.0206253135618817
157,0.8950660813687934
158,-0.34226166179014117
159,-0.1881961904463222
160,-0.11053703211040478
161,-0.3266303653188183
162,0.5445837586837634
163,0.2743728000992687
164,-0.8698150726327066
165,6.771274929591681
166,-0.5804390474121978
167,2.057292524544753
168,-0.5643746262512831
169,2.08410401776089
170,-0.6843342802177093
171,0.5933937119083799
172,-0.8799608034348358
173,6.710752397903794
174,-0.7652577909362898
175,1.2381348712454887
176,-0.32253052973350693
177,1.3611328272623897
178,0.20395974855347543
179,-0.6457472172203057
180,0.5402438619935546
181,0.05341275999719963
182,1.1294672216469848
183,-0.20036182207532804
184,-0.7638483738770033
185,3.7692495443507346
186,-0.07873461828420913
187,-0.8535253045688904
188,4.339445762185819
189,0.14932126575098725
190,-0.18142425245739124
191,-0.34230217807063446
192,-0.6388674283076387
193,3.855094929663853
194,0.24884571853555726
195,-0.6571867716890308
196,1.5684075823749426
197,-0.32273951275058976
198,-0.37155750991138636
199,0.570143960813241
200,0.6830256822882415
201,-0.4051519858379289
202,2.056263496807172
203,-0.5008517391486309
204,-0.30819317980721495
205,-0.4172579680313997
206,0.5504467458522377
207,0.3136710321552467
208,-0.7522443004921213
209,1.8586683425320465
210,-0.6359904594905648
211,1.1644416468001353
212,-0.008254387723130807
213,0.587601850835253
214,-0.2459015804247161
215,-0.6202766875479881
216,2.2211363345879445
217,0.21590589981620356
218,-0.7561877371153931
219,2.0924203207305196
220,-0.35361579299265267
221,1.5937540084423292
222,-0.18221437577260935
223,0.7941960874124345
224,-0.6995534631156268
225,0.9962034529483053
226,0.22330958217095365
227,-0.3874408550386882
228,0.11560210969567009
229,0.23113030538184254
230,0.7881677186129821
231,-0.2254910765151782
232,-0.8071108789746636
233,3.3722903217303495
234,-0.5884321840227975
235,0.5562819382135373
236,0.1743987683040813
237,-0.02153596884410247
0,-0.5138337881064179
1,4.03606712994712
2,-0.5856124275968848
3,0.7928487827421655
4,-0.4786876471219954
5,0.054544005914459515
6,1.0693396911383575
7,-0.6857634778601402
8,2.656291348747501
9,-0.2002521949237127
10,-0.20302676840855338
11,-0.20458881482565305
12,-0.3162173882742392
13,-0.3580906731702356
14,0.8356453149611884
15,-0.13681933243905786
16,0.8604652667770518
17,0.726798381735924
18,-0.1416563059166166
19,-0.556774603565535
20,3.549046473710262
21,-0.7046485112841665
22,-0.8274088723458483
23,9.511763696416839
24,-0.6294837246281588
25,-0.46656970986840396
26,0.49480206675302174
27,5.014820378143475
28,-0.8959016780081565
29,1.3187935192644606
30,0.5037544887970891
31,0.3931512076397554
32,-0.5128897670807789
33,-0.5927307395601705
34,1.833176580720771
35,-0.4846842504877228
36,0.7361283451066267
37,0.7876442915290895
38,-0.11521525046187475
39,-0.555999299118634
40,1.5091648496563188
41,-0.4700079297118005
42,0.8252957141350354
43,-0.27741624300244594
44,0.09387407125779634
45,1.5061246790502807
46,-0.5002494727797702
47,-0.3828586205944886
48,0.261939586014992
49,-0.09842844013854313
50,-0.3909992817625061
51,2.293739794054608
52,-0.7550584046160337
53,-0.31340942327512855
54,2.2242919322547556
55,0.237416866184615
56,-0.001504353519371171
57,-0.16405003202880875
58,0.17915657772894567
59,-0.33091758654575776
60,-0.22028257028957476
61,1.0514344294779252
62,-0.048457715419309655
63,-0.4332946601130787
64,0.6618705039135719
65,0.10041275188590704
66,0.07579653290740618
67,-0.3029843257734315
68,-0.2815592281930973
69,0.5329985704580396
70,0.2677755819843517
71,-0.35673150196584946
72,0.4543615008492936
73,0.007706252175327721
74,-0.7627232300214238
75,0.902556609405645
76,-0.13413266360266807
77,-0.1911745858543682
78,0.8568343464947135
79,0.5678294272301418
80,-0.04698892515270037
81,-0.4829656953254854
82,1.3109137597652691
83,-0.2635831176325333
84,0.12313106322139511
85,0.027478885006253728
86,-0.0395331809229339
87,-0.25486466661322293
88,-0.04336240058174945
89,-0.7284975968141463
90,2.412211216553154
91,-0.4456886321585448
92,2.1212443392701776
93,-0.45035364158067626
94,1.1790793031480473
95,-0.3987968459778136
96,0.3058784415617939
97,-0.24728915288459463
98,-0.4025604209335446
99,-0.5835275416079357
100,6.770975507511021
101,-0.4904160578904255
102,-0.1962340905952401
103,0.40613609019618924
104,-0.5892447535510789
105,3.1598392989516046
106,-0.6670351430183883
107,1.4337343241288996
108,-0.06577543049796553
109,-0.30212789991012157
110,0.09274593076466164
111,0.6694922375827592
112,-0.017490181349229084
113,-0.3765296796415206
114,0.20614902166404314
115,0.26050270022253463
116,-0.041670703958239685
117,0.06448775179884003
118,-0.1897907479408888
119,-0.37811829213538417
120,-0.3441465815588125
121,2.241041889206722
122,-0.18184056788564995
123,-0.6197694066597819
124,0.6761029540042318
125,0.7547216318058461
126,-0.5038590212249067
127,1.2159022906319907
128,-0.4565169740306866
129,0.7080566967360473
130,-0.32097862332858296
131,0.5995803224760403
132,0.13041897694245352
133,-0.71892314085589
134,1.0088380334578595
135,-0.20350163970807744
136,-0.012589030250779287
137,0.1386806711811217
138,0.03445910474192093
139,0.233431522236361
140,0.5054323053301983
141,-0.08603436898273231
142,-0.0941328156289416
143,-0.030804264035948714
144,-0.7694256320877346
145,2.4832952171055074
146,-0.5647000982225887
147,1.7990298060272636
148,-0.5808542501148539
149,-0.03634189549964395
150,0.8553196130145255
151,0.08671645449358945
152,-0.5281882460250776
153,0.8516047092738823
154,0.7817123449288581
155,-0.5774106982087722
156,0.020465177312278815
157,0.44369232599814246
158,-0.23085710926464464
159,0.4003513269943575
160,0.029690806221284838
161,-0.11264499684272566
162,-0.11458876203524715
163,0.050764086132032205
164,0.48986248703818047
165,-0.19761161638160585
166,0.0862103799873386
167,-0.11860185074011609
168,0.2790451572215138
169,0.11099798994309618
170,-0.15626408040933293
171,0.20585813995528146
172,-0.2680566402428973
173,-0.05833184601056818
174,-0.18313637520142834
175,0.39490985502931375
176,-0.7346843085016496
177,2.446208034412836
178,-0.24925705619146654
179,0.31963964806147627
180,-0.5686603299974625
181,1.2000122196793006
182,-0.31480506559478283
183,-0.6993851313629003
184,2.2227580237667177
185,0.2694283654523204
186,0.18897439306735442
187,-0.49349100831391446
188,0.5201003938012569
189,0.8970952656283047
190,-0.46926579105681965
191,0.32458284488526945
192,-0.3269333552384128
193,0.9298980395424747
194,0.07632167045388782
195,-0.5918263656905964
196,1.1328277837851246
197,-0.6155116955701344
198,-0.2786376754415486
199,1.300061372556812
200,0.05919238749989275
201,-0.3359303911293301
202,-0.4358821195518795
203,0.7457515915060564
204,-0.49499856677084686
205,2.42708231154244
206,0.9162304154246945
207,-0.3593336141731266
208,-0.16817070971291082
209,-0.3557006019621598
210,0.28614973364629726
211,0.04140007843787563
212,-0.47529962943297877
213,1.4905569619501033
214,-0.7745384214589298
215,2.4892578297377694
216,-0.6914692700551772
217,5.7529643800431876
218,-0.5350255291325727
219,1.0511402688777487
220,-0.48174177335406065
221,-0.010766287086521942
222,-0.33536952284403765
223,0.6887090254253452
224,-0.4924619492176142
225,0.8750904860963444
226,0.5257260429338677
227,-0.6501005139031057
228,0.6886807235719012
229,-0.3142105574501822
230,-0.30474184071269983
231,0.9557673581058548
232,2.693375120080948
233,-0.9039398670505961
234,3.100274418487282
235,-0.7264398818551209
236,0.612541815522057
237,-0.4482389693422054
0,0.4210865809400923
1,-0.25099003972938816
2,0.6861447623243528
3,-0.118185243032214
4,-0.33176921196472364
5,0.44913719227173576
6,-0.5740127869766232
7,0.7894361329805577
8,0.5275376408156063
9,-0.6901905486371096
10,1.801608639286918
11,0.10487321577212017
12,-0.6391316887652043
13,2.1978746998119476
14,-0.5583533567156735
15,-0.1319359357429255
16,1.0875077476232535
17,-0.30882117964500155
18,-0.24033410513959486
19,-0.3888731079623985
20,3.120258179558572
21,-0.7936279712793717
22,2.462778828055713
23,-0.25187369940436877
24,-0.11297014311733711
25,0.4121302668637761
26,-0.15288408786044472
27,-0.2628616387491344
28,-0.5778930615029406
29,2.793045894161863
30,0.14950674542436415
31,-0.29906265723468406
32,0.007802646301413141
33,-0.3214184260944074
34,0.016799553633022102
35,0.0337406192613825
36,0.6333566521292502
37,0.4699224655854035
38,-0.31547735664887955
39,-0.5230160724523625
40,4.210731683803003
41,0.03230192737498805
42,-0.7193193896856889
43,-0.005075052866196472
44,1.005207229061337
45,-0.47699331404041856
46,0.5447708946884984
47,-0.7514206661374508
48,3.137967940355284
49,-0.4950703583677828
50,1.0019157582312581
51,-0.13443837528360347
52,-0.3513601112399487
53,1.1177707322722705
54,-0.1428666463276944
55,0.7417776683690405
56,-0.7437713876139114
57,-0.006723194895520979
58,1.0662702668161166
59,-0.27448398072944336
60,0.03310917355416865
61,0.34692125327116385
62,-0.04556675933846854
63,0.420300157276015
64,-0.8270095967253295
65,2.734675222370783
66,0.033446673256966264
67,-0.8119294567998637
68,2.873631957574149
69,0.1119816840564416
70,0.11769739292572035
71,-0.29513480812601356
72,1.3625289544843002
73,-0.5662539150857027
74,-0.5980896697466911
75,0.7821464449258033
76,3.402770487114819
77,-0.6655412179654925
78,0.6572892629390152
79,-0.478592458877072
80,1.0448780966408826
81,-0.3571211353712508
82,-0.7473580717820618
83,2.18241547801134
84,-0.5924480372894549
85,2.294261327449177
86,-0.6963337564696879
87,3.4125211449517696
88,-0.03502303181594679
89,-0.1536747008448225
90,0.11323223834763096
91,0.27088582042986054
92,-0.5286407009234113
93,1.4337472188147036
94,-0.059897980463871625
95,-0.35861217775411747
96,-0.060442050061601416
97,-0.034939210772768736
98,0.4082793589650031
99,0.1358399110123032
100,-0.06564511927965266
101,-0.08845798588509768
102,-0.41531694625977433
103,1.241363969236187
104,-0.2745647070832047
105,-0.41444044042989026
106,0.3091378670388558
107,0.4205532890765442
108,0.2848009629892765
109,-0.4835293454930333
110,0.03542755826973765
111,-0.7820273412500205
112,4.1835238935321275
113,0.57800319323342
114,-0.36061923563588594
115,0.04060968037999002
116,0.20242980587331916
117,0.016179369710770608
118,-0.7661806411998971
119,0.5993121906342009
120,1.9549030142703971
121,0.46849765359361983
122,-0.6933698902641954
123,0.40823543061781886
124,0.52543710355281
125,-0.2467359054371674
126,-0.6021005711781652
127,0.764799357332135
128,-0.06505068209988007
129,1.848683445999991
130,-0.4781797100575903
131,-0.38497486997595265
132,0.9886585545998161
133,0.3534671541918353
134,-0.4470661205038512
135,-0.022795580919099723
136,-0.23256331989785062
137,0.2582833085867897
138,0.17797127122498702
139,-0.23656570375829944
140,2.1125136616421516
141,-0.46173350674330715
142,-0.31403786171973547
143,-0.006938026707766776
144,-0.7761858187014316
145,0.5771123521568882
146,1.2106901907201446
147,0.44887470800275175
148,0.2726341438605626
149,-0.1703377096209705
150,-0.5832722764135483
151,2.6658959944382574
152,-0.3502226944876602
153,-0.6808311384230369
154,2.2742680470957417
155,-0.5191935290664631
156,0.8296915707311061
157,1.3457286079489812
158,-0.7016725653697498
159,-0.21105242066986973
160,0.7382815024263232
161,-0.61344990546417
162,1.9685130253677152
163,-0.6592218152851886
164,1.651066541933135
165,-0.5832842749227456
166,-0.19690516701319516
167,-0.3803384183664046
168,5.978183966048101
169,-0.529375476619985
170,0.02543199998138923
171,0.3851050656859405
172,-0.13476566201487106
173,-0.2089022781246439
174,2.6265678691501915
175,-0.612943587965622
176,-0.06403450806634836
177,-0.5101796387288389
178,1.4170601371544063
179,0.06813305446665852
180,-0.18357763447292286
181,0.8956761295480871
182,-0.1814680293846812
183,-0.6280327494319383
184,-0.1181560283713321
185,2.646772748456168
186,-0.5631866206875668
187,0.06550613217892853
188,-0.6200425485304452
189,6.184980703245093
190,-0.845540976422466
191,3.088358546593624
192,-0.5538948242381192
193,0.7173109905001755
194,0.15428356622132555
195,-0.4768184514041153
196,1.6143894685267624
197,-0.2970827021668254
198,0.40064247926026897
199,-0.7539792578811423
200,0.6615428548707891
201,-0.047901377019437974
202,-0.47204037502691076
203,2.230069078725713
204,0.0764812883917163
205,-0.4061935019216185
206,1.2875536686061504
207,-0.5667339321038569
208,1.1502090187161182
209,-0.7743954457748158
210,0.2047803803817747
211,1.3102056381542555
212,0.8609379720982437
213,0.3540486264460798
214,-0.3930771701179736
215,0.17668294846724142
216,-0.430248815024205
217,0.5689073985650237
218,0.04487809148519406
219,-0.3289642191533564
220,0.3539656080704141
221,-0.14151353867878902
222,-0.7242591064983164
223,1.4737810209019035
224,-0.0359786118703499
225,2.1554468087148697
226,-0.6914085942610482
227,0.41841778907607985
228,-0.05314978054775088
229,-0.3346423196700975
230,0.3309834429826257
231,-0.5363662128140706
232,6.487542276209034
233,-0.6198552148622853
234,-0.3659465198225065
235,0.9973210136025898
236,0.06677831679405388
237,0.38676818630759
0,0.8774820646258124
1,0.6577952147683674
2,-0.14048622237031294
3,-0.30011909409907145
4,0.7557204717420027
5,-0.03468194432842986
6,-0.1254759798730728
7,0.05650243501903773
8,-0.24527740514124075
9,0.5849773716884785
10,-0.7044949475269029
11,7.5199056316552735
12,-0.5293280030486449
13,-0.14453062870056388
14,0.4501569755138053
15,-0.34723659493828396
16,-0.6184547992666406
17,2.9242552100807484
18,-0.825487700806125
19,3.464843485727668
20,0.4263138949879828
21,-0.302383002649825
22,0.2541042904325945
23,-0.5047542262582213
24,-0.4946879067599145
25,2.3956312422133896
26,-0.3263240214602774
27,-0.34826366413727683
28,0.7451464515401167
29,0.6663533545279692
30,0.2428812038083672
31,-0.6975747224568609
32,0.3057342258476399
33,-0.21424292787507093
34,0.3765601535301035
35,0.7197714141569169
36,-0.020837771868120858
37,-0.7879035847297224
38,3.0161357833409674
39,-0.47701016136503116
40,0.48249185453178733
41,0.1448379022338424
42,-0.4058321658633869
43,0.5275365674772321
44,0.09753770773907888
45,-0.03487216246261171
46,-0.2546849398139506
47,-0.10059546350442694
48,0.32867067361950486
49,0.5245642401013844
50,0.6094272482059946
51,-0.3506344073086951
52,-0.18298279322042743
53,-0.1650163995135182
54,-0.5223029837315288
55,0.2295446653089077
56,0.3214234235683966
57,-0.29889168158944834
58,2.3436383531706504
59,-0.41250691719237687
60,0.42354329270554647
61,-0.06621588511518539
62,-0.3647576380097368
63,1.4106172489077355
64,-0.5951867468404978
65,0.16166990098909362
66,-0.08908788417771885
67,0.15135323863327566
68,0.11842568654569408
69,-0.2663716989699404
70,0.35231491117641633
71,0.15203797669090946
72,0.2377790137850342
73,-0.595576366029861
74,0.12947046319410238
75,0.5918964912659677
76,-0.1889716626668343
77,-0.34564751693518514
78,1.1164467873104655
79,0.25627251910890725
80,-0.2766247606140233
81,-0.028558909848468872
82,-0.11370053178803619
83,-0.194713440997221
84,0.07103968768150049
85,0.35803007038264023
86,-0.04867271756921543
87,-0.07363481997110022
88,-0.500820122677152
89,0.27990070574256576
90,1.2682841988545435
91,-0.6513712253012993
92,1.7382340853301654
93,-0.09783131766642639
94,-0.06611740971750768
95,-0.2839757890893765
96,0.24577026507006328
97,0.379424284090627
98,-0.37675128297696625
99,0.39680814500370887
100,-0.41558372416519807
101,-0.3924758875027785
102,1.4294356510845225
103,0.466421615882352
104,-0.5603298095468641
105,-0.5931528943708897
106,0.9459232206165749
107,0.5292369123875909
108,-0.2614438368236961
109,1.533143931101466
110,-0.5021677152101962
111,-0.17143680280743667
112,-0.21869396347206094
113,0.5934935716398391
114,0.7455192625532896
115,-0.5096937024511796
116,-0.07094453320169247
117,-0.6211930049967933
118,4.555165925008536
119,0.4458615459346924
120,-0.36469987784003954
121,-0.5111862072806158
122,0.448957165481938
123,0.6972083347260707
124,0.015511748089794608
125,-0.37056546744313734
126,-0.8014198891863594
127,4.201131615962935
128,-0.07908812251148434
129,-0.21169398639734527
130,0.27104574574630225
131,0.3503959316413279
132,-0.4328265795571081
133,0.8865730381617318
134,-0.32676771499999624
135,0.06003101691736301
136,0.32087650562030356
137,0.011762537379797378
138,-0.328410495079956
139,-0.32032299035519374
140,-0.021305295981201233
141,0.7182668367471656
142,0.2723290919563548
143,0.6025059734512312
144,-0.46810312263071674
145,-0.24667945073884556
146,-0.46245419556404865
147,1.6697445774488053
148,0.011527532467237478
149,-0.2504833800661006
150,0.6677974462965497
151,-0.38814918200547
152,-0.04421469436717296
153,0.5775979359736652
154,-0.3660662542804285
155,-0.38139627480389426
156,0.35816202959751253
157,0.6339010408783872
158,-0.5561478401015585
159,0.41304135456794455
160,0.4843673174300078
161,-0.1345448123122196
162,-0.23644407194026418
163,1.704619439066294
164,-0.3872571276061002
165,-0.06439333511690137
166,-0.5594145170637128
167,3.440091003288445
168,-0.5874576064774549
169,0.6586862218550229
170,-0.5389483884718933
171,1.1227172642969503
172,-0.590424621517061
173,0.6017048585948843
174,-0.05836775816368833
175,0.40711965896449587
176,0.04975702759578593
177,-0.5325837805864657
178,0.24815639324505234
179,0.060714486999726036
180,1.118141153877517
181,-0.4045212853829775
182,-0.3725694613674142
183,2.6816868935643763
184,-0.4044422828215747
185,-0.6743122342137888
186,0.7179791710823025
187,0.4969473343347084
188,-0.7670153228994206
189,1.9607803545468663
190,0.7734864978736815
191,-0.112714193132738
192,-0.6158944116920331
193,2.016519788346905
194,-0.6442211634352717
195,-0.4493454063729311
196,5.30264784963047
197,-0.27805921391171284
198,-0.6677295734157511
199,0.23790491969598304
200,0.8266419770751794
201,0.05141875409123298
202,0.45215697590900383
203,-0.3046482116612731
204,0.4508157153826753
205,-0.6102976718703603
206,1.3371395870241636
207,-0.41552829854072304
208,0.05777618319725564
209,0.39860187393786894
210,0.012994116042210457
211,-0.3541151619608297
212,0.054108502494730315
213,-0.014129473349362875
214,-0.08973584471078111
215,0.2575300863801333
216,0.05716943666419838
217,0.399866011169689
218,-0.3372243478290896
219,0.5815454927410522
220,-0.33639780882307646
221,0.5746866501571468
222,-0.09493268556627621
223,-0.2617979835887446
224,0.5716195573650855
225,-0.5221470867016162
226,1.6532877147724188
227,-0.6919686571710345
228,0.6091986942043541
229,0.32766220540392466
230,1.2531193545095074
231,-0.7934030689769763
232,0.7729062430619871
233,0.2876188036177214
234,0.12715318524913455
235,-0.5828715600812657
236,0.6753230460756732
237,-0.17373574566802563
0,0.2765409488768329
1,0.15709833033140153
2,-0.10857502176577383
3,0.5643317713604372
4,-0.7634881777536348
5,0.7419186650075587
6,0.2892226917402101
7,-0.06517285582274901
8,0.26437072695049024
9,-0.18418828899039807
10,0.32488634007994777
11,0.9807303194448607
12,-0.7382700411733774
13,1.1923057389099965
14,0.32427334761044246
15,-0.46935586009330443
16,0.17852993983275112
17,0.4325751643860787
18,-0.07708293937571098
19,-0.26714504757534796
20,1.1195617623823755
21,-0.6625491411672038
22,0.5706577114137892
23,0.1941668197142039
24,-0.6489578247249146
25,0.16955808260097593
26,0.9799337498453995
27,0.33987805812787
28,-0.3487456168740999
29,0.9147689849880589
30,-0.3768332733957369
31,0.4664955864367155
32,-0.7492176458737663
33,1.0055613034725224
34,0.24615800167945578
35,0.00866259083526022
36,-0.34716472448966407
37,0.48562701022657206
38,-0.20856829886611705
39,0.21625732568858425
40,0.41051069522469064
41,-0.6914617831039094
42,0.3558820294269347
43,-0.21426803620819312
44,0.08814943426006527
45,1.7006614589256759
46,-0.5285961432961397
47,1.4968037653329849
48,-0.28182645844461873
49,-0.06763236255318261
50,-0.6155908140884736
51,2.109139451672718
52,-0.3519392152308203
53,0.29962668563431505
54,-0.12007977238582945
55,-0.6548204555607993
56,1.57848990495155
57,-0.20682694556152748
58,1.375988960168065
59,-0.02286634058753656
60,-0.4937332343253702
61,0.21737074649281407
62,-0.7177402812918898
63,2.7726335778060123
64,-0.3518477552448348
65,0.5466839198105726
66,0.04761552826774573
67,0.4502825803471584
68,-0.032356340469489875
69,-0.7947830119168376
70,2.13550262307216
71,0.3547074856458998
72,0.37580455505208477
73,-0.3538488129451277
74,-0.3758457775657369
75,1.3221271553918452
76,-0.3386589985057852
77,0.40943323363383644
78,-0.289628853519168
79,-0.7471244807990811
80,2.6733288034072027
81,-0.7919029263660113
82,2.4663059047272586
83,0.6650212014748125
84,0.2949347902364461
85,-0.6663607190323322
86,0.2719159279671197
87,0.44889610961005144
88,-0.6517519420966816
89,2.4947508320370178
90,-0.2926927342333694
91,0.903415190637505
92,-0.08428204767384317
93,-0.770568494944602
94,3.1556184921178216
95,-0.1706966361478488
96,0.008728434757679704
97,-0.06537431945607297
98,-0.7097784671523478
99,4.198282768947757
100,-0.09889318255623414
101,-0.8208571858552844
102,4.353120964500506
103,-0.6394994614525624
104,0.6953958061842218
105,0.18270194290978958
106,0.4266430041115845
107,-0.029792692606045335
108,-0.41960388275234883
109,-0.5628351802410043
110,2.3321734079100422
111,0.4539558309000178
112,-0.557890119470069
113,0.9780449713706214
114,-0.429867478405062
115,0.5002790290705088
116,-0.2520036596964834
117,-0.46571242440181204
118,0.3014515014719812
119,1.4218979346908522
120,-0.5462127049573142
121,-0.3105708281882493
122,1.6726878439100545
123,0.44686275763756234
124,-0.4749939966566561
125,1.0056341903099821
126,-0.6542245623649001
127,1.443054281039153
128,-0.44343815646714124
129,0.2953110781630519
130,-0.04355430814361294
131,0.246164486559719
132,0.12199738449888686
133,-0.5176229411103876
134,-0.5201650129356483
135,0.81404506654312
136,-0.12320798172044256
137,1.3684229242155697
138,0.0964548566650758
139,-0.5550844903462366
140,0.8856704115905338
141,-0.4877005023545117
142,-0.07051455402910511
143,-0.21678217056197147
144,2.435844283497451
145,-0.35822275346710664
146,0.08625749123301252
147,0.6181205178933373
148,0.01411057319859954
149,-0.37867093495917503
150,-0.5002794538594753
151,0.5932732064134467
152,-0.2819603861619935
153,1.600367740939022
154,-0.8783700966073062
155,3.6346687513068305
156,0.10974148688757612
157,-0.2365516559545262
158,-0.004327009057981668
159,0.13748920746480864
160,0.3217012131176584
161,-0.018501786272674736
162,-0.5498210418178486
163,0.20449737080058217
164,0.3547618071848191
165,0.33655130248461895
166,-0.038083891791185764
167,0.17731277155766634
168,-0.3654599395510635
169,0.25479647705627184
170,0.01427791390537414
171,-0.7204302312664532
172,4.596586632916037
173,-0.6446345309678179
174,0.003549934338284544
175,1.0800426114054047
176,-0.3134254949839541
177,0.2330500851310675
178,-0.1698966433805219
179,0.8718831994074427
180,-0.23170135197230213
181,-0.22235408672006807
182,0.47935715483937935
183,0.08547265267575299
184,0.019540671637745533
185,-0.45875301869733076
186,-0.25953415894598686
187,0.6306144102388334
188,0.3938902330919267
189,-0.6016595260745103
190,1.046933523778549
191,-0.34881811025803355
192,0.12455470261217627
193,-0.1685735288657091
194,1.7585518245254907
195,-0.7884753470059268
196,1.953019865805253
197,0.6187668542738403
198,-0.28529136227282703
199,-0.23327109833072612
200,-0.47613051953640795
201,1.7796329094471344
202,-0.05832144251453286
203,-0.7148229788985457
204,0.1876923735914935
205,2.0038257491250175
206,-0.012152457382836213
207,0.7954579980726562
208,-0.3100419099249918
209,-0.4930033484233325
210,-0.028159168648977384
211,-0.110711797952745
212,-0.7478869467138569
213,3.300141954614425
214,-0.6438764720042246
215,-0.1985914349224096
216,2.438351919204738
217,0.2520672292399082
218,-0.26508081407379713
219,0.8263926884550707
220,-0.08681152667573178
221,-0.6354574003738791
222,0.8737277006329272
223,1.2011194462436223
224,-0.8964149567102067
225,3.307473633186781
226,0.33740451300442986
227,-0.12405740906371299
228,0.417491166110755
229,-0.3507372657025586
230,-0.36486577392520836
231,0.2329375900648274
232,0.4860618059448085
233,-0.4333775340108905
234,-0.5463011496833541
235,1.1774534701510597
236,3.239254635523161
237,-0.7542979608766233
0,-0.2846399946191219
1,-0.19112855366485781
2,1.8297665342517475
3,-0.01673740252165401
4,-0.4054520972184378
5,0.402936652215659
6,-0.6476736601698155
7,1.0702229184344234
8,-0.2371928817975102
9,0.16172890985691923
10,-0.13560488668107817
11,-0.10012484792817689
12,0.9294694879232321
13,-0.12891507225073062
14,0.19573651416686144
15,-0.8021154590045239
16,3.0401228727690013
17,-0.42317812852689773
18,0.24281198947824767
19,-0.2644374296299631
20,0.5630513416442615
21,1.1384331310762903
22,0.0598508472169037
23,-0.6643294287766539
24,0.36240180092838137
25,-0.19436240952950423
26,-0.18077643325613513
27,0.49514520587599153
28,-0.009769916244205756
29,-0.2585644175883369
30,0.4266730320507741
31,-0.3350463115111867
32,2.956456395151224
33,-0.7993905892399726
34,0.5207026287792176
35,-0.0911609277294908
36,-0.6276984413224088
37,3.808483564260076
38,-0.310098716407173
39,0.5806423019016715
40,0.037551796501402945
41,-0.42752273521058815
42,-0.29168112668917345
43,0.7026512309167396
44,-0.19905706393991185
45,-0.01721733160025396
46,0.4330918312448453
47,-0.573523992341144
48,1.2816561467942393
49,-0.1842588669051306
50,-0.7329384485315822
51,1.1245480570542083
52,1.1723242490625747
53,-0.25694496548243095
54,1.141376429383726
55,-0.4013710994592051
56,0.3121556895046842
57,-0.32488391660378557
58,-0.04707986345421722
59,0.15757423811046456
60,-0.1558442336732726
61,0.44614279894866904
62,-0.6575526989114042
63,1.6975799827387763
64,-0.09485339845533003
65,-0.05042356460153086
66,-0.3218973205146365
67,-0.1913296442234177
68,0.16781242256136486
69,-0.25261969146442664
70,2.3892527599882225
71,-0.5911051388512734
72,0.2703064471809582
73,-0.7749599076777891
74,5.818941475136737
75,-0.3307592958312747
76,-0.6305877277102712
77,2.7344507977311014
78,0.3231273484658306
79,-0.5393004352640445
80,-0.33003983589517316
81,0.9046673514748511
82,0.043408277789655614
83,-0.11082683809351646
84,0.4826406371642047
85,-0.7157416438852257
86,0.10196281958077091
87,1.0625119646180035
88,0.16959007605040588
89,0.05697748431576444
90,-0.3384471352217725
91,0.1756063887790127
92,-0.016008768457533185
93,1.2700519431190451
94,-0.312836869988247
95,-0.3425964716301534
96,-0.20210247133284664
97,0.22419715393102546
98,-0.17991976990990355
99,0.26685477765405463
100,-0.695581504350526
101,1.1002987328548883
102,1.2491157819245906
103,-0.4823015200589036
104,0.03809677260200983
105,0.012045181084377354
106,0.5443994815352624
107,0.4656746547054018
108,-0.3737630014426703
109,-0.5917289438520534
110,2.2323940137882983
111,-0.19431770861535846
112,0.22763796802506508
113,-0.334274096174324
114,0.388005911660225
115,-0.7094403240738758
116,2.8390588922115545
117,-0.5945605986771851
118,0.49959832635968615
119,-0.11947185342603572
120,0.2250070463082532
121,-0.19704507170734864
122,-0.03991846663966392
123,0.882902225387374
124,-0.03724797523581558
125,-0.4546465416247133
126,0.4439927265796937
127,0.07659065425322065
128,0.5847976495430407
129,-0.5514027301692466
130,0.9923155324582016
131,-0.14995739347734516
132,-0.5963722586663833
133,1.354201574790706
134,0.5615394108603369
135,-0.6407634159897073
136,0.8566127625082873
137,-0.10731438882430933
138,-0.29409301775615515
139,0.3301194853142311
140,-0.6815169393974458
141,0.10949383876490182
142,2.5912126298819196
143,0.23922529419793914
144,-0.11859975581795201
145,-0.5296251363113709
146,0.2374082564445832
147,0.5887273480386315
148,-0.4592782775301004
149,-0.11708015576972042
150,0.025602627646856613
151,1.1509249081523256
152,-0.20126455665167986
153,0.5425266209243957
154,-0.7706827547278802
155,1.0016281331443881
156,-0.31999713268363783
157,0.37248602440340806
158,0.5088400818946097
159,-0.25706593255652443
160,-0.5934491001448683
161,5.086067322501744
162,-0.5095933865463127
163,-0.6506258992966683
164,1.676859071309122
165,-0.1908929793220694
166,1.1683253222175813
167,0.8326485796763503
168,-0.8903341585866494
169,2.878420730787318
170,0.09532591781354349
171,-0.6151684169247537
172,0.7593989476373497
173,0.2156980832216535
174,0.2638938408295475
175,-0.42562305676916334
176,0.5315397588780373
177,-0.055959167796310716
178,-0.6200021134324099
179,-0.30663157157124177
180,1.2195211925681249
181,0.21861158148577253
182,0.5575599585413225
183,-0.4570412063574273
184,-0.3119866513212254
185,0.5266661689253986
186,0.4784424860718426
187,-0.4541791170922188
188,-0.20785486859445934
189,0.5873473570934071
190,0.07353187043993792
191,2.843737168777374
192,-0.4873342644183414
193,0.9630723024029912
194,-0.6882041730313084
195,-0.3078642188948999
196,2.9506909072087155
197,-0.49485544396493597
198,0.3028494282400691
199,-0.5727424301770649
200,0.2635968042687824
201,0.12773404755629048
202,-0.360927262625255
203,0.7620589987058668
204,-0.06482835697861711
205,0.046484191437784705
206,-0.7259108659152196
207,3.7973804790565957
208,-0.4117900923921819
209,-0.034849049500323415
210,-0.14018981227024097
211,1.2676893781587868
212,-0.03258082254732386
213,-0.565982900669525
214,0.5478501172903867
215,-0.5165506864061051
216,0.6771625026611219
217,0.26490573816856733
218,-0.4313181094006867
219,0.4639912597850231
220,1.0691816915755061
221,-0.526938332802776
222,-0.06930561683618186
223,0.3871362556832947
224,-0.41086393280069555
225,0.686025960681981
226,-0.09245789473737909
227,0.6250105346957537
228,-0.8037836769101311
229,1.2919890184979455
230,-0.08797918728407039
231,0.8793202734660492
232,0.04280035050589004
233,0.5062243043866612
234,0.026153272820095053
235,-0.1256619994927326
236,0.020330474481437433
237,-0.6768070950132256
0,-0.5850668305410452
1,0.8755649281416067
2,-0.08512387440540437
3,0.4962985910829727
4,-0.0098508389077121
5,0.24903291297986052
6,-0.0365041824664073
7,0.43371898500756134
8,-0.04185037138880898
9,-0.19743933960080506
10,-0.6195254953646159
11,1.0346246544351771
12,-0.11529487231429947
13,0.9293862137057081
14,0.06077204741861553
15,-0.31541359832478333
16,0.21578863601936416
17,0.1067993999486685
18,-0.7665708967227777
19,5.229674130658706
20,-0.6620677718731169
21,-0.41366598646199715
22,0.274354125150283
23,0.8083525588350906
24,0.5010793737820793
25,-0.44887639171041094
26,1.425123250696605
27,-0.2095159820020671
28,-0.6322211203830812
29,0.564035689389667
30,0.6103440722385858
31,0.4764069380763618
32,-0.42184402671156485
33,0.23707135834525683
34,-0.6388863163369233
35,0.7103656991312419
36,0.406362716877372
37,0.2492009710911811
38,-0.5856775794834737
39,-0.38236520492847004
40,2.006971022188022
41,-0.6473739003609543
42,1.8242346351649683
43,-0.26411016649044505
44,0.01656017132895271
45,0.9861828592857407
46,-0.485455831087547
47,0.5064023583575956
48,-0.5016863625172012
49,0.525957453426475
50,-0.31291832334275727
51,0.47311016722444643
52,-0.4694792406408025
53,0.27257395395961814
54,-0.1505415621556323
55,0.7044541037246874
56,-0.019137578930529253
57,-0.1507666674041681
58,0.5199171425440021
59,-0.48799217024205666
60,0.044010457298915284
61,0.19037665411082516
62,0.4110616467839914
63,-0.15361623693819193
64,-0.4167344968354796
65,3.882186077997588
66,-0.8757319663129117
67,0.09650632096792577
68,0.7805032231137887
69,0.7756930844410719
70,-0.13347558266936754
71,-0.08069191299338241
72,-0.356259625182067
73,0.7432401901636372
74,-0.12235024216934898
75,-0.015168610009103856
76,-0.22545865254468733
77,-0.3656067423567778
78,1.327534885364686
79,-0.46915361877283546
80,0.7430807809617481
81,-0.44393487375130847
82,1.3546014775190955
83,0.4657470051261541
84,-0.847591619971074
85,2.4267934226684416
86,-0.09998001793318434
87,-0.36535901926754477
88,0.40381293226404535
89,0.2152542732154239
90,-0.5109815130636118
91,1.398587028562595
92,-0.31182987633070536
93,-0.18117570567601593
94,-0.010025287086248835
95,0.895823912966131
96,-0.37681840933390487
97,0.8252953848328153
98,-0.5391235620781876
99,0.07583074121704647
100,1.4273161815729916
101,-0.37699358152748397
102,-0.09090951752648946
103,0.7485489881489744
104,-0.4929569249976812
105,0.3499106364029285
106,0.16809805705882752
107,0.04998103316801683
108,-0.8536053226682517
109,4.7268177458820615
110,-0.5796725143449774
111,-0.09735882692747477
112,-0.28514125600030416
113,0.7062126729462825
114,0.9562220223727449
115,0.22174301432685972
116,-0.3913384597433517
117,0.2863250543346172
118,0.4899598969452663
119,-0.10744270667299638
120,0.3576626140828145
121,0.04652238471331982
122,-0.36490824224763674
123,0.26132611873229816
124,-0.3937885131316041
125,0.21879093885004708
126,-0.3098027962704669
127,1.155042370823407
128,-0.3825150349834716
129,0.37092394161753206
130,0.0654667720692681
131,0.07631223115117147
132,-0.5492211498718385
133,-0.13887312197551493
134,-0.45237114421503766
135,0.317783277768491
136,2.1956553386463704
137,-0.035724963207416915
138,0.37656062798936984
139,-0.6260059011644095
140,1.3665573137737264
141,-0.5100691425518207
142,-0.4580539349214665
143,0.4998466268913546
144,0.6503345012115338
145,0.47209069899830536
146,-0.18644135601622802
147,-0.4501109716181757
148,1.6039409367379212
149,-0.07351875256984675
150,-0.495094568263725
151,0.7218428249650999
152,-0.2749551751400593
153,-0.23736959740511632
154,-0.46198922275721344
155,0.8489847746256909
156,0.23816969191547654
157,0.15321658482607914
158,-0.22240521415795522
159,-0.35752437835618833
160,-0.4318513367895914
161,0.9345980459393457
162,-0.02610046970511759
163,0.29847983985719195
164,1.000898542144541
165,-0.19939952763964308
166,0.009078842745281701
167,-0.2947849562210739
168,-0.44495542839985014
169,1.4128469946126674
170,-0.12613043996753026
171,0.0625334921121703
172,-0.2268774882814658
173,-0.05182153136194223
174,-0.009425094339113205
175,0.03420378681081493
176,0.6363453068272191
177,-0.31432223325487074
178,-0.662393874509051
179,4.434971117844442
180,-0.3831927000728065
181,-0.15296698653170626
182,-0.3816864106000444
183,0.8145624766773649
184,-0.837141377091263
185,4.164748246954916
186,1.3737274256302943
187,-0.7052456421794032
188,-0.1758498324507498
189,0.8590759171603024
190,0.5109074880987559
191,-0.7033513620609952
192,-0.40051183429273973
193,2.5762915348642537
194,-0.058650443704040045
195,0.8872498251073868
196,-0.6553924652992607
197,-0.2994782712581301
198,1.2249010759801133
199,-0.13127949872614786
200,0.38883963664215027
201,-0.5307817155039989
202,1.423418487088278
203,-0.07913877041151962
204,0.30195940224313755
205,-0.22688047204739947
206,0.24725780093123118
207,-0.7623811518976924
208,0.8801987246819301
209,-0.31149869645879924
210,3.9910726040161952
211,-0.6444736559250143
212,1.7881601961001965
213,-0.6667496242592856
214,0.4193317570082946
215,-0.11695955819864812
216,0.2112036906683501
217,-0.06784379857097711
218,-0.23602868967913204
219,0.38267851912680517
220,-0.5403844798279619
221,0.024761883914345084
222,0.503711815888785
223,0.02689836222490527
224,-0.3425863018073335
225,0.8245083971734772
226,1.255808720257153
227,-0.3841903653699096
228,-0.6190306046140102
229,0.6409431046256828
230,0.9225776289777425
231,-0.6738560707924863
232,0.7025541888276905
233,-0.19178811114541006
234,0.40603722971031564
235,-0.15152456338548004
236,-0.6111703592206199
237,5.044050446332187
0,1.3726286863019062
1,-0.5796798844471142
2,0.1578904420638907
3,0.5503738279648605
4,-0.3892865325040439
5,0.9243731677034972
6,-0.28168450070043205
7,0.5483187153092333
8,-0.5727431534282474
9,0.23618460688213228
10,-0.34419628055493956
11,0.7589777782203138
12,-0.4375607183563214
13,1.4216548790634347
14,-0.626934355318111
15,0.7376239093861794
16,1.2762951450135298
17,-0.012910861095781656
18,0.035448076031731945
19,-0.5054741081188607
20,0.3041542835787714
21,0.01929054096840299
22,-0.4828217872619197
23,0.836374641134705
24,-0.1299490505443296
25,-0.2631007329865612
26,-0.21129278147854003
27,0.5587324828978526
28,0.3593692933838948
29,-0.2919242437862264
30,0.585479693646427
31,-0.5429948415665733
32,0.4899769772898954
33,-0.17775229790807223
34,0.017939027556111098
35,-0.5519130847208586
36,0.024470425648789096
37,0.4800285973162537
38,1.6243006311847497
39,-0.5498036393008361
40,0.3173675330009482
41,-0.08627532936515458
42,0.3975602143644634
43,-0.48964917529977825
44,0.8017932830672436
45,-0.3320185562641955
46,0.14971119048505854
47,0.19170594589034606
48,0.26172300047686203
49,-0.2412956906837751
50,-0.1525043129128253
51,-0.6588851393461365
52,1.244183975791493
53,-0.22436723659758973
54,3.6292864264549287
55,-0.4853755890759339
56,0.04358552324413534
57,0.15783694607188337
58,0.13212884683898074
59,-0.3210720986110197
60,0.48282185315925275
61,-0.6514618100966763
62,1.336695293713373
63,-0.10696598935488932
64,-0.5406907750788565
65,0.2841053207084019
66,0.14987693219108755
67,-0.302643542652546
68,1.5334355561560447
69,-0.6111841760051706
70,0.7026367805199201
71,0.13778184024172635
72,-0.0351367448567933
73,0.9214878863383122
74,-0.8501790306069574
75,1.3339648126859691
76,0.5342113491108025
77,-0.12018434688784518
78,-0.7688172872033645
79,3.197382938346794
80,-0.6867090258453806
81,1.9913552383393416
82,-0.14208145850829845
83,0.2575549259356138
84,0.4763056611073846
85,-0.23301955056836487
86,-0.3415550262896151
87,0.7100070440880923
88,-0.1661906685489225
89,-0.034944767888690276
90,0.15686222276290085
91,-0.3611786797862352
92,1.671360357665948
93,-0.5492877633372943
94,-0.18638472451872734
95,0.5180355947939408
96,-0.28005063052889245
97,0.2530184142205978
98,0.3750898712180619
99,-0.8103522495117765
100,0.6125603205099412
101,2.6477081098571014
102,-0.5440989582616584
103,0.8168327602772028
104,-0.39838615385968934
105,-0.44152535316324826
106,2.0796487169043503
107,-0.2755419701155871
108,-0.7580768623725088
109,1.300576787919094
110,0.7308443249955274
111,-0.22441237791047053
112,1.0832510504138995
113,0.34867464280982374
114,-0.7953636234170367
115,0.13109113859567478
116,2.3963772712563114
117,-0.58458043887671
118,-0.2485536490202671
119,0.3758287233693507
120,0.13571425000398585
121,0.8840419039266434
122,-0.3782879761670742
123,-0.6458402565659812
124,1.2927699703954598
125,-0.45371958639328247
126,1.2039186660302899
127,-0.3718576471232752
128,-0.3953248943135166
129,2.822487572392395
130,-0.5547583307088579
131,-0.013516411266777495
132,-0.20721263376611654
133,1.7382783814381995
134,-0.624565570711987
135,2.098865156753103
136,-0.16942859303463642
137,-0.1983759687323844
138,0.9773554000271047
139,-0.08279082995013021
140,-0.3589494482029115
141,-0.5071164404627617
142,1.3780416463916532
143,-0.49745064596548383
144,0.5202839080681017
145,0.48722940820856286
146,-0.16349056220771974
147,-0.6379979277802874
148,-0.17402709986873033
149,2.7520283213934382
150,-0.47725542324201464
151,-0.06517645880312228
152,0.823946652287501
153,-0.5653874541987891
154,0.4794049224517669
155,0.03801974592958235
156,0.3256539454276042
157,-0.33771634617797897
158,0.5594635085692656
159,-0.2984839434884994
160,0.4456313161690866
161,0.9293073559441909
162,-0.49203023144746405
163,-0.7823384953913637
164,2.2029482008258086
165,0.38774454557603466
166,-0.07505362582352981
167,0.11657820659260465
168,-0.7745659112660404
169,3.731425275549473
170,0.25091239075970084
171,-0.11319062755841613
172,-0.05062550948444866
173,0.32984421282204646
174,-0.5881402238889823
175,0.31819120815188384
176,0.4059021926668387
177,0.5183195674373955
178,-0.2336006581142792
179,-0.5244918457201528
180,-0.7281497153614931
181,3.564380815299394
182,0.14428919923356287
183,-0.26867578690856986
184,-0.5484009923328024
185,0.411513577087977
186,1.8270808568059604
187,-0.05595804080592781
188,-0.30827432470741867
189,-0.0366641889606083
190,-0.6420017349424176
191,6.079879360276161
192,-0.7452697591396983
193,1.6985951690503898
194,0.12345634369012903
195,-0.270971095646908
196,0.22949580236413936
197,0.37156390341942447
198,-0.17675120809917455
199,-0.36341216159479184
200,-0.3573674242002173
201,-0.1550547750537553
202,2.682254414784332
203,-0.2074476819361375
204,-0.7243827911015928
205,1.264221290791022
206,-0.1023736100364604
207,0.6283564774893413
208,-0.1673612445918785
209,-0.034895059817980134
210,0.15780262944923362
211,-0.28457832168543296
212,0.7127014560143579
213,-0.5257332732896652
214,1.0899907588659663
215,-0.1555883703923312
216,0.3477657487397252
217,-0.047674447094159245
218,-0.6162323015602402
219,0.8375430721740935
220,-0.27950273673883097
221,-0.12525058361720787
222,-0.5505676691049556
223,1.2824495515066436
224,0.15664469466665976
225,0.7683199850948057
226,-0.7347569240443999
227,1.415813067123639
228,-0.46217597936705335
229,0.7939466773628716
230,-0.18840275089385372
231,0.8818100953981247
232,-0.3372304310586369
233,1.697127859566681
234,-0.4263270742096381
235,-0.24032589155071393
236,0.29478606106720084
237,-0.5972925980837701
0,-0.010745758642750292
1,-0.4377875187584994
2,-0.11308780752621317
3,-0.5577694638643884
4,0.47174303833737863
5,0.6802575012199694
6,0.6311328557566995
7,-0.4036491551406881
8,-0.04333970710537349
9,-0.11677121395134948
10,0.012846953610026857
11,0.3110670278230001
12,-0.4249348058166944
13,2.1794916554775523
14,-0.35586206882197924
15,0.5451540589908614
16,-0.11629332335810283
17,0.17950678649244511
18,-0.4915664205694855
19,0.0320144659255015
20,-0.06496034102038584
21,0.20817652077128046
22,1.3874042180514148
23,-0.7310016325380564
24,1.237870717118931
25,-0.4858226752867989
26,1.8543716354639446
27,-0.5805904639734614
28,-0.34401023742415304
29,3.4683318823117544
30,-0.5277114585914522
31,-0.6172150065933997
32,0.5262035269509673
33,-0.4323471586359946
34,1.5684862813268627
35,-0.5894628696900501
36,1.0499335754244292
37,0.15204223419596774
38,-0.2417989701729878
39,0.1708661680492738
40,-0.6008154817675155
41,0.7306675952543777
42,0.05699390227951895
43,-0.4646432774153971
44,0.005354593913249994
45,1.5720103593698003
46,-0.4785016068345147
47,3.930743007374552
48,-0.7289545388949503
49,0.8523568301814712
50,-0.1453360231433345
51,0.34086640691670933
52,-0.4236673844747283
53,0.9844101629271842
54,-0.5091955715979
55,-0.09137096948010326
56,0.2171425749069833
57,0.5463747889190016
58,-0.08537924779175532
59,-0.3735370381819515
60,0.9478861744606986
61,-0.3761533689269342
62,0.20588972349700518
63,0.20495096706266813
64,0.187634314636973
65,-0.5956822369898382
66,-0.0011765983291371906
67,0.5928982641545157
68,0.8585499359292492
69,-0.7604459671979205
70,-0.14236065229511186
71,-0.059878171329161956
72,1.5930956753619672
73,-0.5394994439520657
74,0.6068282809914849
75,-0.41896287901359064
76,1.7008276990275712
77,-0.3309785735353774
78,0.13378263307899174
79,-0.6611497723787935
80,5.933163068744608
81,-0.5657102317407401
82,-0.16502541895902267
83,0.11933738917073611
84,-0.24740656736408528
85,1.8482667772983126
86,-0.49911867255776343
87,-0.27956449733115885
88,0.16336763818537525
89,0.5474363622801184
90,0.1864728262072215
91,-0.4692302726845592
92,0.1846942797301756
93,-0.469455335863733
94,1.3356827483669158
95,-0.15004929716298343
96,-0.5626689657876698
97,1.2810313151588906
98,-0.1540211403162558
99,-0.18841228812283328
100,1.445479579800101
101,-0.68053550409057
102,2.142024137415406
103,-0.338118322078897
104,-0.17017621889112966
105,0.0584656228833651
106,0.23458959494268838
107,0.17513127256460348
108,-0.4141868895878985
109,0.31823241148965886
110,-0.5406821157299233
111,1.4788968535910434
112,-0.8094231795527538
113,9.104643381916885
114,-0.5066827391834279
115,-0.46301211072380655
116,0.9761681648713729
117,1.1617677522338816
118,-0.6972468594460803
119,-0.4005554746539637
120,0.9067813837161711
121,0.02399344515279478
122,-0.6598811379367364
123,1.402597695626814
124,-0.7406847520596536
125,3.7964570574888867
126,0.5849347924989945
127,-0.3834543600078433
128,0.10162296760101186
129,-0.09702149746723066
130,0.1003582219133421
131,0.09554772228571373
132,0.13028888553018492
133,-0.3014592233539518
134,0.488148096190715
135,-0.5307520583086985
136,-0.4572177266665841
137,3.323356076368851
138,-0.188211894927644
139,0.21515417145235682
140,0.1975320082669043
141,-0.7763343313836728
142,3.2808681928034504
143,-0.45340209129643805
144,0.08246383721151762
145,-0.6720617652935442
146,-0.032505516235017295
147,1.7724000788803438
148,0.06582038306361171
149,0.6605313209997739
150,-0.5966231541808455
151,-0.6736565600816204
152,0.9122411503699837
153,0.6974738845677715
154,0.04556068843534766
155,0.8292327934233816
156,-0.36296438565462474
157,-0.5532729435551889
158,2.2700519530185232
159,0.14964783943815885
160,-0.18152132177544733
161,-0.47159112100258904
162,1.8681319589116159
163,-0.5286350200476518
164,1.5175238640533002
165,-0.3021651961322025
166,-0.4277236733641191
167,0.2812395610151506
168,-0.5121484060214343
169,0.46875324584369626
170,0.1430367659427485
171,-0.22402739510862113
172,0.4008639079495937
173,0.09582879714467363
174,0.1715577855889856
175,0.6440223672932543
176,-0.6157520706315356
177,1.0260623015604664
178,-0.2040620395495859
179,-0.5484763812194865
180,2.0989334131527264
181,-0.463824243881508
182,-0.555667907209329
183,3.4639523098005744
184,-0.46355482896539946
185,0.4690695970665226
186,-0.38636147833075263
187,0.5738502816341027
188,0.45005468814936944
189,-0.40996054126600623
190,-0.42534706415034584
191,0.0580260374893824
192,1.007401201783353
193,-0.300366503217685
194,0.32908017562895986
195,-0.4124552578223626
196,0.29974619385211554
197,-0.5992261649672599
198,7.64245401281314
199,-0.7238037985318467
200,-0.20051171296829595
201,-0.39123244925674594
202,1.4398592475168064
203,0.24418344791508795
204,-0.5026464387883474
205,1.3584125896812638
206,0.2745814788588201
207,-0.4869801991322258
208,-0.30166629366216413
209,-0.527924096020794
210,1.6971353624091101
211,0.5546921205532243
212,0.32236548206973303
213,-0.19417245356041668
214,-0.6265611938840683
215,-0.3257301562670448
216,0.9155296177216588
217,0.2785348170495876
218,-0.4365631827093587
219,1.2332703206645257
220,-0.12538244426746759
221,-0.778926958059413
222,5.584832192355891
223,-0.40128686544937997
224,0.0870813950695597
225,0.18338672326527683
226,-0.2575699377048907
227,-0.33710417009242033
228,1.7637229805387968
229,0.3010988437035824
230,-0.6643211904252244
231,1.4220589138278834
232,-0.21540819528333832
233,0.7781869151540504
234,-0.09176343387201358
235,-0.3604554777571308
236,-0.6218439723330762
237,0.13880990866728982
0,0.32724173231725784
1,-0.8174122709205874
2,4.905544352250294
3,-0.3672965303230378
4,-0.34443602338577706
5,0.5365322004759145
6,2.532372296510169
7,-0.23081208214802718
8,-0.7108956766487757
9,0.6510244975448634
10,0.24783572282796684
11,0.8496272479231868
12,-0.6689376290395062
13,-0.3045949131634722
14,0.05754480114753391
15,1.2807010850648815
16,-0.6639979643081346
17,0.5551289122125829
18,0.7008287972843725
19,-0.8613456564463112
20,9.269269137957371
21,-0.7321148668820203
22,-0.3433021146730323
23,2.471181720177137
24,-0.22665451993919672
25,-0.13027609643742277
26,0.31648633913909974
27,-0.042738938901741075
28,0.1489682301518811
29,1.7819389075084962
30,-0.5295865552721871
31,-0.5775546789409656
32,0.6212667114417945
33,0.820140942943641
34,-0.4129696225581009
35,-0.261909633201603
36,-0.20483409880342796
37,1.1090735705249495
38,0.5540219305312188
39,-0.3579717051460557
40,1.2496614469015412
41,0.0526442702343175
42,-0.584791814024833
43,-0.3364725302379392
44,0.483080792490987
45,-0.6167601233762885
46,1.533356196173691
47,-0.35822796651522837
48,-0.16041643828771057
49,-0.3941018513906964
50,1.6315503043174453
51,-0.2493256360254701
52,0.2333873566996152
53,0.88284852530691
54,-0.7122117925801594
55,0.32837283609764434
56,-0.2071345462404236
57,2.3846621842942923
58,0.3881130420609207
59,-0.604109182636491
60,-0.5497188870525371
61,0.5339874043883797
62,0.9845487751171789
63,-0.4224289269836089
64,0.9034604081379911
65,-0.7930293302266234
66,2.8394776757647993
67,-0.47499898902473414
68,0.12686755690672213
69,0.29603176386205154
70,0.07622409247409956
71,0.9090466614294392
72,0.04046109540436449
73,-0.7394314524242827
74,-0.03197043508195552
75,1.7120317003703178
76,0.7481219284795015
77,-0.4831979878191339
78,0.2586305679682803
79,-0.15794186488220263
80,-0.3574453395636116
81,-0.5331139312357058
82,1.480430440826637
83,0.7072083421056226
84,-0.1567166916594951
85,-0.2742757570993274
86,-0.6285950707755192
87,1.5574181441444965
88,0.0861629902033223
89,0.5993464631185721
90,-0.4243281975081856
91,0.6598297350173572
92,0.021937453623995795
93,-0.16831427841236402
94,-0.5005628629683555
95,0.5098873227159109
96,-0.6748927668632005
97,1.531124295995451
98,-0.4647070042685293
99,0.45093624810844
100,0.04879497070508454
101,1.097827059784966
102,-0.2274336199988909
103,0.09271276842774179
104,0.4123950438150805
105,-0.6366798485537474
106,1.9185333718533766
107,-0.4830138832580798
108,0.47447944312313495
109,-0.264060637224815
110,0.008926570748587714
111,-0.2152696150475879
112,1.3774148932347496
113,-0.8581738397040392
114,2.6209155952590804
115,-0.3086133178000948
116,0.75755849823349
117,-0.3639713430224
118,1.690378090452087
119,-0.35003444045185195
120,-0.2530636940266222
121,0.006486390368062311
122,-0.6398979866066914
123,4.540656339741473
124,-0.5152251428989332
125,-0.012721479102120181
126,-0.283353880085908
127,0.16456706955841738
128,1.1040888292668005
129,-0.3562753813159175
130,0.46227627693360884
131,-0.2841681963006315
132,0.17176440293651085
133,0.06645552697022539
134,0.05483224243492235
135,-0.6465608347182108
136,1.062940096734729
137,-0.0499369158741102
138,1.0158016748385141
139,-0.6026757255231614
140,-0.4413945258788421
141,0.504493597623467
142,1.3806737468065884
143,-0.7950012712179226
144,4.142500432150983
145,-0.36160141682216185
146,0.34239649810642536
147,-0.7002158150803661
148,-0.32103281303973374
149,0.22789514330527005
150,1.0884992328816554
151,0.29751191512803654
152,-0.29972173378570977
153,1.1374243061241462
154,-0.40942216918066265
155,0.8709720297886763
156,-0.20359535777854976
157,0.9824483814620952
158,-0.20190188590649283
159,-0.497917303767047
160,0.312299001309688
161,-0.4533879348033749
162,0.19666642614306284
163,0.1321303680011594
164,-0.29295745007700014
165,0.17329164652570417
166,0.09388156396740444
167,-0.4306412826207706
168,1.2155911448158712
169,-0.41759792241862415
170,0.5088928563152177
171,-0.06740383168440223
172,0.3426086268446549
173,-0.48266127386665125
174,1.3831065700335112
175,-0.5587746681490778
176,0.1923073044901049
177,0.5256314868785348
178,-0.024057414043569203
179,0.17370495379233297
180,-0.35782144352607104
181,0.12754346092739133
182,-0.06325330643697025
183,-0.1048674245752772
184,0.0544842603046829
185,-0.4291836855322174
186,1.7007314152497632
187,0.0673089310804249
188,-0.5388578156361636
189,0.5230895725382301
190,-0.3589658983673606
191,0.8007445117636738
192,-0.6760349902676765
193,2.6746407215440344
194,-0.39948670654765905
195,-0.290854375012475
196,0.8613716328785597
197,-0.5226575241554701
198,1.087640819474926
199,0.3134270201005509
200,-0.4136419108206373
201,-0.3204275505304175
202,0.4021334779185455
203,-0.07922649323926312
204,-0.6884943270978885
205,4.511075713931816
206,-0.3233572233740105
207,0.28166198874001513
208,-0.17065881470798505
209,-0.0313102252809232
210,-0.28113431664018174
211,-0.23088767746842387
212,-0.07996302063336458
213,-0.3761604235327394
214,0.6800117237463739
215,0.9865273737987159
216,-0.48812229457019485
217,1.0248147313171554
218,-0.3100195583501967
219,0.9472390684940228
220,-0.07474670508155867
221,-0.5526448441850459
222,1.1052558606518348
223,0.08995770527570701
224,0.5160973006148175
225,-0.5545584926320979
226,0.3041482059387366
227,0.4838451537290862
228,-0.5014592156286874
229,0.6974577268481228
230,-0.5795189203842787
231,1.6865060972227148
232,-0.3092489642590007
233,0.07287270049782535
234,-0.4599493510158832
235,0.7434686067343044
236,-0.08138174345210847
237,-0.08918965441416393
