0,2.19156912027598
1,-0.769339192854017
2,-0.11695115961378899
3,-0.5983688965936975
4,1.5742565623057332
5,-0.46357974236200306
6,-0.5237974390482805
7,3.4661075654144007
8,0.007889068024713453
9,0.347118036760808
10,-0.08950351658075528
11,-0.5169516407200854
12,1.812794985566605
13,0.7991647860318953
14,-0.8788231122221394
15,4.256717179933859
16,-0.1004572915923343
17,0.41075563880867816
18,-0.9173540501063113
19,6.589202683367712
20,-0.3395323915999586
21,-0.3882597346402653
22,2.064937126714222
23,-0.8399087202379993
24,2.006187661708302
25,0.5926114335965234
26,-0.46682560682775387
27,2.0047379639019085
28,-0.29412349836001783
29,-0.5271484338066997
30,0.08859091859229418
31,0.9857612931934365
32,-0.2229389392202319
33,-0.6310295047082309
34,0.6208669284319528
35,0.5053988283551261
36,-0.001714654901034618
37,1.880990826310887
38,-0.8096730361558073
39,3.8460111930133802
40,-0.16742425083953916
41,-0.911738980431223
42,4.29088709669173
43,0.7668578851501151
44,-0.5843217390232696
45,0.02485672502924441
46,0.04093202625097203
47,-0.1640637532553033
48,0.6727792569502005
49,-0.10925429889902083
50,0.6843315127877165
51,-0.1350548278660929
52,1.14479920975631
53,0.8619776706588655
54,-0.926117602736661
55,1.2913704466210878
56,-0.7067103372054213
57,1.9100799023548518
58,0.12671513028600545
59,-0.32668959090159433
60,0.5287231734639435
61,1.0874038635631447
62,-0.8962922546739926
63,2.958375130183867
64,0.7393617680309028
65,0.7582949208635055
66,-0.5335021413332242
67,-0.7068197217273131
68,3.0307721341544447
69,-0.5510258274829645
70,3.071383431870389
71,2.130927042304539
72,-0.8905970869563138
73,-0.6777157223451094
74,15.847550059847539
75,-0.8915761599064064
76,0.32709763219501675
77,0.8249560550969861
78,-0.3084999376323213
79,0.24455470424964632
80,0.9949839155624216
81,-0.346947400731376
82,0.5854381257905827
83,-0.8640607226978332
84,8.177167748759162
85,-0.1521485133448749
86,-0.681725105297421
87,0.891103645581288
88,-0.5432123265353987
89,0.5402841302264214
90,3.389098509671639
91,-0.8806696978058975
92,0.02831919497548263
93,2.5499833537118266
94,0.7048124411723076
95,-0.6938502870300354
96,-0.3347512057241282
97,-0.34217191319524454
98,4.056578796353209
99,-0.6772916786394194
100,-0.7984417119766571
101,0.9594455715219492
102,1.7563379509168753
103,0.38639772781551107
104,0.17189950122323383
105,-0.7323199512113374
106,1.570582615547404
107,-0.5462188950891527
108,5.476950648919378
109,-0.4052775878921153
110,-0.021713293708611303
111,-0.28754277094836456
112,2.6198025671952054
113,-0.9538323454599565
114,20.394917609473328
115,-0.8538922262929224
116,1.5480682223072777
117,-0.41347617578313844
118,1.7592728788375065
119,-0.7818758690429068
120,0.08915493751039194
121,0.8798708410645439
122,-0.05456210685582741
123,1.6148699664971486
124,-0.7577743162055235
125,1.827457995154703
126,-0.808204002400514
127,5.6973166600920475
128,-0.5036017246648936
129,-0.4663673635933382
130,1.8704497201442867
131,3.4611371005652636
132,2.3419577396774596
133,-0.9629880331387608
134,-0.27731185935254044
135,-0.1585160878668802
136,0.9739944985015341
137,-0.5106993144902361
138,4.5895908204214395
139,-0.6173060726881265
140,13.049371889151006
141,-0.982421607797698
142,10.22119632285702
143,-0.7796189142356206
144,-0.20350207444128832
145,-0.0965039292101425
146,1.3444456518810992
147,-0.34043625546001455
148,-0.22675270407913983
149,1.6212630927291576
150,-0.3837073454508899
151,-0.5743214207395315
152,0.825806472004714
153,-0.1561981998738763
154,-0.13144211218442836
155,-0.6074206699875695
156,9.035822376995466
157,-0.9160128638663371
158,1.2191452013349
159,0.864900876915448
160,1.2916222844052898
161,-0.8324953901853605
162,3.1945404708630516
163,-0.8143036893873932
164,1.6289188060045632
165,0.2970167280114393
166,-0.3535306569087202
167,-0.01577000991087041
168,-0.7079398764497812
169,6.1909234554618875
170,-0.2190196058513182
171,0.2607982077844666
172,-0.4489199687417127
173,0.5244711040990837
174,0.7048994885961579
175,-0.5815366445982484
176,0.7088475535955485
177,0.7591126422757555
178,-0.6736149691173456
179,5.376453962265961
180,-0.7338529756399738
181,-0.7034662330978946
182,0.1324267490251243
183,0.12340883862571572
184,0.8975067897918338
185,5.082665527753389
186,-0.806587310436456
187,-0.06506511474633236
188,-0.5620933834990968
189,1.779139589420653
190,0.36889968127486505
191,0.05879037001844156
192,-0.36729228545842374
193,4.667325394587707
194,-0.8359510514815667
195,-0.4751784015530166
196,0.224059277304282
197,-0.433426504710548
198,8.078048378097444
199,-0.6294629591819907
200,-0.08016092873752889
201,3.8669476683290185
202,-0.7169371576351478
203,-0.5429943153292833
204,6.604205252474377
205,-0.8734401288924776
206,-0.34790690742356667
207,0.7403081669724603
208,1.6355235512052237
209,-0.23294565804957956
210,3.737318351134075
211,-0.8283774475872858
212,-0.3767366763305575
213,0.08776612934403127
214,0.20256895091331484
215,1.0038008162714736
216,-0.557174044618719
217,0.4176361831181168
218,0.9891579898198339
219,-0.8826342878382895
220,0.9641961736599676
221,0.3651156777976008
222,1.8675961112968493
223,-0.8619169114408161
224,16.593884708681614
225,-0.8271342984151628
226,-0.5021287927977127
227,-0.19703180889832228
228,12.709791188095396
229,-0.6889636413034977
230,-0.2002849032165942
231,-0.3360790326848708
232,-0.1734100097285567
233,2.9261690466778405
234,-0.8479044136205035
235,0.8903958380888786
236,-0.3926835293804294
237,5.629017399309772
0,-0.7752511993387979
1,3.356782271080564
2,-0.34282579236443544
3,-0.5624833109753735
4,1.9243994317685447
5,-0.3913604833363965
6,-0.6848884749932345
7,3.150595712481697
8,-0.10055339328224999
9,1.350987506716094
10,-0.9208610875670323
11,4.721320016469132
12,-0.16381710732238208
13,-0.8127288517647304
14,0.6067329140634907
15,2.3940732609282867
16,-0.4117435453644702
17,-0.08419007566024617
18,-0.5334792329955018
19,1.9695200284692045
20,-0.06983544255591068
21,-0.1446009075107927
22,-0.3879922927126923
23,1.7880733269825853
24,0.15712234350980103
25,0.7313547904490161
26,-0.45484692789822534
27,0.284343786898432
28,-0.07531906291980373
29,-0.590030014893588
30,-0.8664689796638659
31,20.458644493782597
32,-0.8511624424525537
33,1.473365232363561
34,0.7408909347967731
35,-0.6448534463977925
36,-0.007806963476578388
37,-0.11422644291915818
38,3.6282713428887012
39,-0.5696811121093699
40,-0.3792900421121528
41,0.3233497946357371
42,1.4967276617279235
43,12.913882591004661
44,-0.9618173170378642
45,-0.3031157530339412
46,3.063736203126208
47,-0.8648541763712995
48,-0.2615389193332113
49,1.7033039511976718
50,5.153535516230119
51,-0.7887619248328079
52,-0.5588355203654718
53,-0.056154621084104406
54,2.340299669233557
55,-0.6899662777927087
56,1.6229469478690244
57,-0.2649854185655631
58,0.4262220098660068
59,-0.4614250609795044
60,0.6379054567553981
61,0.10203687053641652
62,1.4877779011382972
63,-0.800538436731143
64,3.2738457861939736
65,0.12823197027695166
66,-0.9674780381906197
67,1.1486293643771908
68,1.5897779682058024
69,3.5569639838869405
70,-0.7717647588485146
71,1.4430538513809918
72,-0.2661946547841023
73,7.392375335592471
74,-0.7973307494245121
75,-0.6160495835901746
76,2.6399567798124646
77,-0.8239346859034494
78,1.8369527245742554
79,-0.27897953801669784
80,3.844030868599255
81,-0.8817126399775088
82,1.569701941824126
83,-0.14399067308108193
84,0.8792041233623187
85,-0.7861469421917167
86,-0.3483890304462377
87,5.745270504095487
88,-0.9336166012828987
89,2.3206128845630483
90,0.5058353600162946
91,0.4578663170374564
92,-0.025851797268065746
93,0.9822282222383716
94,0.2673040656794352
95,0.7566600341156788
96,-0.32059216836707316
97,-0.3198458136090927
98,0.30046259216669813
99,-0.5946025882679158
100,6.6206615816162815
101,-0.8197775874906401
102,-0.28873952170563577
103,-0.16199114676861193
104,-0.5849815894231959
105,2.1642992216997046
106,0.08605847317011217
107,0.521083036649302
108,-0.6515223637394361
109,1.2023224578973086
110,-0.5404222505973801
111,0.9732984270114773
112,-0.6830008746421494
113,17.447623817335163
114,-0.8611769860307545
115,4.928962506648118
116,-0.868623709862761
117,3.7449984335427686
118,-0.8209291369346655
119,0.9503233245372653
120,3.2958665222832213
121,-0.14525872679471208
122,-0.9314159204254787
123,1.914362806777819
124,0.46784402552501714
125,1.0483301397767328
126,-0.726920960340909
127,-0.14334745510527735
128,3.59191588711996
129,-0.5790786734155408
130,3.0308419103818967
131,-0.8704163810157138
132,0.6395464428137616
133,1.2953504398544111
134,-0.516202241054408
135,-0.46805790189720886
136,1.0343628864647925
137,-0.3994503107846983
138,0.3392022531256995
139,0.6820552295355717
140,0.3924034552220028
141,-0.30022992911874413
142,-0.6186277368495401
143,0.8422667373388499
144,-0.10437854903784649
145,-0.05049464137230619
146,0.21432075400305073
147,-0.610582921870826
148,6.609037680372943
149,-0.8508053607040524
150,0.21961764728048405
151,10.782038594234113
152,-0.6721460570183246
153,-0.6549181102881712
154,0.470803173855854
155,1.233073279146494
156,0.06459383124338558
157,-0.46325502041279354
158,0.8192755766744335
159,-0.05058774761407947
160,0.940150202402521
161,-0.900700824839911
162,-0.4052763097179093
163,0.5062194842337941
164,6.05540405906648
165,-0.5515861980639134
166,-0.7000140857635291
167,3.415563079153909
168,-0.4672531413645167
169,0.23917842082899643
170,-0.2801230221119696
171,-0.283247305654863
172,0.5419392211460092
173,0.5121993572692816
174,0.366349529999358
175,1.3157616945481498
176,-0.668575982574719
177,0.905637314609683
178,-0.7975931329488746
179,4.7887177600135375
180,-0.17079068371014106
181,0.1216027826891366
182,-0.7016899890134558
183,0.9850814477767349
184,1.7247090957817353
185,-0.7504065779056904
186,0.15107383868642787
187,-0.41806151141799097
188,-0.5111969131330767
189,1.29248818355821
190,-0.5302979482947221
191,0.5290119502084472
192,-0.8446794802564633
193,7.476437112636267
194,3.490424085173367
195,-0.8379228893792764
196,0.7572626227214307
197,-0.72414494290776
198,0.06193540410271381
199,0.7190216938849259
200,4.903057479149139
201,-0.5809538622077034
202,0.8766429691533415
203,-0.9116639355514233
204,10.272614669531063
205,-0.09366517886718795
206,-0.3839923757781677
207,-0.5024613982879399
208,1.6629078470089267
209,0.1587073876000149
210,-0.6899671270673089
211,0.9726009169320848
212,12.457359557473431
213,-0.9730065399122692
214,-0.8106197522663704
215,80.7912280296925
216,-0.9189536787558135
217,-0.0019919080498019825
218,-0.006791090720047577
219,-0.3585990619029539
220,2.141005128664993
221,-0.05799810519868376
222,-0.05904902788243038
223,2.315877577858094
224,-0.7662596789380127
225,0.521371621523472
226,7.609702477678718
227,-0.8152521216723292
228,-0.5343072308111256
229,0.6137473327275507
230,0.006753794782674127
231,-0.10892202017691943
232,-0.6867144242805541
233,0.3887488657319935
234,1.014937846716022
235,0.08122804783918958
236,-0.050733426989267416
237,-0.20236816056017815
0,4.142277326708114
1,-0.5066222696077813
2,1.9068924902883735
3,-0.596688382922195
4,-0.26952633567062034
5,0.8009047173229615
6,-0.29380582153558044
7,0.5068135965836829
8,-0.8746568379411517
9,9.50807103821563
10,-0.6374267030836464
11,1.5582524512558131
12,-0.3984341163367934
13,-0.7846452942301441
14,38.28597842402429
15,-0.9308898742959999
16,1.8379565099593012
17,-0.41285128612788646
18,1.6720916094059546
19,-0.37059078006243906
20,0.25292959062232834
21,0.10286122812593024
22,-0.00414036642824156
23,0.08027739626082253
24,-0.6810084286626423
25,7.408862176833754
26,-0.5848666261167648
27,-0.8502813117238772
28,0.026576703725215367
29,1.5512949443365969
30,-0.2585333665678211
31,0.0819770368311048
32,0.11077161814690784
33,-0.4863121923635314
34,0.3020118983285116
35,0.256092158122577
36,0.49470341287927333
37,0.62304733396605
38,-0.15355667298088338
39,-0.4383722694972697
40,2.5756933661748223
41,-0.8963989361008325
42,0.10003297304944869
43,6.464057055116288
44,-0.9455227733901477
45,11.64736441143026
46,-0.33479067024946063
47,-0.7682245089114272
48,6.2336258992885085
49,-0.8037962238645056
50,0.4869786628618711
51,-0.44167607724280056
52,1.4897345193931781
53,24.307831097758914
54,-0.9458861118104349
55,-0.3425731732531986
56,-0.36440219656006456
57,0.5391656180167754
58,0.17232426040943238
59,0.09394460628745027
60,0.9894452529725901
61,-0.34994911538716555
62,0.7801660476780643
63,-0.8061223477525006
64,3.52458925290554
65,-0.7276932032159087
66,-0.02894636738325096
67,4.3144831408817845
68,-0.036643500230868487
69,-0.9655939082730852
70,10.72134942205727
71,-0.2082308810234491
72,-0.19412084188951673
73,0.7542518477084312
74,-0.28897765441006396
75,-0.6629963782232786
76,7.589712126763418
77,-0.8780947622796696
78,5.196053916316274
79,12.982171615938205
80,-0.9878009716941638
81,-0.3906494604372376
82,8.490395798060835
83,0.06698942906747307
84,-0.41942065585840493
85,0.5672807642372579
86,-0.7039946834414492
87,8.984808374590441
88,-0.8711908056054599
89,6.523635343976741
90,-0.9477219987361388
91,6.523166007239102
92,10.40275410462392
93,-0.9004273252994458
94,-0.30100702694773773
95,0.4406636009909617
96,-0.14048633148107537
97,-0.5656724295112046
98,-0.1066994387953939
99,4.147769356260828
100,-0.753563947835951
101,1.1778560578676815
102,-0.15756315047006075
103,0.768944159151165
104,-0.5141048504081934
105,-0.3545725437717139
106,-0.5637342292079939
107,1.209106524640541
108,0.12171197492206587
109,0.26538017385726875
110,3.7647847457242785
111,-0.8937861335511992
112,9.872285397981559
113,-0.7068107305585288
114,-0.7748460075528192
115,1.2506307634287888
116,4.438418338348462
117,-0.8335405325701564
118,4.316295134413832
119,-0.5623491793239532
120,-0.4126562649483606
121,-0.03355584168642611
122,-0.3673746728187727
123,0.8127122905559159
124,-0.6457319601909896
125,3.7356240653161974
126,-0.8075284099159495
127,0.8436287928070603
128,-0.5728964179266658
129,0.5754626012929764
130,3.610638646503322
131,-0.44473257644941444
132,4.759309456277048
133,-0.24968482704869954
134,-0.9374073329809401
135,1.1883304892815887
136,-0.3015772501929733
137,2.659134918241159
138,-0.750437066291497
139,1.332886567232284
140,-0.3643981181737994
141,-0.6745910823352997
142,1.5130204667435878
143,0.2171975922211089
144,1.9496500845857443
145,-0.7992837966299339
146,2.8815895792488977
147,-0.5026460261336254
148,3.3539869834774896
149,-0.6655956703582244
150,1.830190563461405
151,-0.8209052816525007
152,1.7413622428435005
153,-0.36345275165291413
154,-0.2859717775706392
155,-0.643091409089136
156,2.1942735045147517
157,-0.3998107586901135
158,1.3334292020901302
159,-0.1404938048237313
160,-0.3793400760890564
161,0.7515353085574494
162,-0.19897854092493494
163,-0.8827879032873438
164,4.736934923404227
165,0.5296523274411697
166,-0.18907523851335717
167,0.9436580058841737
168,-0.6230643545316039
169,0.1679553019039497
170,3.5792357221849738
171,-0.4881462439992631
172,-0.6192644355444636
173,-0.09039982261981427
174,-0.08218896464719916
175,0.6898095771858392
176,0.034000631192442565
177,1.5769021205285
178,0.37562009875370306
179,-0.7830444733429115
180,0.04423378948404366
181,-0.4213257448330163
182,-0.36718647877870925
183,2.9881071218950646
184,0.6695249910267091
185,-0.7445855876741875
186,2.408981956429207
187,-0.28499111340181427
188,-0.4556426316235741
189,-0.20958886038697766
190,1.3607553829289176
191,-0.7863576235262493
192,12.69968324067624
193,1.1781843226601523
194,-0.9311118254920578
195,-0.2513402153915092
196,-0.374305266947047
197,1.5037146330736713
198,0.905654857696327
199,-0.06424758404683772
200,-0.42829575555523924
201,-0.41163437598398667
202,3.849381339617005
203,2.35548047166819
204,-0.9267017664467374
205,-0.7839196599443528
206,9.11789639527714
207,0.8992110041203341
208,-0.5525624040262245
209,-0.7154078664967249
210,10.536911617430848
211,-0.3608826601397438
212,-0.8429943524781477
213,-0.1474517520873435
214,1.6521677738663083
215,1.2810237384429857
216,-0.10454872859598063
217,0.22892298621190443
218,-0.7461938181628021
219,1.8203532366540194
220,-0.02726980011314417
221,-0.30725022049092854
222,2.653372088420152
223,-0.8206101395570445
224,-0.017822903195527928
225,1.3101009593546666
226,0.3391352156508838
227,2.740497641692032
228,-0.6959468824772923
229,0.5172673376335963
230,-0.7822552183906892
231,1.9173094967859496
232,-0.5443963721639982
233,-0.518564267427031
234,5.274736537969451
235,0.22942480530941523
236,0.05152508365777231
237,-0.9330899776891266
0,0.525181517617686
1,-0.24671772879728582
2,-0.3254584659080062
3,2.8816353963195676
4,-0.846398172852576
5,1.408857349800249
6,-0.3650288643918037
7,-0.26029532386579446
8,-0.016206341349759734
9,0.07154393865484643
10,-0.40586227101672445
11,1.6536263897985495
12,-0.6706133272758072
13,1.2231122767267912
14,1.8504710512215752
15,-0.08247219665739958
16,-0.7292692145329119
17,3.272523024624345
18,-0.3187392778314627
19,-0.7525433498935366
20,0.24464185666826488
21,-0.6697902901013939
22,0.9368421218445984
23,1.5568397727009682
24,-0.872874265811726
25,11.642965942027416
26,1.8923054378229232
27,-0.8838837030538739
28,-0.3813350977250838
29,1.6816960522829416
30,0.11032221273047194
31,0.6790044768369201
32,-0.32507008905751167
33,0.05773100481272886
34,-0.8050316487725322
35,2.199828572296028
36,0.17819502760450012
37,-0.30406416271997705
38,-0.1357180374877781
39,0.9861977112126403
40,-0.014085183448101946
41,-0.7463525502151264
42,0.7160236732637122
43,0.8003917927015365
44,2.1647708106587746
45,-0.40185539652493707
46,-0.1864753308921615
47,-0.4056858295747189
48,4.038664651947823
49,-0.5733485629018571
50,0.1948502537933794
51,-0.3496087914205831
52,-0.5977921255564957
53,10.12551490483152
54,-0.8806531844305275
55,-0.053740285395516674
56,2.325815974001854
57,-0.4803141548179869
58,-0.29936019498620936
59,2.991864409235263
60,-0.5955585714097456
61,-0.6945634894064827
62,0.4816626253595593
63,-0.5468961160494508
64,0.9641256574575596
65,0.9289990227669378
66,-0.5061911309387235
67,0.3778346063540565
68,-0.5139358301607548
69,4.136716763269408
70,-0.6345994761233309
71,-0.19513305708985695
72,4.964893521357463
73,-0.7344321332108372
74,-0.4364117255030395
75,2.228173280635747
76,-0.758863079152273
77,1.9188067762711696
78,0.2996472754524051
79,-0.30266297552458554
80,-0.14720434191101694
81,-0.3771814526133619
82,-0.22381174951060312
83,0.4539927576982119
84,2.7356861674154596
85,-0.1446177030214244
86,-0.7030525340501459
87,-0.3110489730511725
88,2.0538215357062906
89,-0.26662149444140015
90,1.9112229383036423
91,-0.7072057205212914
92,-0.41940414180592245
93,-0.19655695183957933
94,0.04711620868570865
95,7.909791322336471
96,-0.6579832013201378
97,0.20037541284130755
98,-0.23739956381031502
99,0.3540113103831375
100,-0.3189478004463415
101,1.50431317442465
102,-0.3113650492747395
103,-0.6897029670335253
104,3.1548460869376678
105,-0.7358867216379963
106,-0.7031536771327184
107,4.278478862344224
108,-0.83566805581431
109,6.809254960054153
110,-0.19134583957575713
111,0.1477696066855605
112,3.5961833528552347
113,-0.9366693213142672
114,-0.5028391317810734
115,21.444549269504286
116,-0.6479152417746676
117,-0.6783943298591364
118,5.3206169879142005
119,-0.7056312351959064
120,0.32841451541513034
121,0.8653083398809862
122,0.15781262191633738
123,-0.7233935310137731
124,0.8852818902515436
125,-0.5341948876455611
126,0.4787844769238456
127,-0.4901071695205531
128,0.03697667577175934
129,3.808467734457696
130,-0.5856038835486221
131,4.640348932335493
132,-0.2332674270821855
133,-0.6634990128517014
134,-0.37320272000572685
135,-0.271028883294262
136,1.3168439824382232
137,0.10586250104125994
138,0.2802784455748517
139,-0.8368237467795495
140,0.9461462251384685
141,-0.10965437127635136
142,0.357914909895261
143,2.9025062450822783
144,0.014622747903076494
145,-0.7308268489300953
146,10.014788856061756
147,-0.9330403965289865
148,1.0495620725098709
149,-0.6404088025045965
150,5.096479786220389
151,-0.18453097002528362
152,-0.25343072952583656
153,-0.6780652117512725
154,5.89605211491443
155,-0.38378342175461777
156,-0.36922226086687226
157,0.6036184335145283
158,-0.5734639377930819
159,0.3766155061117977
160,0.4984534307615103
161,0.7539026875724522
162,-0.7621475352685301
163,0.01531976256910439
164,1.2599594600380235
165,0.14012663395846103
166,-0.16420632787415723
167,-0.8021564759052019
168,0.9010291660588063
169,0.360610430067861
170,-0.36020154281832917
171,-0.050241342259980226
172,0.8338904305857118
173,-0.3107047485993768
174,0.13580067627741577
175,0.23545475564193086
176,0.8375659314251791
177,0.08711725669641601
178,-0.4613326394588053
179,0.28895217193285005
180,0.5786992578885213
181,1.9925100075234377
182,-0.9058433654501546
183,1.2460836656967311
184,-0.08322473648096718
185,-0.5848787967803285
186,1.60790275338418
187,-0.4840737722031091
188,-0.5127007866701045
189,1.8802156429462396
190,2.3561877242432905
191,-0.6771244653928575
192,4.291231722600574
193,-0.9260186046844743
194,6.2474010399467215
195,-0.6752000428239789
196,-0.593656729377278
197,1.2149355229060181
198,-0.41991253005335616
199,3.0699114715398714
200,-0.4920694953292274
201,-0.08925382918679847
202,1.5087904687171703
203,-0.32078145008195047
204,1.4815972302623859
205,-0.46354806854269803
206,-0.6711649662327557
207,2.1441985291900125
208,0.17816101234925275
209,-0.37511128343573485
210,1.4274896918137197
211,-0.48755506145581373
212,-0.6644785299611009
213,0.6552043468223749
214,1.4976263839179054
215,-0.7489953209516947
216,0.6875648580218836
217,0.7651832892416404
218,-0.5034063247926194
219,0.35140604800535824
220,-0.7947571965244036
221,2.9488444182833446
222,-0.17216408060638433
223,-0.11020622121211843
224,0.07910037803134862
225,0.0423042501107751
226,-0.2694278733082208
227,1.611073029962229
228,1.6673228321980549
229,-0.6616106070967434
230,0.34079475688112115
231,-0.5807068011513377
232,0.8765604217765575
233,-0.782797143024159
234,-0.004328834700414785
235,3.654559635910985
236,-0.5296679214340791
237,0.34434161069649605
0,7.531689052513711
1,-0.6007877198953544
2,-0.04444190102095191
3,1.9548437789623323
4,-0.5621408627995026
5,-0.4906078555444515
6,-0.3793746576788063
7,-0.12665427043608612
8,2.9692741012156714
9,-0.6572904914292799
10,-0.22347366652542522
11,8.01537395511195
12,-0.7012298124389031
13,0.8383082770898853
14,-0.6257084919048483
15,6.8631208198817655
16,-0.9045118614661988
17,0.9122582733517546
18,-0.4887029936279428
19,2.3107363972466706
20,0.12969023752406672
21,-0.7084614334048553
22,0.7665798585698369
23,-0.6890058952458007
24,-0.5983186214161484
25,7.994534427078289
26,-0.265023285056207
27,0.4965889888390955
28,-0.4737550738070022
29,-0.49414805031248477
30,2.6745657225432264
31,0.2986912326158284
32,-0.6500123131648207
33,0.916578643808168
34,-0.7100478064654225
35,0.3879703559736649
36,0.2997738758815778
37,0.08014773326002267
38,0.5704560729143591
39,-0.6827220647494671
40,7.482111369643734
41,-0.5569998899169625
42,-0.14851185793860566
43,-0.13948860131839913
44,-0.13347522347569674
45,1.1667501902825026
46,0.11454526792859632
47,1.3447832113646832
48,-0.352074237159438
49,-0.8081783759284631
50,1.4320215474841587
51,3.764597921357801
52,-0.9748930630849048
53,1.9222197277415822
54,-0.017640934596430236
55,0.5196528318368121
56,-0.44099530309764323
57,5.933089962245753
58,-0.3161558906874624
59,-0.5936128454669268
60,2.276596312296871
61,-0.6169704557358155
62,-0.1792593326163927
63,-0.14679965709429743
64,-0.10311350239883021
65,3.909973791009657
66,0.3196857175271899
67,11.267139915121309
68,-0.9403948903024535
69,-0.8614703530299539
70,0.6922532701903243
71,0.018180513254101305
72,0.3245668010364515
73,-0.09170182128540127
74,-0.025290537373868882
75,0.3956186419740808
76,-0.7105963155672392
77,2.267704199792712
78,0.048545650922080075
79,5.428348916406154
80,-0.9424697512180151
81,9.393649403379396
82,-0.8583090277632277
83,-0.11541589404627595
84,1.2601265240381738
85,0.4504240432593578
86,-0.05466198008759682
87,-0.7298520462095583
88,3.663285082498464
89,0.12188900779348266
90,-0.1429595462444433
91,0.6093342136753475
92,-0.4029582591030696
93,-0.7174311343859172
94,2.150521061655376
95,0.556511630986394
96,-0.26890773930977707
97,-0.6293123271666512
98,0.4912687270599143
99,-0.7273151774086068
100,6.211690419069351
101,-0.7364159052279347
102,-0.0795629827158767
103,1.1441636631522356
104,-0.6874234394816142
105,11.222915471312277
106,-0.5501951071546782
107,-0.7048015009809097
108,0.5247701313085567
109,-0.3269296969378408
110,3.7354283391253693
111,-0.7191275120604059
112,-0.31991544982889697
113,2.0103280490273536
114,-0.7510106099051075
115,3.3875656192021646
116,0.41273488983746875
117,-0.8936811165041784
118,5.652762646908368
119,-0.11489865443833791
120,1.4948616811369186
121,-0.9511048831530153
122,6.028727507404107
123,-0.023955171368531425
124,-0.11467334896566561
125,0.9908314179991615
126,-0.12777497032010043
127,-0.5490393275860648
128,3.3890461657029594
129,-0.749242735014124
130,0.15862746144237216
131,0.883024655558502
132,-0.3176055971728683
133,-0.18330367230743216
134,0.4052259269479668
135,-0.40351236136552127
136,-0.2232317399954673
137,1.4131266480626752
138,-0.46396695562122126
139,0.23604204214948243
140,-0.17016690760585185
141,-0.4123018224514988
142,3.0308244542638487
143,-0.7687266154559638
144,7.204572540938624
145,-0.7853342157422298
146,-0.40355494676776793
147,0.37622399464934486
148,0.9780704783701679
149,0.08871430635724797
150,-0.6393534746408438
151,-0.11293129494434784
152,-0.5276101220878573
153,0.23176663618131954
154,3.677010080188949
155,-0.2983275879333547
156,-0.3392854675318826
157,3.3584472626069415
158,-0.4193360049913376
159,-0.43155732085587295
160,-0.517668380037064
161,-0.5963873726567916
162,3.3684937131862736
163,3.712055314325272
164,-0.4807692885012004
165,-0.2521362535578414
166,0.020437736863188727
167,-0.6782960063603845
168,-0.4308044965978671
169,1.4613913232647247
170,3.491982654664385
171,-0.6586643801930345
172,-0.6599210585172443
173,0.38827273436843535
174,0.0908968947428086
175,1.930222288474397
176,-0.5180789437408266
177,-0.8094582386628513
178,2.3343549648052178
179,1.8183967952215712
180,2.0105030463942644
181,-0.8982486436735129
182,2.0791999242814168
183,-0.5315060509098924
184,3.084237874103697
185,0.2014577266101727
186,-0.7659147908245516
187,0.09818640696882497
188,1.1743494249574895
189,-0.6544255814477273
190,16.07400590899456
191,-0.9075510731006031
192,-0.5720095066437219
193,0.0015246459579565386
194,0.3945336053157871
195,1.4574259748024692
196,-0.14910466127580935
197,-0.8220436089043408
198,2.7127400114780507
199,-0.24359162591944672
200,-0.24494175514897165
201,0.836706582743441
202,0.6307296373478899
203,-0.7668736923865472
204,0.4465791190545503
205,0.5502567306657249
206,0.9907845460201883
207,-0.45754083207459517
208,1.6295652005350552
209,-0.3598432721753979
210,-0.40393514091432015
211,0.35282529294466203
212,2.689561333201788
213,-0.17432068367789644
214,-0.7914968120343933
215,0.7881537749254333
216,0.7019688075929964
217,-0.7115854284518399
218,1.0760977999924735
219,3.2108601330302706
220,-0.46357303151571827
221,-0.6087437489571332
222,-0.5485691346479767
223,1.3240917861734394
224,-0.4506209832676429
225,0.4335897187791866
226,0.09515570937838103
227,0.3607386072297636
228,-0.5881774286603589
229,0.20857483208581984
230,1.681172856461433
231,0.2938537917434998
232,-0.7444307419174331
233,1.151818219665238
234,-0.5830951588248161
235,3.423969885184529
236,-0.08628798784776948
237,-0.7995433724871729
0,-0.03403922744046206
1,-0.5504155851421657
2,1.4850817509959673
3,-0.6751730338268975
4,6.615904759793748
5,-0.33496102573591435
6,-0.4686909747946776
7,0.7065470695396805
8,3.867967213717579
9,-0.8672102332010148
10,-0.057528193476216294
11,0.3945994203995926
12,-0.58215800785804
13,0.46080884735234573
14,-0.36300032299425466
15,0.20864651699409653
16,0.1387309931493934
17,0.7864693554923059
18,1.26884517623088
19,-0.8221377090596276
20,0.002420613777034397
21,1.4493979587931514
22,-0.6918225703910886
23,-0.37890636591903404
24,3.3219289649429076
25,-0.22621808412173083
26,0.710677410675624
27,-0.023167294200262534
28,-0.8561600683841178
29,4.591861332867511
30,0.527694740217892
31,-0.059873401618809385
32,-0.8632478540137978
33,7.211452664115299
34,0.24234934780708595
35,-0.7746258769815473
36,1.8625320363627669
37,-0.6803016276864482
38,-0.7581968475779507
39,1.5945252442911606
40,7.175783367218651
41,-0.7752077598137873
42,-0.12178019865572354
43,-0.020399263330413198
44,1.861543954960469
45,-0.7604250908303882
46,0.7413082044592538
47,2.5287775211728167
48,-0.7600998111234735
49,0.3572204841993547
50,-0.3833235131596412
51,2.3846395952041606
52,-0.8265378770293073
53,2.2974337653096004
54,0.7479769526845044
55,-0.14428827785076936
56,-0.7261758318554372
57,3.5547608775222255
58,-0.12498621305987956
59,32.2831933104451
60,-0.9925835985461792
61,7.970942907660769
62,0.805837875814716
63,-0.852084558800565
64,-0.6213553768645975
65,1.8977039161869613
66,-0.5687750190108573
67,-0.09357453476452593
68,16.005553861697486
69,-0.8853027375442383
70,0.3368844794900474
71,-0.08230194631536847
72,0.8142829889167056
73,-0.12432730745715903
74,-0.9131568361976657
75,22.75618401190169
76,-0.3195368474619915
77,-0.4764743248883404
78,-0.7106175828937795
79,2.2394816778167765
80,0.22666598720413056
81,0.16275017824251825
82,0.45094168233940857
83,-0.6755034355799485
84,2.4720524039729823
85,0.8136652464814491
86,-0.907780587034841
87,4.357210284749055
88,0.11061595039530636
89,-0.24957769278597608
90,-0.46088482546101794
91,0.0021207349040821555
92,0.5186141094105623
93,-0.5364552010687704
94,0.9514610114397999
95,0.4331075572698899
96,0.13737450423683173
97,-0.6565245280153202
98,2.7447865854088525
99,-0.536219887488355
100,-0.7967928899819988
101,1.2840714896279697
102,5.292762025268637
103,-0.9464255885419525
104,2.182306969658326
105,0.6008100755357617
106,-0.7553013050701618
107,3.7268432063307557
108,-0.6812884588885875
109,32.35167019413111
110,-0.961223672048461
111,0.3692588643234658
112,0.4529792596761808
113,-0.130468906506649
114,-0.03909465371722021
115,0.12295632717077831
116,1.0946941580498586
117,-0.31207999128105035
118,0.21949341237957176
119,-0.3372171602634233
120,-0.7246519113547365
121,-0.20994437609332117
122,-0.27222204016069274
123,9.89021119018689
124,-0.23908881628015022
125,-0.6197382903567644
126,4.140730317364927
127,-0.6244741351276837
128,-0.02851676611338594
129,-0.746391726250218
130,9.006723182129072
131,-0.7539383324562299
132,0.10865342869935124
133,-0.6988082465515506
134,0.9055266724796189
135,1.600680430550876
136,0.9457312493269829
137,-0.11924029671673553
138,-0.4832109979730642
139,-0.8874707319114075
140,2.4958931337507595
141,0.5638275119307357
142,-0.27165105936605294
143,5.6124181410871
144,-0.14971477538640265
145,0.7198964896947535
146,-0.9077048899854198
147,1.7102571351360227
148,1.6618508902124538
149,-0.7039524134584091
150,3.0147955784446747
151,-0.6738042811295049
152,-0.11205855005629928
153,0.8647072147955281
154,-0.7562952520402275
155,5.086506308742189
156,0.0076831963561541095
157,-0.6599728019403116
158,-0.4349341369136399
159,0.1426066885785171
160,0.7482483374669231
161,-0.4477031911377425
162,-0.501016046122104
163,2.5379607728943534
164,-0.6110348482205259
165,1.953319793369002
166,-0.6469076367982074
167,1.7465089216830307
168,1.6055837528860355
169,-0.8724593310615382
170,5.993688857991313
171,-0.6259553496822832
172,0.5063375582718124
173,-0.844890434256106
174,4.972269679106443
175,-0.7057115956466249
176,1.6887625816500593
177,-0.793465791215059
178,2.411824128467737
179,1.9564887699245346
180,-0.11835564145893318
181,-0.6557077202948376
182,3.336434747942082
183,-0.6440525943497383
184,0.7357095332700878
185,-0.7915024280765959
186,6.7057427552595135
187,-0.0656467357518663
188,-0.7471124554375731
189,1.1686116115602858
190,-0.3241033798920525
191,1.799399881592295
192,-0.3164378257000313
193,0.5629722517906257
194,-0.7375499658244156
195,0.8609017027588048
196,-0.8841304379956689
197,0.5387719341161212
198,2.8283152316713074
199,-0.2723989282793472
200,0.5528076782400446
201,-0.11605872607834555
202,-0.021319207399983275
203,-0.5485335505581672
204,2.406157290308086
205,-0.7946610274998738
206,-0.6784074938844994
207,8.812636057312906
208,-0.36960529868650194
209,0.35946829875017294
210,2.938909297953476
211,-0.4645787269567182
212,-0.26611819284341
213,-0.03229518318567015
214,-0.5507757570128061
215,2.858555838811534
216,-0.19308872652963316
217,-0.139830035195873
218,-0.6256343441397134
219,5.1124421204656505
220,-0.6915069919154422
221,-0.4472225003222048
222,3.2553630716720976
223,-0.8944172759381226
224,1.155235007087251
225,1.3138674656479918
226,-0.36065790761472116
227,0.8752267071994666
228,3.0192515237490394
229,-0.8915791651575522
230,0.005233481156171171
231,1.7482158208022516
232,-0.5245716953668058
233,-0.01646236551715119
234,1.1336917527864725
235,-0.6553217500654372
236,-0.035521161320339445
237,-0.042672891787908895
0,-0.1667833381416044
1,-0.2816426653087962
2,2.1963859565261252
3,0.4234233709773241
4,-0.09814071724016882
5,-0.29127059520429754
6,-0.6571118359860177
7,1.8414412437482945
8,-0.7695121835255992
9,1.1836686683006326
10,0.9918932635647957
11,-0.5732013115593793
12,-0.43383144814033314
13,1.3147551671256972
14,-0.05721389195895332
15,0.5539399711395976
16,-0.2762826870023556
17,-0.11962607428980288
18,0.5083813786282623
19,-0.4232423086575998
20,0.5863412940036554
21,-0.49193632466038006
22,1.953940021368748
23,-0.6971288223096703
24,0.43767731469839233
25,0.07976915746867075
26,1.4664143170249568
27,-0.36893394304408433
28,-0.4936899665003279
29,2.365741897687894
30,-0.062460141121088886
31,-0.9247939666602918
32,0.045129521364742686
33,0.4345576887857112
34,0.7968430458823295
35,0.12097168488385579
36,0.3674881642990513
37,-0.7835761208855934
38,4.686209299876503
39,-0.28068573967233446
40,0.9803418265378143
41,-0.11900954411237952
42,0.807495848387801
43,-0.6989110763232658
44,2.57592966787462
45,-0.7312998906844279
46,-0.35841077639665986
47,1.2372267129352514
48,0.1454629337784754
49,0.03980768742502461
50,-0.4142131606252669
51,6.01282257690408
52,-0.7297727285400639
53,0.2990374075946136
54,1.4899427656603192
55,-0.5222663068717643
56,-0.14460869486100147
57,-0.33314720659347574
58,0.10045675650974673
59,-0.36088756213687845
60,0.914594605062458
61,0.33766946780927065
62,-0.7445497157517594
63,-0.7787133326251227
64,10.880269840617624
65,0.729431724415246
66,-0.9327806873550399
67,-0.251906838115312
68,3.5317391344651847
69,1.8691682099117277
70,-0.6958020692086604
71,-0.3304089773028599
72,5.241053045761709
73,-0.5362640437762048
74,-0.09366060948133292
75,1.6637250085935253
76,0.1797081423644471
77,-0.5971064235267461
78,1.4762796276633745
79,-0.26765481918128653
80,-0.5540067647798441
81,-0.7033000875825992
82,31.285833309798733
83,-0.42602847341161065
84,-0.9525272185406821
85,0.9882247147615746
86,7.112857976419523
87,-0.14217326530892194
88,-0.7848299072777555
89,4.235355924432101
90,-0.04025709206374961
91,-0.6751403436229417
92,-0.8325774800171045
93,7.383816356917617
94,-0.16905782649623224
95,-0.46518017603145356
96,0.5956747259900643
97,1.7751617343624222
98,0.12997083605383541
99,0.7595801724889921
100,-0.8305328644140901
101,-0.32424541549100094
102,-0.11285632379075461
103,-0.5080768277257383
104,15.341939621575452
105,-0.2750694515926535
106,-0.7740099406640799
107,-0.17846681225069072
108,0.5709936452813653
109,1.2210566063417119
110,-0.17247043570492682
111,-0.8485855263183465
112,8.925115504578983
113,-0.7867780512048608
114,8.356929717209013
115,-0.6415483952775425
116,-0.6062671287215147
117,32.34684822144802
118,-0.9516786427416858
119,-0.21396295446535363
120,-0.7050036229577171
121,0.8985743994413897
122,1.3631099878161046
123,0.2803436182134953
124,0.4006325287570791
125,-0.2851429552023318
126,-0.2108524190950849
127,-0.47004879772412334
128,0.006411236869798609
129,0.08938029645956802
130,0.08126553921736779
131,1.1009734222751901
132,-0.4186521777238249
133,-0.541047433298145
134,0.786801700127032
135,0.1641473679125951
136,-0.37879591758272624
137,0.35392224027086927
138,-0.6918552136834935
139,11.731688491451049
140,-0.7538957436639041
141,0.8849247749436682
142,-0.22543472575864298
143,0.10536455344881701
144,0.30352081321141355
145,-0.2456558506384826
146,-0.11392330943585205
147,2.334605443382463
148,-0.7518345895718712
149,-0.8263681966141528
150,16.575309062575904
151,-0.5550749847335181
152,3.0573012237650126
153,-0.4963435806796982
154,-0.4648647954028753
155,1.004300808680099
156,0.4671934163234337
157,-0.2987153495556425
158,-0.8054448799915037
159,0.7953188046667143
160,3.0614231360248816
161,-0.48098680069763156
162,-0.5715667566515088
163,-0.5161183898743775
164,4.009378691987979
165,-0.36977366197923556
166,-0.48824217634578937
167,-0.03682341944720657
168,0.4069390798644694
169,-0.255667605174699
170,-0.36939840121700895
171,2.6037333987369538
172,-0.18270425956123781
173,0.10955298061597363
174,0.1811597899445696
175,0.26155558396935574
176,-0.8801993726973538
177,0.17700760043552344
178,7.425236595604648
179,-0.8416892155355342
180,3.140933837396136
181,-0.593635721430103
182,0.3131812954020752
183,-0.530865937242824
184,3.454637462171756
185,-0.44154497645776714
186,-0.4677103989914342
187,1.695018839112493
188,0.3091185545401762
189,-0.2880694971108737
190,-0.5348845788008244
191,10.692851119174716
192,-0.8836017591027333
193,3.7576281139083925
194,0.14492964447364676
195,-0.7213485825566317
196,-0.6906910112678533
197,1.9664907204698188
198,-0.3301648601592766
199,2.5471060631037026
200,-0.513175458350696
201,-0.6896025402738684
202,0.2128517849465521
203,4.469048542689266
204,0.7107115444983778
205,-0.8031095695297747
206,0.12646862876574216
207,-0.46949758020797105
208,0.019620403936890796
209,1.571657656556221
210,-0.37590853939462565
211,1.4150521863561543
212,-0.6602534074499133
213,3.189529539793009
214,-0.3629952595538565
215,-0.8693989588077728
216,4.497357415380535
217,0.46170243730477356
218,-0.7282890301395838
219,-0.8216440374120868
220,6.154767270400822
221,-0.4329560631168624
222,7.702445847560369
223,-0.44290547913977074
224,-0.6763212239724343
225,3.058061198862899
226,0.033784468815297064
227,-0.8615680563475423
228,-0.1564517943647994
229,2.698983236545167
230,-0.4486813562664047
231,0.4574966499067483
232,-0.09677259782559022
233,-0.5136233440724669
234,-0.1893497392009178
235,-0.2718295989183075
236,2.894014192096365
237,0.3558189404797063
0,-0.82314285076709
1,0.040063144698049946
2,4.008866090034288
3,-0.49619500633287095
4,-0.4369399838130552
5,0.3550063120770639
6,-0.19901133503932433
7,-0.1683892728998574
8,1.1646934547120793
9,-0.8884602077712674
10,29.78487250823895
11,-0.9235747110741792
12,1.33199081886533
13,0.9794054863879769
14,0.16328544423482216
15,-0.8270674302549874
16,2.3309776721049964
17,-0.8493957246537586
18,9.996757648625568
19,-0.2867855385178735
20,0.12238520513945739
21,0.23863168483590624
22,-0.3532683221917404
23,-0.5146553126931458
24,2.3236609140496256
25,-0.5122858032108362
26,0.7444542383105675
27,-0.8077704395449499
28,0.13743862550324426
29,0.3436247462793256
30,1.1091336982975957
31,-0.07335046239429444
32,0.5885922176308729
33,-0.8300010601110667
34,1.3662650619985142
35,-0.6565489133910887
36,1.9958280362961296
37,-0.2197772363393652
38,1.7795836287867757
39,-0.5828832970239641
40,1.0330598079312776
41,-0.7119379014625586
42,0.7732643653579796
43,-0.7873908917279054
44,0.31562641348300513
45,3.3307768264704345
46,-0.24786815797016948
47,-0.831753894095812
48,7.830847408021674
49,-0.36138892480542273
50,1.2654899035408365
51,-0.4848642022038486
52,-0.0438494189379639
53,1.28965548201927
54,0.05882253573835605
55,-0.665561525349055
56,-0.5299977842186092
57,-0.3676371342881427
58,0.6689762379538398
59,1.7403601801745436
60,-0.12380846590431194
61,1.4187064668260216
62,-0.36795809911801625
63,-0.32886235460016633
64,0.4587361132423615
65,-0.8463687220772675
66,8.998447887314088
67,-0.9271847869642202
68,2.8534730508716626
69,5.831027134773643
70,-0.8445506029574266
71,-0.47545373836574056
72,2.6770774617316966
73,-0.3634742571089141
74,0.7896925188853885
75,-0.5939369991306593
76,3.5206704684160517
77,-0.7659734504707915
78,-0.4516795971095007
79,2.4602959084668665
80,0.2871018595734036
81,-0.03677071654284958
82,-0.18037507699533262
83,-0.8216251272488402
84,1.251551782035603
85,5.069651749797972
86,-0.8281666124999507
87,-0.2899169149907608
88,4.136230289103156
89,-0.2490700915411359
90,-0.6958576285673312
91,2.0848126804527545
92,0.6978703494425318
93,-0.5932589235267105
94,0.7145068425714436
95,-0.6379880544572109
96,1.015878184636105
97,0.8849773140113664
98,1.0143194406980185
99,-0.5907635211506671
100,1.0116869688971364
101,-0.5595912210790528
102,1.016293587426874
103,0.46960479061513993
104,-0.27157934307066145
105,-0.5833369024183988
106,-0.7038851436858382
107,5.6861151959670835
108,-0.009115468743513988
109,-0.7023519005592491
110,0.11222682892256075
111,-0.03877432293299532
112,2.6052520574246105
113,-0.8585517998953917
114,0.0021485377086440938
115,0.20499465745827705
116,-0.14902958779756348
117,0.6725526753673743
118,4.73704112367832
119,-0.08676194400784776
120,-0.741001632455547
121,-0.42574240172857536
122,-0.11433577689813956
123,4.972262654557965
124,-0.7093635042950786
125,-0.014495880595695287
126,5.05955874493898
127,-0.6027258582400075
128,-0.4196938438197886
129,1.2602582983652026
130,0.03801787831701886
131,-0.7068466929480484
132,1.9968083189272021
133,-0.4224577376538341
134,-0.8522076939050205
135,6.737041896431624
136,-0.5564983826885073
137,0.5501400491931885
138,-0.09618057904059041
139,0.05838974554476439
140,-0.6815653604848396
141,1.169775253899878
142,0.33819353451417555
143,-0.38359232933465814
144,0.35569711454582453
145,1.5920806975061432
146,-0.5880029687740688
147,0.41753392850830506
148,-0.7511500942210897
149,2.7000160465623315
150,-0.17142661371739443
151,3.391113471103398
152,-0.8334851873232545
153,1.0095827399367674
154,0.3676887541174787
155,-0.6219599889078016
156,0.41710654146508874
157,-0.35772550158411165
158,1.1215497038216062
159,0.34486801742796036
160,-0.5936807126862754
161,0.4723909884965636
162,-0.5789976608110096
163,5.022133905124357
164,-0.9096033065978396
165,3.5973662906637998
166,0.8748823437751785
167,-0.7970396831229954
168,-0.20051949854442508
169,0.6621674382631149
170,0.8716892731436501
171,0.2900978287381819
172,0.41547339801307137
173,-0.37293644710210183
174,-0.5297945529241521
175,0.5581013900349874
176,0.7065287650590182
177,0.03560114439345985
178,-0.4917088033111654
179,0.6240970327767932
180,0.3736883263226294
181,-0.5545138129336242
182,-0.019319746804360993
183,1.1641949592360081
184,-0.748082664627167
185,7.623914204053493
186,-0.43215149569652156
187,-0.00014203562127268476
188,-0.7454757462062549
189,2.172276003756957
190,-0.806904883188974
191,1.099589030815391
192,5.532644480080154
193,-0.8554891721120046
194,-0.7851502111680465
195,6.053874497118662
196,-0.6171256864692469
197,0.8010280183163336
198,1.418981376859851
199,-0.6950119760041735
200,1.5350840507557137
201,1.244190891151491
202,-0.7965151073664113
203,-0.08802946116851129
204,-0.03825389741684726
205,3.4375563227001207
206,-0.592245480459829
207,1.398495159099332
208,-0.7800211687650433
209,2.595980793806862
210,-0.5797137194111021
211,-0.3825426279560764
212,0.9031162200820302
213,-0.21568639271364398
214,1.250525589811403
215,0.8808475767689388
216,-0.6356055609147305
217,0.8346660573278708
218,-0.8423385680313663
219,0.9585975183028843
220,0.8691877832633221
221,0.7294560083368042
222,-0.827765911389935
223,0.43623991280593555
224,0.5709498352969011
225,-0.7918290259628713
226,15.656210147220872
227,-0.5988137595598335
228,0.42614623608160573
229,-0.4364902109092912
230,-0.41004861331861153
231,1.1329672960256842
232,-0.6504452191167762
233,0.9255917557225444
234,1.6982793593351322
235,0.07368764645394688
236,0.07024330443924343
237,-0.4268948374733238
0,-0.5752459221653803
1,0.25250159986435383
2,-0.5685005603312614
3,-0.5656076485586532
4,11.55816588947118
5,0.2569559783203266
6,-0.016682722122651317
7,-0.7598783702147895
8,-0.18058013084051117
9,-0.2188449807985292
10,1.7440722659162788
11,-0.6551048440834513
12,-0.05834761744823935
13,3.5934132093770925
14,0.5634558325456251
15,-0.9177600815049244
16,1.758661717600043
17,-0.18706470615646797
18,1.6803103569380506
19,-0.843426772103444
20,1.5509530330082941
21,2.8247953876385785
22,-0.8389042793717095
23,0.13132013234601958
24,0.2628999422607381
25,1.5370092483850732
26,-0.4762677126065662
27,0.6415869386665474
28,-0.7559281120513868
29,0.9580199101126241
30,-0.02355027316455227
31,-0.03459398088687782
32,-0.5472694181017299
33,5.751299365916759
34,1.5379027728243493
35,-0.6546529589693821
36,-0.7688936908559358
37,1.28893670222143
38,-0.20318190419713256
39,1.9513637819712009
40,-0.30671399470146044
41,-0.5438419745288529
42,-0.057168851104782537
43,-0.3022608449620233
44,10.361786825342062
45,-0.9436213608795487
46,0.9270907501407228
47,0.7486081808641076
48,-0.2375108484453451
49,-0.013503436275568714
50,-0.8230574779625331
51,2.6612657638102095
52,0.808516026506527
53,-0.5203570410432132
54,4.981504355350743
55,7.548326512183028
56,-0.9642879595135743
57,0.25213873797946706
58,1.5604600952286485
59,-0.6862295693197298
60,0.7733885461504333
61,-0.6251593221307505
62,-0.4579305037010991
63,4.181395846849331
64,-0.46107154032863074
65,-0.3375435159370883
66,0.9314275692084473
67,-0.09218903497824182
68,-0.1816263626835498
69,0.8551338690992796
70,-0.4742494189051851
71,-0.06671934142177072
72,-0.2785849434544123
73,8.101323974462403
74,-0.42338071321542625
75,0.5336744044521091
76,-0.8172563118320415
77,0.426062711490373
78,1.2370902700483826
79,-0.7731193458022226
80,0.9016872862693586
81,-0.33739198858028274
82,-0.4377824788997894
83,0.9994304418397406
84,-0.3330199059323584
85,1.330400700473731
86,2.243947711841731
87,-0.8139719769897388
88,0.25843763627809846
89,-0.7331063430537845
90,3.3429568093599062
91,-0.303379165566125
92,-0.6007661860565928
93,11.93037966441301
94,-0.4149268392997444
95,-0.18175084897538896
96,-0.8485556216889697
97,13.512526126272968
98,-0.8384884928416659
99,0.4530510991284029
100,-0.7858600196192735
101,14.209913726022595
102,0.20953331449869195
103,-0.8280663497961508
104,0.0635136629769566
105,0.13612947280085463
106,-0.13127711513874274
107,4.230720729793185
108,-0.46429453453119207
109,-0.13803351625684646
110,-0.29589523488113445
111,-0.22766663852008096
112,0.9263775939985466
113,0.2008817248388346
114,0.8804400875668545
115,-0.2603241858962383
116,-0.9497404156472945
117,4.075282267622913
118,-0.41974469607060316
119,2.9766226668721276
120,-0.4975787805458114
121,-0.047712169883696975
122,0.7000677698823372
123,-0.4854729214294321
124,-0.5112408298769964
125,3.2749164712813466
126,-0.24630594864783228
127,-0.5792602912329445
128,1.2056502630676986
129,-0.33080963691627685
130,-0.8330155321641136
131,3.1560085520999337
132,0.18023788282944087
133,1.0583648353615511
134,-0.44883942493938644
135,-0.19929021930103508
136,1.7317640227810696
137,-0.6191310773573871
138,1.9858624056586636
139,1.1478641986406486
140,-0.6796905069886128
141,0.32534123084833033
142,-0.4017146068948888
143,-0.3790853271839406
144,0.36414711359167184
145,1.0824239717353246
146,-0.37501928002260043
147,0.12816343471268565
148,-0.17057084171737102
149,0.36280094662101336
150,-0.4123148750938507
151,-0.34576130514644365
152,1.2146904897408022
153,-0.23816676735330689
154,-0.4637614817971719
155,0.9185347685468959
156,-0.060244100489460606
157,1.1586869707355203
158,1.427089614384415
159,-0.6509763925224861
160,-0.32730055365766997
161,-0.8385634866136356
162,8.881451320344102
163,-0.3147507486511204
164,-0.5817877122591569
165,3.401617026381591
166,0.10225945003667847
167,-0.7892291013138104
168,2.912423226716713
169,0.962301317678087
170,-0.4391772954854092
171,-0.7469814273993669
172,-0.29973873170539156
173,0.22685669617710524
174,0.5928813895361198
175,2.8690703213832003
176,2.80906035551187
177,-0.9606619509013584
178,2.522045944788138
179,-0.0034156790406857374
180,-0.3447332423448247
181,0.3102514845732056
182,-0.7947074956564311
183,2.3072668202285254
184,-0.10820392492211761
185,-0.4036980868861223
186,1.2323464457326678
187,3.140835197173093
188,-0.8610777406871493
189,0.847866261683839
190,-0.2555982730908105
191,0.9206834882871584
192,-0.3706424006264881
193,1.4351866950777183
194,-0.7786365533818216
195,2.308984483509537
196,-0.6990407579539932
197,-0.7889704456524216
198,1.1893252343500467
199,4.841015901894626
200,-0.3058910054887479
201,0.8615635418134207
202,-0.20224683456083115
203,-0.28340854941395677
204,0.7032976665608837
205,-0.32447932700122506
206,-0.28296157952366474
207,3.7153881274205016
208,-0.7988182985389031
209,0.6004058301558259
210,-0.7665116428085458
211,3.063869841247609
212,-0.3037008890020011
213,-0.6340080138304107
214,0.06402239696528822
215,10.339346265995715
216,-0.20156152788869708
217,-0.7962639412501975
218,17.027669888614394
219,-0.884811150981793
220,-0.6223157695415572
221,3.011829604038736
222,-0.44143111848506733
223,-0.2265863949787308
224,7.5929177892241295
225,-0.8653137008766729
226,0.07036302847407572
227,2.050716688172288
228,-0.29445446005947573
229,1.1031227617761954
230,-0.9110108758943959
231,4.597684132828395
232,-0.07792942544793813
233,0.07510797631808419
234,-0.6065596706090814
235,0.3128883096761874
236,0.19035500628530633
237,-0.3963814872465996
0,0.686312252125646
1,-0.4988160032157618
2,1.8229949278570832
3,0.050895807662792114
4,-0.11639278112111273
5,-0.49876381834547734
6,0.052936560055396376
7,-0.3725812075119963
8,0.10504818321538334
9,3.513507808335148
10,-0.6049856161261258
11,1.9457502081710825
12,-0.7546975749861385
13,-0.7203964013860521
14,6.058944041308279
15,-0.07323071842484485
16,-0.38242408743173284
17,1.0629329294955427
18,-0.18275622465914998
19,-0.682142687375253
20,1.7722937611845566
21,2.320861394392092
22,-0.8457711898228502
23,-0.2691216665087647
24,0.8098360137283023
25,0.5700830453029391
26,0.6686392817161257
27,0.5072051714588885
28,-0.5573118947155868
29,-0.42308695276032404
30,0.10492772510124815
31,2.430869289967025
32,-0.31181219091844603
33,-0.504262238946628
34,-0.44031510185096967
35,1.6450120685740597
36,-0.5874106753154165
37,0.775259759682434
38,-0.545393682825339
39,2.994548195593508
40,-0.5819418928261515
41,0.5431923318989351
42,-0.053132764271176414
43,1.30817718205487
44,-0.843958362116342
45,1.2706258152177803
46,2.4682987363482733
47,-0.6082920435063341
48,1.8832894120999075
49,-0.8937118304982721
50,2.9478111311938426
51,-0.7552130733899903
52,-0.23431577825560912
53,-0.11824483968419208
54,4.289965215252549
55,-0.12590789896500165
56,-0.09341306060989918
57,-0.8746759900655289
58,30.19822644558802
59,-0.7368946674492459
60,-0.39178689292560653
61,3.674703049092485
62,-0.8659890515562768
63,0.7697772002786363
64,0.43470976423063545
65,0.9412386742361187
66,-0.5075539206435673
67,-0.6051352079427252
68,8.427348960022025
69,-0.6773657446109138
70,-0.4248187238275405
71,7.077555477384724
72,-0.6846487628155852
73,1.235414283848122
74,-0.8694571542931883
75,0.2920446089655837
76,1.6231647390721822
77,-0.755862864778898
78,1.7225220387524054
79,-0.5112855754364165
80,-0.6971706157655171
81,6.6405738881373475
82,-0.4882747969636728
83,0.971350421876285
84,-0.7627035809495223
85,1.179924409880881
86,3.493808206170441
87,-0.7160753287096172
88,-0.648784202383317
89,3.0438357676917738
90,0.15379528122432173
91,1.0353649346837295
92,-0.45784382316964833
93,-0.7311152220189601
94,4.3534040622533405
95,-0.7682718955782395
96,3.6441180567840252
97,-0.546210803867271
98,0.2758919326014091
99,-0.8252963326279741
100,22.384726761200767
101,-0.8315808050129497
102,-0.4770523007879929
103,2.7495038996833956
104,0.032476742625922705
105,-0.3629670122027352
106,0.30218271266778385
107,-0.6171091051579167
108,2.727512162706346
109,0.642949386893648
110,-0.8435919676112178
111,0.33022825815900614
112,0.777718796888621
113,-0.44679597188556697
114,0.5740561440551151
115,0.6991192857715034
116,-0.6564512743605557
117,0.23085463675826468
118,-0.675035901744028
119,6.51997905083293
120,1.1224575445839604
121,-0.7378091921784073
122,-0.27883350879333557
123,1.9192911721938555
124,1.1535610482421634
125,-0.8094373158758681
126,2.313975753633728
127,-0.7957824586337234
128,2.4476922928859386
129,-0.3725862705842392
130,-0.8216280128185939
131,1.598729580166816
132,0.025595652392286672
133,0.09249797725285958
134,0.8045466266644725
135,0.7911798416134221
136,-0.5537705249555029
137,-0.7170718828827825
138,0.8531750082915777
139,5.715518526968319
140,-0.4905676742880021
141,-0.5039030295089206
142,-0.584400402241774
143,2.2602941295455734
144,-0.04377745799267174
145,-0.35423240287205804
146,-0.38207726565073064
147,-0.042857512398290165
148,-0.12776678418178966
149,0.46168725177872405
150,0.6204080338435236
151,-0.7255453884232314
152,18.642518807651296
153,-0.5257884605827393
154,0.06814303126211274
155,-0.2493367365826158
156,-0.6543206679303422
157,-0.25688758506620146
158,0.9634271861933044
159,-0.09107707807100374
160,0.9197487725626181
161,5.090397202390351
162,-0.9701767693756911
163,2.1967059748266253
164,0.28347684989441
165,0.4451167602742492
166,-0.6614467193989311
167,0.5137124478299229
168,-0.5629736983338409
169,2.32603305103586
170,-0.43082222093602673
171,0.008109433850118863
172,0.22983976860566546
173,0.16147590399941247
174,-0.06163863283511162
175,-0.2506364264266604
176,0.19843532168533184
177,0.27963642400845967
178,-0.7642572573411478
179,5.553648996197643
180,-0.5908663561279446
181,0.35208265858537824
182,1.7681725372408055
183,-0.6394409809464296
184,0.4099542779670471
185,-0.3988190877588266
186,-0.5751967862513755
187,10.629626596103977
188,-0.8469048197131352
189,0.6799198581144941
190,0.29815317972452493
191,1.3725591432246995
192,-0.8305044037295278
193,1.419947012412412
194,0.24815428669665374
195,-0.5832548236266932
196,-0.4009202637506636
197,1.7364261676212163
198,0.14809075298551866
199,-0.5070643961426249
200,-0.11442549324846718
201,-0.01524334113148662
202,0.24780513518454028
203,0.21712199663406118
204,1.6427397906737782
205,-0.8039202570760955
206,0.5799917655274542
207,0.20028457235085417
208,1.0154987135750044
209,0.3986645443804231
210,-0.91762373003153
211,11.639744290727233
212,-0.7892942094127524
213,1.1175449195568916
214,-0.7881973662851339
215,1.5337447042283587
216,1.5833498545788185
217,-0.15367116444962647
218,-0.9109625280159457
219,18.75105481844786
220,-0.6419137968310151
221,0.4623749711555414
222,-0.5842278772265206
223,4.747292499449826
224,-0.6966630594128137
225,0.21658393436772516
226,-0.2720841550056339
227,1.346761912276809
228,-0.31459247152659786
229,0.1668825317903293
230,3.9132696511023255
231,-0.9189462342818474
232,6.333778426508559
233,-0.8210918988904599
234,1.6843026217870238
235,-0.11731225669040601
236,-0.753359291590026
237,0.05710410593709336
