0,-0.3586913515052268
1,0.22973334792814604
2,0.23903415465024813
3,0.6655963434154428
4,-0.8023462943744506
5,0.6438997106755295
6,0.3166413112191533
7,-0.22912167473042955
8,9.933032457356834
9,-0.33083533868246195
10,-0.5147168413300636
11,0.4928326610632803
12,-0.42681428530793064
13,0.6745465199804819
14,-0.28284785916802935
15,0.6831716458915666
16,-0.9505686821547011
17,5.5008921060882745
18,-0.5328175613603008
19,0.43280238179746755
20,1.2833245513309652
21,0.7339310772850409
22,-0.5079247772600688
23,0.19913413936965862
24,1.5583257591967068
25,-0.6762981988890503
26,0.2760883986093441
27,-0.39488994720687043
28,-0.36293339212271725
29,-0.10026774387140258
30,2.218965730215033
31,1.6193691819738922
32,-0.38613613189768425
33,-0.8334428741240224
34,0.7090493771596476
35,1.8939040009964176
36,-0.26815050306061683
37,0.6581565985243092
38,15.272365705264509
39,-0.9763046987733424
40,-0.8875851025928625
41,8.825385034993966
42,-0.470374085663659
43,1.7270964791938996
44,2.2892991835632164
45,-0.6517463949445159
46,-0.3922518805013716
47,-0.45420906686233464
48,1.4279459607568343
49,-0.08904555765121025
50,-0.6871038392147677
51,2.0241850776224224
52,1.5113847498083999
53,-0.32251348202655095
54,0.06630854740733083
55,-0.12866513769069676
56,-0.1932203380135603
57,0.018810356406660622
58,0.17658036453369608
59,-0.8260043176022004
60,0.10382989073134241
61,8.819974485285618
62,-0.3022501938982908
63,-0.8384131982911416
64,0.8189085442835209
65,0.4440978974900478
66,2.752409410125723
67,1.5401629480805537
68,-0.7317548859221067
69,-0.32020744222677433
70,-0.6498018364469267
71,-0.7581821519025906
72,3.013974902988595
73,1.0034006095259707
74,2.0999995866871464
75,-0.7597514394692697
76,1.813073511860146
77,-0.7941596286026104
78,3.1021892495388492
79,0.32754179516964843
80,-0.4347813407137314
81,-0.8283445118397614
82,3.5980246751445577
83,-0.7296142915252297
84,3.0521471243389007
85,1.077865615558986
86,-0.2679374597812596
87,-0.11544346974175645
88,-0.9146949801731583
89,4.249629530045495
90,1.238505299624053
91,-0.6977969315563223
92,0.05980701742687944
93,-0.7130567567834517
94,10.86876592895421
95,0.12928522318038516
96,-0.8492298243900682
97,1.3449799556166333
98,-0.17205084468310583
99,3.3906072238583205
100,-0.767126087479283
101,-0.49173003510936586
102,11.081359525909878
103,-0.8901192244178181
104,-0.6278104232840088
105,5.749953759470142
106,2.152854387502458
107,-0.7056962295365361
108,0.9832025188599127
109,-0.47755176023303403
110,-0.4630337412821801
111,1.7496001861799533
112,-0.66802481092883
113,7.554118317673055
114,-0.4438469011643221
115,-0.73722401029876
116,-0.2511637366361166
117,0.6806313561342925
118,-0.45421712304570827
119,0.03241772888247629
120,3.8658092169906064
121,-0.1395107267612914
122,0.8307166034065676
123,-0.6045054111393712
124,0.6362727324833342
125,-0.19103313101757768
126,-0.616007743389475
127,-0.0030283407419633424
128,0.5360490128642399
129,0.000700221694898806
130,2.1375467407787334
131,-0.9195605525137138
132,0.6870365990119438
133,1.3920330529599845
134,-0.8979312153350272
135,18.332365358819153
136,1.4655770925424472
137,-0.7666005098251821
138,0.5859862024829721
139,16.54520355829427
140,-0.9739540089641374
141,-0.38548495036568464
142,-0.26572128293188235
143,2.0127078673184147
144,-0.11094141979515149
145,-0.2519017469901389
146,0.8144033186355737
147,-0.5280417934871873
148,-0.22065085831832953
149,-0.3151007657472692
150,3.6550942808127864
151,-0.40848448623575506
152,-0.19164797810681833
153,1.9971003506420129
154,-0.3818271650898305
155,-0.20791449973227272
156,0.0530727804866411
157,-0.494909578610332
158,0.122083822926915
159,1.4447703553754314
160,-0.6065225080478899
161,0.46216293197424574
162,3.156320022870503
163,0.012800955501342859
164,-0.6019832215907205
165,-0.36629723345623055
166,0.13173639672905768
167,-0.5047040575856983
168,0.8827368394526227
169,0.7129398874672981
170,0.18097146575625178
171,-0.46188179028842336
172,1.007649549700318
173,0.9989427753128952
174,-0.6453785149581804
175,0.4438451593337791
176,-0.8192617473601862
177,1.8842276226997354
178,-0.6403172788879401
179,1.095618406191404
180,-0.6519078773047757
181,1.6689077736340425
182,1.0212957367575375
183,-0.561054290510715
184,1.0169572431530218
185,-0.4620678101285448
186,-0.36199297537117203
187,0.11380494088522441
188,0.14139807519479275
189,3.4024322729660836
190,0.03355125263834102
191,0.16384526492025553
192,-0.6252255938786362
193,-0.6594380972103664
194,3.6999661596955837
195,-0.6778893158160931
196,1.1351652778594699
197,-0.6795805971368729
198,0.021352851086498204
199,0.6600247035333326
200,1.084116158028149
201,-0.6165522996454815
202,0.22411976434001257
203,1.1077432610032534
204,-0.2770692783396097
205,0.2563581554483898
206,-0.48448502264771065
207,-0.6326262651488177
208,8.106660180365155
209,-0.6654176302818349
210,-0.6507942146484997
211,-0.29857190748484397
212,1.7644225989948636
213,0.44295189586654393
214,0.836763124692514
215,-0.43234244465439264
216,-0.5029363679882186
217,5.6191486695294275
218,-0.8865620728225221
219,0.24709014618009562
220,1.8840261564592975
221,-0.16964241688496207
222,0.5352721377491887
223,-0.37591583233658243
224,-0.10692884557919147
225,-0.5250431752228157
226,4.645326251892033
227,-0.7205428527734465
228,0.9784433986830179
229,0.36036178821401754
230,-0.8169968241398018
231,3.189075645203391
232,-0.15729061809417055
233,-0.2865270567267537
234,1.1655712826237776
235,-0.7024412150814652
236,0.31142354776780823
237,-0.46898361129176136
0,2.0769055564250367
1,0.2711480543035747
2,2.406637702689287
3,-0.747673272097307
4,0.19469521869859108
5,-0.7730393716078647
6,1.0241655438957409
7,1.6257746965161406
8,-0.6975661757043239
9,4.535645868786599
10,0.07677192385130871
11,-0.3326774168142106
12,-0.5528695179150912
13,1.1229680744954096
14,0.2941624782859733
15,0.2839268146427789
16,-0.8154672858762336
17,1.0888227565544875
18,1.1759785725192033
19,-0.5727359416468671
20,-0.6103629647498449
21,0.3448725893412825
22,0.6054529295216933
23,0.06864740470959751
24,-0.030030087549578588
25,0.20053588780481668
26,0.7187085900711541
27,-0.3490945113478672
28,0.17463088360007584
29,-0.5284276604146502
30,-0.4888078794613455
31,-0.5352686406663598
32,4.117017278344704
33,1.62916297841844
34,-0.3915111068639735
35,-0.11954809858490922
36,0.18258599885937032
37,0.9139457693664601
38,-0.6392002425257959
39,-0.408821318205179
40,2.815585896096497
41,1.0812759841433541
42,-0.7516607138760885
43,0.37682444900231915
44,-0.6344547460328086
45,3.0869606925922657
46,-0.7645007144775542
47,-0.5631589105778975
48,29.944826371613257
49,-0.945838758943107
50,3.521440573063793
51,-0.41816630446767156
52,0.8976672253311859
53,-0.48686066693630314
54,0.099913304568084
55,1.041448195680037
56,-0.6208289892862808
57,1.4203032458685043
58,-0.6626501654461086
59,0.7415916396367923
60,0.3020947219520602
61,-0.48655207953240076
62,-0.8851663169567956
63,8.214274271143292
64,0.039895617643552095
65,1.1723133100409142
66,-0.15731991759933395
67,-0.7702986410835699
68,1.1849209573328485
69,-0.21943794368419556
70,0.9321895760560186
71,0.5787957139667264
72,0.36571417209864876
73,-0.48616419981958203
74,-0.36369747689676746
75,0.16180464735444278
76,-0.3862236526377051
77,1.6169470482587478
78,-0.014898909290486095
79,-0.2998649454147141
80,0.27439568967509764
81,0.3647614174502152
82,1.0703598480548009
83,-0.6483102828997902
84,-0.059796899426513894
85,-0.34400387010397626
86,0.3676922218214438
87,0.7025037427816081
88,-0.7805977986416635
89,2.7478254850318855
90,-0.5615454973446647
91,-0.47350390919001206
92,1.236201542562148
93,0.31761818104744544
94,22.32326918951279
95,-0.9716065740442935
96,0.4359474946491324
97,0.05120987719205039
98,-0.683721174999183
99,1.1034540225224014
100,5.939665454437198
101,-0.8852283645180985
102,2.0428389946406087
103,-0.3889068836336458
104,-0.09563754109143241
105,0.07577433539498535
106,2.5128580850184514
107,-0.5133936883052866
108,-0.20051301195467097
109,-0.5271126994992104
110,2.119610812708621
111,-0.5728545618502868
112,4.601215899094552
113,-0.5151924271737067
114,-0.6995896255800015
115,1.9176655793599182
116,-0.7571744583539537
117,3.2953422062124256
118,-0.6144486031272426
119,-0.5550883135776399
120,0.8005001136526488
121,1.1538274220996234
122,-0.4018045520019937
123,1.3065524897305179
124,-0.7221654434697578
125,-0.12188905435148589
126,0.464186774303472
127,-0.6754200015831536
128,2.515600988807675
129,-0.1540220289744062
130,0.38461321484940325
131,-0.4241184591829755
132,-0.43266123751636665
133,14.032021478280999
134,-0.8662834876317366
135,0.7308805514727428
136,-0.15380980959564605
137,-0.4868977660288414
138,4.526049864146351
139,-0.7367821612395724
140,0.23226120795892435
141,2.592126965132414
142,-0.68567081549076
143,-0.5082456620973534
144,0.33665535058360185
145,-0.03510757736411618
146,0.613950844781767
147,-0.4780664499844086
148,-0.4851287054271358
149,8.219602239169447
150,1.5670100120067025
151,-0.7266340907071236
152,-0.6782057357368483
153,0.58484953574208
154,-0.13780066662528445
155,0.929344315010326
156,-0.573329086820306
157,1.4996179428617955
158,1.3734348026907512
159,-0.6137901544879951
160,20.533239223617308
161,-0.9758893014137875
162,1.500631592839761
163,-0.6240839737504106
164,1.274311139123638
165,-0.4987240669910147
166,4.545132347289987
167,-0.8483901974374789
168,-0.46843204572050234
169,0.8146397256945292
170,-0.2576479267814833
171,-0.34334543008825547
172,10.30418751528951
173,-0.5892819884588788
174,-0.5040426114377858
175,2.2577805381196634
176,-0.6809067477576543
177,0.821881557300683
178,-0.263508129982717
179,0.09558047159183669
180,0.2066653181442364
181,-0.573793166079745
182,0.7556530005939313
183,-0.18847775569568104
184,-0.37473025868359
185,-0.06126100197697604
186,0.678935574281661
187,0.21203846344513133
188,-0.2894365622648454
189,1.1571507043259994
190,0.6610034701279912
191,-0.6585842116716186
192,1.8498586724457509
193,-0.6479792791811394
194,-0.9031709281146659
195,2.6029289414957417
196,11.711209831139593
197,-0.7804765485810973
198,0.54924009609074
199,2.174810389234038
200,-0.7969251421700356
201,0.42663846069020517
202,-0.237561586651445
203,2.0710123128156646
204,-0.7376009334889149
205,0.05250403134049053
206,-0.43860746412145024
207,1.6673590478781541
208,-0.21449364283120043
209,-0.5211472953148254
210,2.0552977311475082
211,-0.06460216031967703
212,1.9720525538312565
213,-0.8501606750338305
214,0.24171931541008385
215,0.34678494769378587
216,0.30891864855497464
217,0.3912137928275392
218,-0.44368577531474873
219,0.5666943568247766
220,2.064922910855882
221,-0.8203111901429362
222,-0.38794639619018767
223,1.6770412575253162
224,-0.40356590437603457
225,0.11102377542342068
226,0.012796201718690448
227,0.7385731880741997
228,-0.6998868076901639
229,3.0062489871122846
230,-0.517176136396782
231,-0.5450976984283614
232,2.2873354784086883
233,1.2660293157802047
234,-0.6192676253544565
235,6.41889473280814
236,-0.9085184359744323
237,-0.41451668690261756
0,0.33164935940768503
1,-0.4956368275767228
2,-0.5414084630109943
3,9.884073140045878
4,-0.7148022015024547
5,0.42461760155065975
6,0.6921256044849273
7,-0.9263031478965861
8,3.4810150056515328
9,0.9170415831428136
10,-0.2381169419663567
11,0.20675472692549945
12,-0.5557857764019661
13,4.851947109425238
14,-0.8879228513602577
15,2.9862908360025693
16,4.553886383570693
17,0.2694423639682286
18,-0.8094149268605422
19,0.7937852123305178
20,-0.7597597215452738
21,1.5917723657364156
22,-0.6241375127802136
23,-0.38448089020568554
24,4.485933701646857
25,-0.4144202971888261
26,-0.3734486137477103
27,15.483987053991129
28,-0.8462334609951694
29,-0.7708459425350659
30,5.537092007237465
31,-0.30432180634041583
32,-0.4147054290092971
33,-0.3202079481312182
34,0.43723608253781654
35,0.45465798310928784
36,1.0229823743155335
37,-0.9020554661211315
38,3.617552146008128
39,-0.8277991175195998
40,3.473223937451026
41,0.47142003106759267
42,-0.9001576117018868
43,7.909562387732061
44,-0.6124761998519945
45,-0.2978363388830837
46,2.8046083432756816
47,6.305014276808581
48,-0.8860758195692285
49,0.7573739271515469
50,-0.3945862639013653
51,0.3378937580230552
52,-0.3836171709884789
53,-0.049153119426435854
54,0.7583257223948443
55,-0.39542068602547087
56,2.3255452237664227
57,-0.667922244115678
58,1.1364715156036014
59,-0.426840168905547
60,1.1482209057389228
61,-0.5269824360283051
62,0.30261125655183174
63,-0.7594763887168292
64,4.06408250978679
65,-0.7779440600081851
66,0.7401498518162681
67,0.27356719929922857
68,-0.21007873358626517
69,-0.8108253932172085
70,7.8769363890352935
71,0.8455343091186234
72,-0.6092412315527276
73,0.8048477074764886
74,-0.7610382397193787
75,-0.0022680401288509566
76,-0.1789780565160659
77,1.0757159300962194
78,0.565574632600846
79,0.08334263560359356
80,2.77751759463179
81,-0.7097130027068524
82,-0.266446970465259
83,0.9254730180248727
84,-0.7861299554461751
85,106.23430102535889
86,-0.9579032499349943
87,-0.47686562027351087
88,0.5416407853155947
89,-0.7703889974188508
90,8.734267204910717
91,-0.6762021601158327
92,1.8827259565775125
93,-0.3055200362874435
94,-0.11419159333694717
95,-0.788814764425549
96,-0.5102003994809381
97,2.070277532324927
98,-0.06903074653402275
99,-0.8464117370892305
100,6.115766617270816
101,1.298171036218216
102,-0.6993234736300358
103,7.264592846952828
104,0.0013532113934058287
105,-0.8344098115399434
106,0.499780990422964
107,1.9585724066214474
108,-0.8462907177675207
109,9.185188939507166
110,-0.8512916529064192
111,6.324535087762609
112,-0.802700999146247
113,2.4547967775882635
114,-0.8469666649324963
115,11.99545840220152
116,-0.9266142632644986
117,1.7960252133964523
118,-0.6827138272122889
119,9.846088536203732
120,-0.9711485062026258
121,2.8079050474910123
122,0.9243789242808462
123,1.0460222055881423
124,-0.5657545731101976
125,-0.6283766508746407
126,3.305256354769104
127,0.07551274341569592
128,-0.17435177996048012
129,-0.5757028693641051
130,0.09289045981141819
131,-0.08533200215885495
132,-0.5031448114786627
133,15.492319921135596
134,-0.8417434600391043
135,-0.21132710469985239
136,0.4153828456487816
137,-0.441846798549831
138,2.0209338732684783
139,-0.48516578140222943
140,-0.49716452071603345
141,1.0112019490919253
142,-0.6935830598217106
143,0.4247224333880151
144,15.467944922981236
145,-0.839029325596174
146,0.5836656109693625
147,0.506067837951004
148,-0.6252403429099807
149,-0.5444483764371574
150,6.5697798552828255
151,-0.38990910365346376
152,-0.20856496602510188
153,-0.31975009586619196
154,0.4820077590821943
155,-0.6953734587650624
156,2.4908361922192332
157,-0.8453400449092701
158,3.909637309566274
159,2.313754194421036
160,-0.7407886378889195
161,0.7637681561086396
162,0.040810459935402
163,-0.1040068827931313
164,2.74225371515358
165,-0.9150547141277977
166,-0.31761841822162473
167,3.717593446303524
168,1.0378939191391936
169,-0.706741074401912
170,0.6927566738047695
171,-0.40636189778645837
172,0.4823575577908392
173,-0.2530869936594907
174,0.8353792706299128
175,0.06151722206542276
176,1.200232160883656
177,-0.7174534116895599
178,-0.3169503964204222
179,-0.07389328542274898
180,0.9827826348445685
181,-0.8006733930563564
182,7.351777967796048
183,-0.6463665831288407
184,-0.35663108572540403
185,-0.3232695470212953
186,11.992517782754225
187,-0.9667388802865565
188,5.126463837626726
189,-0.6871668203955705
190,0.28026852801820024
191,1.4238025092988602
192,-0.5597762674933275
193,5.459198160748592
194,-0.7817783041677289
195,-0.5750765253780261
196,-0.536646883929605
197,9.846745906313657
198,0.34799451541149673
199,-0.7662727535562062
200,3.7982455218262094
201,-0.10838439106132536
202,0.5313038624759887
203,-0.16789799616684264
204,-0.7807817619885726
205,1.6011679763334108
206,1.2049988524459616
207,-0.17324949851127935
208,-0.9512776865415707
209,67.80176284294322
210,-0.9194122420705003
211,6.1569254529904045
212,-0.4978988840724011
213,2.4000279973773018
214,-0.6958662522404955
215,-0.5000978533646914
216,1.6117105478222964
217,-0.3115523321735282
218,-0.6950295944669936
219,-0.4040891932673598
220,1.3063772872473325
221,1.6947900375023122
222,-0.4913712162989654
223,-0.6547556554251481
224,-0.17531378146806287
225,3.1751537546000588
226,-0.056206438653636615
227,0.5542901118251189
228,2.405705451308292
229,-0.5344016093018864
230,-0.06501442846495686
231,-0.6403470130420174
232,0.4771090940360061
233,-0.2003106501088735
234,-0.5063822864160996
235,2.8049155769603953
236,0.30496736462417684
237,10.663208506060792
0,-0.2554440673272891
1,1.1349559496807795
2,1.7262917307345886
3,0.9716943286900677
4,-0.721810362799818
5,-0.7879276496938121
6,-0.3126778459866594
7,16.862078716026947
8,-0.8769833990536153
9,-0.42033804884193926
10,-0.11240151468979376
11,3.1786064463333643
12,0.857708406660511
13,-0.7608166781566896
14,2.0541744531036414
15,-0.6490019473551114
16,2.5150133304851847
17,-0.5457760247959917
18,-0.3571573237925594
19,2.9448277808038275
20,-0.7377078510932515
21,0.38844048144923016
22,0.71079826108932
23,-0.8329472810521855
24,4.595597532756013
25,-0.5426341213191359
26,2.050408923747796
27,-0.6888748555601194
28,0.19771834290125012
29,-0.17414496259113077
30,7.012146472854015
31,-0.4566845772727718
32,-0.36466745933399003
33,-0.16212592519141766
34,0.1562140249483719
35,-0.6761077891946836
36,2.4522433059997217
37,-0.2643187678522022
38,-0.6449676926730501
39,0.8698023020696737
40,1.6448938228434349
41,-0.882218299619575
42,2.5448187182583215
43,0.13829828244315356
44,-0.595991668482642
45,1.5362603523542728
46,-0.19745475114980215
47,-0.3219166623169125
48,-0.5558526719448059
49,0.9544777056467784
50,1.2211157737215959
51,-0.2368029210608924
52,28.890194405648337
53,-0.9622264694460452
54,-0.049145820308965416
55,-0.6834570216052627
56,-0.08585842104707264
57,1.7096798644168265
58,0.5823951247020496
59,-0.09626537755707476
60,-0.06909887572512985
61,-0.3742103953483855
62,4.932660813595244
63,-0.8916288685255191
64,2.226900307455962
65,-0.41442472656130314
66,0.9010379379138886
67,-0.03165369882888014
68,-0.45342988252118444
69,0.7405329375802243
70,-0.21763977859234107
71,-0.31620918436325207
72,12.830350524955259
73,-0.9435795751266711
74,0.2315291619020805
75,0.7477004647311414
76,-0.28741608196693713
77,2.71160977249321
78,-0.7298698318773569
79,3.333524117010178
80,-0.5866692865631729
81,-0.10942110098587898
82,-0.7396511638024634
83,-0.16839316896565049
84,0.6010781621295487
85,1.0950651221975192
86,-0.32844457443045283
87,-0.17898337893533467
88,2.9952789711178607
89,-0.7572626027392655
90,1.501129179462719
91,-0.5660549406784798
92,1.3067287158051704
93,-0.6772118369823905
94,-0.5341583039142366
95,4.818665207197469
96,1.0783419046050668
97,-0.8815846031232862
98,11.63218486687142
99,-0.6932074897238452
100,0.01610280535553965
101,0.7555812614233661
102,-0.8809558066239322
103,4.554836282976456
104,0.5672846241131215
105,-0.8185515789549057
106,8.657093278607777
107,-0.7141988670010473
108,-0.16408582375032765
109,1.0575429892183705
110,-0.6354336449928224
111,-0.6490671521609048
112,8.709091345554663
113,-0.6088910710410351
114,0.2431554684673749
115,-0.44019150849299415
116,0.5294532926541078
117,-0.01776477465631643
118,-0.3073626752420229
119,-0.4642748794947428
120,0.5408329421779896
121,2.2067692625517705
122,-0.25018241805037345
123,-0.6750639015038487
124,1.2505156034412126
125,0.6925795445309166
126,-0.5228533029196752
127,-0.08756740121348228
128,0.2382453344210591
129,-0.3382151249710522
130,4.752351386533282
131,-0.5920466346000494
132,-0.3637909886460241
133,-0.5979478883782021
134,1.2536893367320827
135,-0.5197616719501588
136,0.8562877109278735
137,-0.753286441348659
138,11.852296752345612
139,0.13004944269709728
140,-0.6204316831567855
141,0.12091278527543459
142,1.2583859839949487
143,-0.3829949828129082
144,0.5303518731940013
145,-0.6283367552035779
146,2.4765919403340635
147,-0.3182258245310401
148,-0.6020917538786441
149,-0.758701978906942
150,1.7170009818276761
151,0.3363294407294595
152,2.1766482483228535
153,-0.3929047952708504
154,-0.48123383148583765
155,0.6715699768048287
156,1.0391153957120358
157,-0.9495143785919695
158,10.837326520536417
159,-0.5375931518827918
160,2.7814005803089525
161,-0.7214433717875908
162,-0.20528735885007143
163,4.311699771712273
164,-0.6265598734677587
165,0.2448905857430974
166,0.13048768092531793
167,1.3277913055857677
168,-0.7537908738138059
169,0.24177369816935146
170,0.7626472820784624
171,-0.5476287236762925
172,0.7605304337500467
173,-0.08142311331377117
174,-0.4779427086411253
175,0.6254299627964806
176,0.20332101923559254
177,0.8575857546882013
178,-0.9264352366926615
179,0.5877779637102929
180,2.795379064095176
181,-0.371430820730016
182,32.88870762199848
183,-0.9636916824747864
184,1.9112604215857458
185,-0.9292307468891584
186,6.6614689008569465
187,-0.34036281869357254
188,-0.6874301624620113
189,0.7936103413852387
190,1.4120765966078839
191,-0.2163324495901343
192,0.06499216137542896
193,0.32455133087117893
194,-0.791534669324492
195,0.057685285822150156
196,0.9380687097293743
197,2.8479799855895065
198,-0.45965476162409313
199,-0.7045001547470382
200,4.442914933490577
201,0.023409343196813648
202,-0.48492144701598205
203,-0.6796765294199474
204,9.335415652514895
205,-0.9222343154136764
206,0.2622905600187264
207,4.297817178486833
208,-0.29464741515235127
209,-0.8630978859315609
210,5.700155833789066
211,-0.47444675344912324
212,1.110050987042079
213,0.40646177018463603
214,-0.2373709745664223
215,1.5675056856907394
216,-0.9292136845520788
217,4.463873023816247
218,-0.3965098077928203
219,0.8445558035220262
220,-0.3807686139926466
221,7.430396378050281
222,-0.9273375057993882
223,0.30575823508758626
224,-0.7309885746558149
225,2.859499842064804
226,-0.46704534435050993
227,4.071469124342172
228,-0.47238233025861665
229,-0.5660798536473404
230,0.5219771449456219
231,1.5292033478258533
232,-0.8524133594873298
233,4.260513908641513
234,0.2606825867598599
235,-0.6918254276360436
236,4.7539229385704305
237,-0.6369212932357617
0,2.7699847402119158
1,-0.3821841153810762
2,-0.39492496880592476
3,0.4219493314732359
4,-0.6363353566330625
5,1.3373328927475674
6,0.97608101984624
7,-0.35442774513846675
8,-0.20735731045803796
9,-0.264475159780863
10,0.2785228045214845
11,2.653833985745901
12,-0.10425409119131501
13,-0.8583834437656149
14,0.5124089504656564
15,1.4488760193274701
16,-0.5787927895713351
17,-0.1188379128982382
18,1.2589898794976255
19,1.6438297915981597
20,-0.07080174341735568
21,0.1903290419486141
22,-0.6656472393145721
23,-0.5563388577706962
24,4.319020137199663
25,-0.8928351968155273
26,0.5137532544024084
27,-0.32342891216006775
28,1.9385828381391152
29,-0.01685327851334706
30,2.341058331913462
31,-0.8376652545326138
32,6.194390439609615
33,-0.41098121328667925
34,-0.44655706989828625
35,1.666547076641455
36,-0.7030041335755253
37,1.1854365108300002
38,-0.4959192362790569
39,0.541441632587679
40,-0.4983529968826199
41,0.5786369710594754
42,-0.3484573014571015
43,-0.3671859106242795
44,0.7680187230489837
45,-0.3919862394035426
46,5.312830171793176
47,-0.8229787127013598
48,-0.5181678427707064
49,0.1801365446725478
50,2.007044478393885
51,-0.44130671459629434
52,1.457623281502208
53,-0.7980341828118824
54,0.82764020186275
55,-0.16555339100581057
56,0.6359014789493029
57,-0.8886662534962593
58,12.416357592906616
59,-0.18329011412385776
60,-0.4226242111372679
61,1.3675855642315193
62,-0.30135016957928895
63,-0.46239870599277355
64,6.106602942040692
65,-0.8181095462023195
66,0.29170184366486507
67,-0.4281841048749082
68,1.1088541264965923
69,-0.30964062086365207
70,0.40818268524923496
71,-0.7506441912655211
72,6.388112647320675
73,-0.8861668575868274
74,0.23691770785195532
75,10.938481743738999
76,-0.8163416345409524
77,-0.1607527011533948
78,1.2116440057064986
79,2.421654459420705
80,-0.4769420202539133
81,0.6019053451250624
82,-0.8358791643052573
83,1.2212750040598976
84,-0.038962990490390315
85,-0.17365384594806876
86,-0.5061976760758242
87,6.094071342185036
88,-0.5919418214821413
89,-0.4949925206786787
90,-0.035585311912887274
91,-0.1895106488601478
92,1.6565037071948918
93,0.12991540504566323
94,1.7937519209195338
95,-0.9153719295496987
96,9.03602189220434
97,-0.17445569441202213
98,-0.7175671414018805
99,-0.54498585395265
100,4.341831612691118
101,-0.5555233705031779
102,2.692854870948115
103,-0.7975403515274219
104,-0.4020984659097532
105,-0.3637527698508599
106,1.1911936392663462
107,0.37923713644504464
108,0.5810161665320694
109,1.2812279417261272
110,-0.7346505821396041
111,0.8630991401998918
112,0.563592082977102
113,-0.5100062901620853
114,-0.6263745226995945
115,2.620559448341279
116,-0.5429579224731123
117,0.020845929690047837
118,1.30641094003076
119,-0.4003434100499038
120,0.3667395396145361
121,0.514826926454943
122,-0.7656738389891916
123,8.63839480752046
124,-0.9359403129537507
125,2.8631423542747543
126,-0.2595604159222785
127,-0.2201113592402847
128,0.06556278311440544
129,-0.05112500983141666
130,0.6575063122079041
131,-0.4312689851237911
132,0.6917637234281684
133,0.8154706109440581
134,-0.7363981699189415
135,4.636088787979998
136,-0.34327935076767213
137,-0.8422613720289968
138,1.1313143619509076
139,-0.05242985405559164
140,0.8218666574301068
141,0.2201187031000833
142,1.9024297512076038
143,-0.2782444669474988
144,-0.8625835742017519
145,-0.25253440367662194
146,22.29866556735716
147,-0.8541360488973182
148,1.1571592165565834
149,-0.049374995929795995
150,-0.42066200068202975
151,0.3363915828422199
152,1.1401631400923136
153,-0.7834391543882269
154,-0.03418168198846738
155,-0.14539574321895932
156,4.067465358796069
157,1.0116129832066436
158,-0.8189671071390257
159,-0.8354049997426356
160,3.254427937520269
161,-0.5474092136283801
162,0.31154909950852394
163,10.83105236398658
164,-0.8277070378376407
165,0.5380375910466824
166,0.23899584494240056
167,-0.31796064448148187
168,0.25354621934924815
169,-0.7358607197830065
170,0.3381801684922705
171,0.4841923724695911
172,-0.24181239740267735
173,-0.6947900454970592
174,2.2126630462118233
175,1.931866368213579
176,-0.3824541699278857
177,0.03222736490818101
178,3.715409229197392
179,-0.5888019564159628
180,-0.36629758715755656
181,-0.8762636035443997
182,32.98120520659017
183,8.076119988581233
184,-0.9840804577349294
185,1.4619508507077006
186,-0.47995638065881585
187,3.230140294350055
188,-0.5476375303253537
189,0.6680511259124708
190,0.34809605769518015
191,-0.976305348224336
192,3.84660372174047
193,6.016507807386318
194,-0.013706971359276454
195,-0.8942160927248641
196,2.7168218220114624
197,-0.19819352635509557
198,-0.751343073860093
199,0.5397778852339781
200,0.06246230129640873
201,9.267762444751769
202,-0.7112150790201712
203,-0.5436324078646353
204,0.9204274398825529
205,-0.2619999572123609
206,-0.1544956756027387
207,0.08353579715076598
208,-0.1387783349396967
209,-0.14623493035258173
210,2.446060702429675
211,0.13804706641066233
212,-0.14216727001020568
213,-0.8265217267210428
214,1.9781750157273548
215,-0.00998060223700703
216,-0.1377410346253226
217,-0.3317867612770026
218,1.2703364367195902
219,0.006117775825237759
220,1.5134069521418398
221,-0.8578110987632466
222,1.6107993755112133
223,0.4287174107266847
224,-0.6270776702996732
225,7.6194609806544324
226,-0.5961593472704796
227,-0.6696031613446123
228,2.9457442213089555
229,1.2173216046508566
230,-0.9155834492517405
231,0.868062169389481
232,0.5009467249022654
233,-0.13270100031307785
234,0.10293968218578664
235,-0.2700887778747525
236,0.09360061844726464
237,0.4179174979192124
0,-0.778548141979078
1,2.573132214789536
2,-0.3207117618030052
3,0.4511520159015414
4,-0.3175342954095055
5,2.5127758932101596
6,-0.9062157777651274
7,0.3085200310214353
8,10.450274581253224
9,-0.5646175687145367
10,-0.10428006714490079
11,-0.10785339334225463
12,-0.3588185584367113
13,-0.7010166639342945
14,3.7035987989904866
15,0.12009311988054527
16,-0.21179119092865195
17,-0.0964633654069127
18,-0.8658254184178497
19,28.363470048607873
20,-0.4248090886745117
21,-0.8085430717940724
22,0.3829029238381394
23,0.6211508759227331
24,-0.414464344576693
25,-0.6706410964566973
26,3.789822079666373
27,-0.40148343465999003
28,3.6318485465596186
29,-0.652317963060306
30,-0.4495461516613053
31,0.054834424953052796
32,0.6255968452343565
33,0.1001683759318428
34,0.3886096743173364
35,0.05304935029097324
36,-0.49994660138702574
37,-0.09334548476478932
38,1.0332015129608676
39,-0.5064352721921486
40,0.8072419848668011
41,-0.15066148040046323
42,-0.5329458064562902
43,-0.049303246020907854
44,0.17349260348652096
45,0.24219200179014733
46,0.20339420995592405
47,0.29017906540830096
48,-0.5895905564328234
49,2.9375872875112505
50,-0.10175037601013337
51,-0.6621897152999693
52,0.18275695617793364
53,1.205363447455484
54,-0.37401544279174814
55,1.386696297151433
56,0.5144945691465417
57,0.16458323826107968
58,-0.576828296899704
59,-0.17183644810893983
60,0.2899095517990873
61,8.081749449209132
62,-0.9419198299158267
63,0.6971860157861351
64,-0.15281054771981228
65,-0.5974716678105205
66,-0.6896520254683537
67,43.7632915520734
68,-0.9339903907687297
69,0.7670302333859451
70,0.767750501022689
71,-0.3575130764493223
72,3.676571800099987
73,-0.3188857115640523
74,-0.4383091338544951
75,-0.6549531519667386
76,2.901080982721105
77,-0.17800958622979168
78,-0.8088923384353808
79,5.13252142893497
80,-0.8727605142684085
81,6.523927101343925
82,-0.5420811664542992
83,-0.8912615836145837
84,6.846096834908248
85,0.16686501222660888
86,0.616921849486441
87,-0.5687370898092159
88,0.1177749384407416
89,2.8259879007966293
90,-0.5808897082808768
91,0.15387448408941662
92,0.5290353583145881
93,0.4777866308649754
94,-0.9542571759763014
95,5.599575094345409
96,0.05790725015027731
97,-0.8337870923823276
98,6.766955065507609
99,-0.8860048329116504
100,4.247674564051477
101,0.6026266692243516
102,0.356898848787345
103,0.5995196446618718
104,-0.20952751883164
105,-0.6033260819883415
106,0.21496095862698938
107,-0.17078295432584645
108,-0.034626314129794666
109,1.1573902084435006
110,-0.09373698581241308
111,-0.7268372862154326
112,1.5576375626857106
113,5.635518210991265
114,-0.8938184061392714
115,1.1138644833776818
116,-0.07215088218354893
117,1.0282651643437108
118,-0.709930738020014
119,-0.36495903213751724
120,0.4544406844464608
121,-0.5443028227907123
122,2.1280674705906644
123,2.103966551101089
124,-0.5577045844354109
125,-0.7637111164680914
126,5.91954822786701
127,-0.5777769429349964
128,-0.6451218177603221
129,3.6579221841941845
130,0.3084340998817061
131,-0.6015697065357826
132,0.9701697548142167
133,-0.7097424616893396
134,0.3149617058690193
135,2.12561290228924
136,-0.8294103314646845
137,4.948141650091334
138,0.29423514759076785
139,-0.8162996325779097
140,1.5635349522019792
141,-0.7162774476156435
142,0.994509409178624
143,2.8688086189897897
144,-0.6726034893168087
145,0.26863319509124883
146,-0.677877336171113
147,0.5611995841443445
148,-0.5069215494964965
149,17.79697719116602
150,-0.9117793293040284
151,11.705354446170716
152,-0.3260235639801219
153,-0.8402184681505578
154,0.48072928137588034
155,-0.0032684635571301746
156,0.3621949056328777
157,3.5226334997796522
158,-0.8718749275212727
159,0.6345875902022959
160,-0.9198053455926097
161,9.651986121485589
162,-0.005322825344714954
163,0.4422710878413536
164,-0.45038233521018733
165,-0.888343601382439
166,16.553614662089437
167,-0.8651625255137428
168,0.05746486557243147
169,2.005807745072928
170,1.2706527051979153
171,0.7620723895173624
172,-0.9497943099860106
173,3.4425294783800418
174,-0.04399776214694373
175,0.5471624223374612
176,0.06287520869235874
177,0.7266247265584689
178,-0.6456689613874171
179,-0.27309493831180465
180,0.4262574299785673
181,1.042365704285495
182,0.2354257786422964
183,-0.44705508840899477
184,-0.15622258997296123
185,-0.6187937984852703
186,-0.06689254935561684
187,1.507301059183754
188,-0.4916188691637998
189,1.319319969080924
190,0.6201483267324943
191,1.2355219435587417
192,-0.87075711278907
193,0.09105296289996256
194,-0.5527154616266301
195,9.23943348147263
196,-0.7930171706778937
197,3.587909071961974
198,-0.304851483886588
199,-0.4663408918621923
200,0.36285788199132063
201,-0.4058708480145362
202,0.9183379848405482
203,-0.0661386748348961
204,1.8262632896202846
205,-0.3593306207713246
206,-0.6757503113812795
207,0.9352928354529784
208,-0.3122527325238351
209,-0.5777505587599711
210,5.414066356183009
211,-0.6093101872174732
212,0.5551268158954461
213,-0.7666845252356249
214,95.53460857026349
215,-0.9795611616296609
216,3.6931530138085096
217,-0.532766921517627
218,0.5188426939547413
219,-0.7827556245159466
220,0.5032105334142614
221,2.4722126980248795
222,-0.1687540764342269
223,0.028063289298919214
224,0.14747418722356942
225,-0.8721521801402122
226,1.3981170147180184
227,4.42997819482163
228,-0.518899610385108
229,0.2674584330716103
230,-0.30957802926214706
231,-0.055736078340448136
232,0.8382982775603782
233,-0.47007829010911106
234,0.3085010760881217
235,1.453989287911936
236,-0.7981312701751108
237,2.9439223333241746
0,-0.10513817502423917
1,-0.7995914857324935
2,1.3463417933695832
3,-0.48936213174059906
4,4.103991728551911
5,-0.7568268023621295
6,-0.27275108281142024
7,0.15921013662952244
8,4.275371306867482
9,-0.8063029021028262
10,0.19221587115668504
11,3.0451019416016347
12,-0.852883091742764
13,9.894363638414333
14,-0.7676189531977087
15,1.7320786842958427
16,-0.6447500121274059
17,-0.21019078739958286
18,-0.35572710930245544
19,-0.480969184833943
20,3.294657735857607
21,2.29276537064839
22,-0.675537662709535
23,0.46160873080808074
24,-0.06993547681709233
25,-0.5854828723031915
26,3.497225257149731
27,-0.9341571209554628
28,14.559633391199784
29,-0.3743951018193299
30,-0.5705032456539195
31,1.7208198301963264
32,0.4501881774793326
33,-0.6519982717778795
34,0.24633551784974728
35,-0.5375447406484684
36,0.8807833831253156
37,0.9373490467900256
38,0.25759422362453765
39,-0.3843513762698556
40,-0.6647888313493544
41,-0.29700306189056025
42,-0.38092151463200097
43,0.7658441832300031
44,-0.3159318932924734
45,1.3320493385745373
46,-0.6046770171444096
47,9.440347130257084
48,0.3732995524583418
49,-0.9652854075859146
50,2.802235572306778
51,3.8682345102897555
52,-0.7327653154048936
53,-0.1860684554849379
54,0.3740475836341266
55,0.581820347419179
56,-0.43418278561674306
57,2.541051360003801
58,-0.3325010576781743
59,0.8293809260553622
60,-0.5925267213490174
61,0.1676933525561246
62,-0.5227693148808876
63,0.34362996183585803
64,2.3145169178709835
65,-0.3540084082354642
66,-0.5070365411315154
67,-0.3384520772314098
68,-0.051063910361844544
69,-0.3870975047632146
70,2.0715196064599266
71,0.2776883946282034
72,0.5408867522995338
73,-0.19286943862920192
74,-0.5688118334092278
75,0.37299139853811614
76,-0.8732848080821887
77,5.451166918163088
78,-0.4018762118036745
79,3.2201881626377435
80,-0.3091067970911072
81,-0.41718866404922494
82,-0.056993835218046685
83,-0.8468405052052
84,2.8217851469013793
85,11.435547334076688
86,-0.6426329214286512
87,-0.5008925378619015
88,-0.3171939104309496
89,25.924967168688603
90,-0.9797191798937195
91,-0.19678853907742144
92,0.39310491263971414
93,4.608768582554566
94,-0.6899478342358266
95,-0.78998521100942
96,7.046636662624016
97,0.07971230907980975
98,-0.49866672962953407
99,0.40952986520652956
100,-0.37970469906559157
101,1.901515948273202
102,1.0951754937430564
103,-0.7570482587257128
104,-0.664238403531114
105,1.789953941648831
106,6.239945931599102
107,-0.9679256458987213
108,3.50185916534223
109,-0.5248249907024447
110,1.0284459428401735
111,0.6792420910167487
112,0.42262075475428373
113,-0.7528134604504121
114,2.8862561480105704
115,0.9153253474095981
116,-0.5256344820195944
117,-0.16835489189393749
118,-0.3016087236858035
119,-0.006205625710079099
120,1.6881230173748563
121,-0.29789460105656407
122,-0.1376206257753153
123,-0.4171958620606093
124,2.044099162527948
125,-0.7333766339377601
126,1.1791961938845636
127,-0.8147202851374628
128,-0.16586740505178887
129,6.045749530183242
130,0.2876075641936331
131,-0.6264552154535215
132,-0.473618531752083
133,2.5368246472410108
134,-0.2027570173093931
135,-0.6797353567429114
136,1.1056667901708437
137,0.11399111891500802
138,18.366898346789352
139,-0.9419401964064246
140,0.9031500999242181
141,-0.4330388455050971
142,0.7208895438852518
143,-0.08768432412820504
144,0.3037692523863662
145,-0.8717400537495906
146,5.349125676154139
147,-0.5437119004626796
148,-0.5413904227398711
149,-0.422709543248068
150,0.23286055583078968
151,0.8482620954779392
152,0.42535176651658313
153,-0.6645476070226329
154,2.2840854298086106
155,2.777269570601942
156,0.10842829573770607
157,-0.592646923870912
158,-0.6912422705191126
159,-0.31103728220316706
160,4.147733706673803
161,0.8194762773725306
162,-0.7309964012304564
163,-0.571078151525902
164,6.970653101741729
165,-0.8419035701879005
166,1.9228516976633
167,-0.35452787409469677
168,2.0025154711775035
169,-0.8239619539427846
170,-0.4424839405471809
171,0.003038403106992771
172,7.919433926103853
173,4.742334392156104
174,-0.9215849914259788
175,-0.11953069652119042
176,0.021251432350640975
177,-0.27363768491462004
178,-0.7973957650317137
179,10.867593340119578
180,30.866897554500323
181,-0.956451364022044
182,-0.7872358312580097
183,8.589403990728647
184,-0.8323137138178335
185,-0.4371521485382249
186,1.3383775877878321
187,0.14934418084310197
188,0.45752942610082803
189,-0.7344207627877917
190,8.976833441929443
191,-0.11909126869300124
192,-0.2533061211073535
193,-0.636315593628981
194,0.14643569679983748
195,0.6794318597509663
196,-0.7923993632241108
197,9.734203978382908
198,-0.7389341511627641
199,-0.6500297633354173
200,2.218436697398155
201,-0.6672816405996422
202,-0.3029268282322859
203,3.4217169747549594
204,-0.6697405365113898
205,4.834452656912833
206,-0.21251159761024618
207,-0.8849154946545019
208,2.556702089955636
209,2.140428262770715
210,-0.7172205044891333
211,-0.4205798679380439
212,0.9542912888927202
213,-0.24449741389632462
214,0.2346506651656579
215,1.1578520386915527
216,-0.6442121114414993
217,0.6445066854402526
218,-0.15400439477185346
219,0.343621863819471
220,-0.8144657825381105
221,1.5052776951247075
222,1.4078431610494837
223,-0.11763154647064022
224,6.628826289711163
225,-0.9705218583583679
226,7.271886966349591
227,-0.6076469821551106
228,-0.5536863511434973
229,3.934386579337808
230,-0.42921473882614336
231,0.3837697351027112
232,0.5375055062227987
233,-0.4721115105058006
234,0.5156816959848072
235,-0.4439340784954994
236,0.3756297118852645
237,-0.46963654070313854
0,0.028438678288057018
1,3.6031140591439
2,0.5776934827964173
3,0.9418139349239778
4,1.209169332446538
5,-0.8458024239315768
6,-0.1718920753095724
7,-0.6221521932076228
8,-0.07189192075287942
9,-0.27828844185225576
10,-0.320814868949838
11,-0.2773906767735833
12,0.9546195136523039
13,-0.325367617476507
14,2.376843843735691
15,-0.9330964087894064
16,7.706040670011237
17,0.3019618878320245
18,0.12444487561943274
19,-0.36948748697281597
20,1.1994055006759279
21,-0.27000490959290646
22,-0.4825453316260765
23,0.399944638961478
24,1.9616022081499072
25,-0.4135704250233172
26,0.6735079885330182
27,-0.6202719015908551
28,0.19474460561223994
29,-0.6536708097736394
30,0.7985562205432424
31,-0.7052586604514075
32,1.5742927137230147
33,0.8802653055268961
34,-0.6389282341137765
35,2.4084247813488955
36,-0.4886799858110886
37,0.9523870793709885
38,-0.08307038231844999
39,0.9959931559199497
40,-0.2509441102534483
41,-0.7819757557418042
42,1.4080285630594762
43,10.148627274242111
44,-0.9362310823461159
45,-0.4924656875209791
46,0.23028862204103184
47,1.150295042079903
48,4.277697543132809
49,-0.8578467883823944
50,0.5327847411194715
51,-0.18612878395149013
52,3.8486790364393713
53,-0.550409638291021
54,-0.49961637157097094
55,-0.04257794574048124
56,-0.48600808043297716
57,1.3558449331705806
58,0.07757846654308764
59,-0.5286614341580236
60,-0.4329031393212295
61,-0.733579424272019
62,2.4090374286938934
63,4.441423753078675
64,0.18230301337819999
65,0.49676714890393137
66,-0.7439114477909767
67,0.5837853035820397
68,2.862091683979391
69,-0.9417537461036917
70,2.39171913361068
71,0.21935425636720174
72,-0.6794297741551055
73,7.32943061293768
74,-0.8536303019929121
75,3.9397162377034913
76,-0.8718760551603459
77,4.112511134309312
78,-0.13957894380116098
79,0.08932324775290801
80,-0.3330066067312888
81,-0.2478569501139164
82,0.9553505620292082
83,2.1882538986477704
84,-0.7720534070495833
85,0.1963902025465345
86,-0.32209967197752487
87,-0.7528717323220431
88,0.8674519494938264
89,1.0734986350965903
90,-0.7569387666909005
91,3.042077573628494
92,2.2894965636181945
93,-0.8403496627256019
94,0.8224270438249857
95,-0.7894816915536487
96,13.698379240549778
97,-0.6305266334587776
98,4.909063017057605
99,-0.8881710919359636
100,0.46347884093805103
101,1.0059728034484072
102,-0.5504784935072078
103,2.8826395862316954
104,0.39010943443278157
105,-0.7747311407971599
106,1.817158002683759
107,-0.47062702340354123
108,-0.39628315084176924
109,0.5116059332645773
110,-0.02988235734596212
111,-0.6011384432672765
112,-0.6477335140386833
113,1.415406489045162
114,1.7276962852897468
115,-0.42573514602325213
116,1.7988200349699373
117,0.4999972434220139
118,0.23828390845195901
119,-0.8278317656793667
120,3.567557674125193
121,-0.39874959362378537
122,-0.3344422340024794
123,0.402672164339712
124,-0.8561782838307505
125,4.751446204304131
126,-0.07460519095970986
127,0.8126223082570685
128,0.8498338781533268
129,-0.5465882872274777
130,-0.685482162024212
131,0.15586499264643927
132,-0.23597360260538003
133,-0.30121091982351056
134,10.48419399961072
135,-0.13075596117390964
136,-0.6977756716649858
137,2.996969488145351
138,-0.7970428035621725
139,2.435081201539455
140,-0.8371857007154382
141,1.9674666998496013
142,-0.7089388337501008
143,0.6735989141438192
144,3.21777037786135
145,-0.965206466736428
146,16.20264378220911
147,0.47738856916681094
148,-0.46284884185024877
149,-0.5093018949451364
150,4.168635069276801
151,-0.48425418229077444
152,-0.05693188524235526
153,1.109915355947665
154,-0.7847178626319663
155,0.14996730419099635
156,0.21071526599681545
157,1.043132869196444
158,-0.5197823169986113
159,1.8107450312634925
160,-0.668075416559225
161,0.8103505468890084
162,1.2591934155782885
163,0.3721031924337703
164,-0.5076223987632164
165,-0.08547256087763844
166,0.08590249678195172
167,0.024872168097230363
168,-0.5467389766350546
169,-0.5873483896010327
170,2.259328702617191
171,-0.560306220465796
172,0.7381567213806497
173,0.39072667383749526
174,-0.8337562450379605
175,0.9222719984898748
176,3.4044184377113105
177,-0.5838339302145201
178,-0.4233371093476789
179,1.4057773865570877
180,-0.24217569467082445
181,-0.3837617208325459
182,-0.21665797684007992
183,1.0232830617782427
184,-0.23144326750765143
185,-0.5365387133849628
186,0.759104005564543
187,14.049637487206436
188,-0.9461650924385336
189,0.6606952297706212
190,0.23939000122216192
191,-0.1396686845827666
192,-0.6579823106741095
193,5.5493705001049936
194,-0.3686207775655522
195,-0.07804321228151523
196,-0.7351075560269111
197,1.0914315352434318
198,2.8529013495549056
199,-0.7282843738279225
200,4.448567305555933
201,-0.48023959341049927
202,0.3223149670551142
203,0.7582071304076301
204,-0.5093652054603652
205,0.050184445914787545
206,1.1200564024740642
207,-0.6489539760799983
208,-0.15799288224656471
209,-0.5732511998227137
210,0.06213604341967005
211,0.709434407079748
212,-0.5198182508628368
213,1.415463044456494
214,1.420027044242976
215,-0.6729279826637906
216,1.9304119745186017
217,-0.6315888000600693
218,1.7912701678044027
219,-0.26635864047409696
220,-0.9251572806309207
221,1.9419539480498345
222,16.073366345890108
223,-0.9186962376304473
224,-0.7266368244469172
225,8.041160521196991
226,0.3024239145791654
227,-0.7349393333438856
228,37.4616717523737
229,-0.9347762206505558
230,-0.780154151898351
231,1.8832402028236137
232,0.43124842658548657
233,0.23406999729589417
234,-0.6469381042882614
235,0.2361945126305316
236,0.8094845087289873
237,0.6150682726099082
0,4.28336326947013
1,-0.46579603020735194
2,6.1146721080773645
3,-0.9683227800568184
4,1.0819864459091981
5,1.6012280660853273
6,-0.7184284805510959
7,-0.12910234379083518
8,10.425223311950008
9,-0.8117695153715841
10,0.13226303131157535
11,-0.7757375374878821
12,4.670521219689728
13,-0.293815031387053
14,0.6212287767091007
15,-0.4909494811646783
16,1.1071072574718719
17,-0.49974587565264295
18,0.7563663378893304
19,-0.5065562802311647
20,-0.8168826240373532
21,7.635589765068088
22,-0.4068771227061624
23,0.9528997112726465
24,0.05813883991132185
25,-0.7486537613287823
26,1.2068561452417073
27,-0.3208272313688275
28,0.48218641352585667
29,-0.6298816180608908
30,3.5350085206018145
31,-0.3065452768763166
32,-0.08943828150366873
33,1.0209421257693623
34,-0.64854620425539
35,0.8003452071286905
36,-0.048245589951602885
37,0.5969754325172221
38,-0.5622692708268653
39,-0.3889197670335153
40,2.058601392623247
41,-0.6343215476279771
42,1.7957902572458346
43,-0.5455068360532263
44,3.1406593676995573
45,-0.5941663107037942
46,-0.15655860162137336
47,-0.22067555632503466
48,0.029900435160271854
49,-0.036291788019380156
50,0.01692973451995239
51,7.5951936580625805
52,-0.7294407615162333
53,-0.4575548472425486
54,-0.6009314703333388
55,-0.2728274395927526
56,2.18944339591443
57,-0.5902027958301213
58,4.829913013566184
59,-0.6986906406646551
60,1.74160975156759
61,-0.9002669446302265
62,11.697527986997455
63,-0.5340809382058244
64,-0.3008752179402814
65,-0.006035279430194662
66,0.6554155363666512
67,-0.20290967729078824
68,-0.5069658269059076
69,1.300656184656086
70,-0.3357528020401177
71,-0.5283923067425544
72,4.762334760180379
73,-0.8144398174314119
74,0.6971117209120341
75,-0.14987615638853857
76,0.010654369589154333
77,1.9286340596402742
78,0.3238919976751913
79,-0.7627412299596634
80,-0.1974114355085953
81,-0.49391913360853856
82,5.519804400600912
83,2.1727743942400655
84,-0.8751156936435882
85,2.2785018324649986
86,3.207210236476689
87,-0.7909026788092467
88,-0.46811810599799764
89,0.3498486075494813
90,-0.07660132543817955
91,0.05560326046312292
92,-0.3574591166926807
93,0.20248500349007692
94,2.963062276866464
95,-0.27930704843271936
96,0.3272487209004653
97,-0.8083581716141419
98,-0.13172604597080595
99,8.084194759912181
100,-0.967541262174374
101,2.9600860786625547
102,1.4310829615507767
103,1.6940334453967267
104,-0.6634777282977666
105,-0.38702371868759844
106,-0.4907067779641523
107,7.677259944131803
108,-0.8013073794173438
109,1.1395214215840648
110,-0.08359008584023342
111,-0.6024074539974136
112,0.13263392827254683
113,0.7723312533830835
114,3.5257428702545583
115,-0.5281778663217604
116,-0.8181281971065378
117,0.8542536194127686
118,-0.5287562065878075
119,1.8267840161055382
120,-0.7097556881459973
121,1.9553330249329561
122,2.770367123565179
123,-0.8470548327734115
124,0.8478596907821794
125,0.07851979199908499
126,0.6521818881952464
127,-0.5888237527814357
128,0.9689038447693363
129,-0.236180420071207
130,0.9963490346180841
131,-0.31722586871434655
132,-0.225142949203037
133,12.38506055596873
134,-0.9292093619492647
135,-0.24767715698795212
136,-0.3358692324661532
137,0.5361137468334964
138,-0.45918011856625673
139,2.386779118105362
140,-0.8997484732115908
141,4.402971824360473
142,-0.3956076549030275
143,-0.34958391448905324
144,-0.13449379925560467
145,11.526608225395504
146,-0.7139943503508518
147,1.384747240962584
148,-0.5405499361266646
149,1.5194968239678537
150,0.47312626207450115
151,-0.6304319297653375
152,-0.5991824762818556
153,-0.34198219759654525
154,1.236211262698474
155,-0.049453074115534346
156,-0.7781449598386085
157,4.669049297772966
158,-0.16219488404812665
159,-0.6899156779146626
160,3.052212526613043
161,2.6260491876441803
162,-0.7315234700514592
163,0.8689023093752843
164,0.38789429899320216
165,0.4035462247025521
166,-0.8075358774284829
167,2.427055091216969
168,-0.2375701534748641
169,-0.25800282811157915
170,0.7569414180315948
171,-0.7131650403170289
172,1.2740283101581902
173,-0.4480311515876845
174,1.7329227669057374
175,-0.3941860548759827
176,1.3096248791950202
177,-0.8782219191568499
178,4.410674248485546
179,-0.7567237729618159
180,-0.6740392275113876
181,10.391782802692198
182,-0.5857197374240976
183,-0.2498501154531375
184,-0.04990907570698633
185,-0.6310819133401961
186,7.743625463033794
187,-0.5219806654496024
188,2.1940866105978047
189,-0.9185642992420584
190,0.8104352591752113
191,0.23162453328232635
192,1.5636965609675668
193,0.35359510195715504
194,-0.2971564754635293
195,-0.39274275904961653
196,1.493366366822249
197,-0.41454349455942197
198,-0.9317470937387263
199,0.9041361640319028
200,9.453735318954216
201,-0.9254784237759347
202,16.639892134578933
203,-0.6295398106960282
204,4.448958571107178
205,0.4290147690870201
206,-0.9163812875657386
207,1.5567995037726585
208,0.8279467965860019
209,-0.9375557338033103
210,3.212893577791707
211,2.835106179937658
212,-0.5535548329951301
213,2.053437164644141
214,-0.5498043446445081
215,-0.14328356392704378
216,-0.237987085346127
217,9.772583057136805
218,-0.8596465292174671
219,0.7082516340816618
220,-0.73547818885906
221,-0.5850908230986414
222,-0.1787641104691572
223,8.142063440769778
224,-0.4846227275512992
225,-0.4475430122828459
226,0.5518821297877208
227,-0.03234236510115884
228,0.017401797421200182
229,1.483849403679708
230,0.026155985384975988
231,1.6716977800549127
232,-0.24804029601868138
233,-0.4451113501383338
234,0.11948603180596717
235,-0.6875123697814534
236,-0.648130759031093
237,0.7704392787894343
0,-0.1243832129217266
1,-0.3171700584684801
2,0.6024712397612317
3,1.5560789973247777
4,-0.702482738710887
5,1.2403456524211691
6,-0.4448026478487668
7,-0.2235562209538252
8,-0.659512290301244
9,-0.3197294825344157
10,4.866713797540441
11,-0.23600583624804838
12,5.688602110686567
13,-0.7317849448474719
14,-0.13678061791759433
15,-0.43428262095113734
16,-0.2191619056568872
17,0.23932230727194725
18,1.7833751327020178
19,0.9281618881712637
20,-0.5702137470719948
21,-0.5938985941191932
22,4.43977350403434
23,-0.8238745879949636
24,-0.3490378169656988
25,1.5580073048107157
26,-0.22114159239832798
27,1.8526110267212466
28,-0.7398081400046801
29,0.3456341901109168
30,1.2986621123974467
31,-0.48781224108718324
32,1.6313035211843285
33,-0.4474974229927451
34,-0.6038544743297606
35,2.835224999596495
36,-0.5160644609219167
37,4.450708082232469
38,-0.9332980392550895
39,0.4895193463397245
40,2.1392712662749793
41,0.14542938953175377
42,-0.09261316983136925
43,-0.4473095852482687
44,1.1822937008626497
45,-0.31239461341822194
46,-0.4872124913169237
47,1.5501866362551842
48,-0.550438649345499
49,-0.4696142190417365
50,0.44379518397473827
51,0.5868853977295851
52,-0.3835747288964323
53,2.139409253988673
54,-0.928297039602504
55,11.42116730850102
56,-0.6278255877998524
57,0.17609434415517033
58,-0.1588707796641171
59,0.3887860596833561
60,-0.4141601603997631
61,1.0427761823620467
62,-0.35138002187838135
63,0.31261457040636853
64,-0.08759614456998277
65,1.882579214843362
66,-0.5328472979505345
67,-0.2975548977783993
68,4.68599978541118
69,-0.5462357004227718
70,-0.4388137108156088
71,-0.47495352186401874
72,1.975050275765486
73,-0.015504989598156604
74,-0.2582217170557064
75,1.0446031358975145
76,-0.7463529390454329
77,1.5323862004001136
78,-0.5650869335703853
79,1.1821030424345986
80,-0.6781998188013637
81,0.595784097851747
82,-0.43703198434753443
83,0.7978180819520573
84,-0.014196727687377453
85,-0.24143799533957455
86,-0.30688331437285377
87,-0.058897291378338434
88,0.508091902780609
89,2.9878003581775725
90,-0.5826101433983886
91,0.34111963029093584
92,-0.9333624328084236
93,10.344039072888963
94,-0.40022486065006857
95,0.7724289379027787
96,1.4503010419719997
97,-0.12654418668785739
98,-0.3590526211869517
99,0.09118210549569405
100,-0.6958832268988427
101,-0.49870082589340103
102,5.820629617876097
103,-0.518582030337156
104,0.27721379195573426
105,-0.2339858251885779
106,1.5006827212335172
107,-0.48834628249424417
108,1.0374679774609574
109,-0.2903693075625322
110,-0.0059013605239619515
111,-0.4303873176746802
112,-0.5093492218140271
113,0.508963161372286
114,-0.07589883940173381
115,0.9345428654258996
116,0.6083999742683057
117,-0.8293693396926121
118,10.65939259681466
119,-0.8304932141618225
120,-0.4783243072752167
121,1.629993468637168
122,-0.6700305030484897
123,0.13446792904435223
124,0.8059900821970531
125,1.0817280427725198
126,-0.4226778677513515
127,-0.5168398333147488
128,11.625818552461594
129,-0.6829699579673335
130,-0.7204954972707835
131,0.4430829306668682
132,2.2283393448099154
133,-0.5785761037138041
134,-0.23872194348304254
135,0.025715772252311364
136,0.38080098060315826
137,0.4334496493560467
138,2.9519560926303807
139,-0.9365202061953337
140,0.5262965438692404
141,0.9125756226056638
142,0.2978665944008734
143,-0.22924636423428857
144,0.3758890044224985
145,0.11651830288637166
146,0.4591931323091485
147,-0.6332099577298445
148,-0.312032143273718
149,-0.24649434855712737
150,-0.4353721408372594
151,4.471295057855396
152,1.0543753231741966
153,-0.4642915734084576
154,-0.7426627140813218
155,1.906096856705208
156,-0.5364114745228332
157,2.9979538408572215
158,-0.4396923138443858
159,0.171629975336288
160,1.0377218685424565
161,-0.15895945632045916
162,-0.32568593942141744
163,0.3327830073360867
164,-0.5369239751931283
165,-0.025285323865190112
166,-0.42762606039598094
167,2.073195213704479
168,-0.5760601112775272
169,0.9572909336224773
170,0.02541498651592522
171,-0.6395780267297673
172,3.2204219253248603
173,-0.9088520986565152
174,7.412720585029394
175,-0.5476842904475498
176,-0.29234358402340643
177,1.219613590459522
178,-0.8982547446265168
179,11.123122480664374
180,-0.5733514547247851
181,2.623634049294897
182,-0.6867854151899944
183,-0.10802813641052689
184,-0.021955267808983492
185,2.267898985664763
186,0.4552540583136566
187,-0.85935482536917
188,1.213880403852368
189,-0.8688760716196761
190,4.878807197244401
191,3.1391472212509264
192,-0.7133703191863696
193,-0.3847241340137322
194,-0.35431599585807927
195,0.47049545991877784
196,3.5970884569213304
197,-0.6861300471258713
198,0.4253884636835994
199,0.45771127983865534
200,0.10794428419642754
201,-0.11189865981109015
202,0.34139638630537306
203,-0.7298827014818945
204,2.945832007458313
205,-0.03983016150090313
206,-0.7051210960772644
207,2.1259984012552335
208,0.14339346368075412
209,-0.7302550484293284
210,0.12256207852920253
211,0.14074494497198287
212,0.27766015994216575
213,-0.23748018118268222
214,-0.15472975146451395
215,0.6500082614516567
216,-0.40994549276666736
217,1.4479662406208593
218,-0.011687846172863225
219,-0.1410110120042335
220,0.19559380150195071
221,6.71752985557666
222,-0.6719126154048802
223,-0.7809804303984527
224,1.3945996996670589
225,-0.821714379460323
226,2.2116544700718546
227,-0.15868078207178749
228,0.3142305860040273
229,0.5482670422513438
230,1.1830968628372318
231,-0.4065574951486761
232,1.4661838911716414
233,-0.8364376778069028
234,3.228710875100652
235,-0.9745432996029554
236,5.468650106556021
237,1.0145424337424953
