day_index,return
0,0.15052413246524887
1,-0.3300542784455902
2,2.2038600111694824
3,-0.5182122820493863
4,-0.22369688972868496
5,0.1775287334612996
6,0.28591368274269713
7,-0.4806808620721532
8,0.28633551060818996
9,1.3231613566178364
10,-0.4755507059537939
11,0.7151934913902451
12,0.07255788598980617
13,0.5929544297097764
14,-0.2594077865137425
15,-0.8822759844076615
16,5.657765798831806
17,-0.5555300861294672
18,0.1949656002138691
19,1.1148011489890504
20,-0.8364030137163753
21,0.09359692128948782
22,0.5634240849468903
23,0.5502357753036331
24,-0.04590306278884415
25,-0.7317041469773817
26,4.597214201752496
27,-0.6669484036143367
28,-0.5336056915529794
29,1.0581906231483802
30,1.7698884948156608
31,-0.1736833763621175
32,-0.040078178328530334
33,3.2872501150834967
34,-0.9072424076584087
35,0.3073876202872903
36,-0.356325443052517
37,3.577244470581456
38,-0.4492596246740487
39,-0.09066661575629231
40,-0.46599398988829266
41,4.607885303369729
42,-0.3918484088401868
43,-0.04925658346575612
44,-0.2705308126253878
45,-0.6925002484048242
46,0.6038546380073695
47,0.2922570852416462
48,1.274114447053817
49,1.8726857765269673
50,-0.40726455311277043
51,-0.7420607592879644
52,3.040099418609975
53,-0.7872041291898173
54,5.326324552476267
55,-0.3935999117255249
56,1.1895647439236234
57,-0.8460617457040945
58,-0.12605034253660896
59,0.31832297803756826
60,0.16871817278091528
61,0.6027077550783959
62,-0.2355014206871402
63,0.7785130571847074
64,-0.5953163230231001
65,-0.22899284061217895
66,2.5899740098566224
67,-0.46650851000029847
68,0.3086325477253642
69,-0.397659825430446
70,0.041907493949126184
71,-0.45108181901409794
72,1.2187425771626699
73,-0.44658944906490017
74,0.798520714615246
75,-0.7798461742891786
76,50.52591819419169
77,-0.9403298199703388
78,1.0364077288883085
79,-0.17487653919182655
80,-0.37960222344731964
81,0.219564025875284
82,-0.6145664112352157
83,3.160331213401534
84,-0.3911026381010191
85,-0.6208480897733047
86,5.065642846503001
87,-0.8757690169184414
88,4.64455206039043
89,-0.03622467945310026
90,-0.5603955759639433
91,-0.051045020052799206
92,6.861310445158025
93,-0.9717025564402393
94,8.150739540677153
95,-0.8461124022348375
96,5.4600428437672575
97,-0.5995698638006309
98,1.1029042685733113
99,-0.16247674160465597
100,1.547538573638561
101,-0.7570875194034594
102,0.14314363433622734
103,4.687225866892702
104,-0.05674345388033997
105,-0.9032279797328939
106,5.846723696204154
107,-0.6064425563194269
108,1.1692508625870817
109,-0.7233390758678278
110,4.739419956919452
111,-0.7390172375658477
112,-0.3497026137045999
113,5.744370400079613
114,-0.8410517813816131
115,0.5254933603554759
116,0.6195981408853286
117,-0.4435582217149654
118,-0.07953168202908367
119,0.2935444820146993
120,-0.5199456147345354
121,1.5108476408021718
122,-0.49859541223248416
123,0.5502285438469601
124,0.23091976941506176
125,0.30981884105190316
126,-0.8543844040325034
127,9.055510060229663
128,0.12411232697315411
129,-0.31947290393791883
130,-0.43956445931828414
131,1.6952982859902193
132,0.9187773878341783
133,-0.8509318683911025
134,0.8716379461261374
135,-0.3393246782507704
136,1.9298791747902695
137,-0.9102251457145669
138,10.278450962378413
139,-0.748180489426287
140,0.638832587176515
141,-0.7319198842754473
142,1.8249163869163354
143,-0.5788346589822326
144,6.497677911902318
145,-0.5507335187956834
146,-0.24086994825014418
147,0.852705779266475
148,-0.30094633114379277
149,0.30185289491144784
150,2.298934795880801
151,-0.8448077472976752
152,0.18590559260303796
153,-0.46667858602004775
154,4.044035043847233
155,-0.02810296848063598
156,-0.7804503903672619
157,1.5670770515369927
158,-0.18429071325197488
159,1.0032557778916016
160,-0.4702818906620385
161,-0.2876520532480136
162,0.24094053322098374
163,1.5897923926664652
164,0.043590521548275474
165,-0.37448914396468236
166,-0.6428714074362033
167,0.5392205080498311
168,1.3572599552846363
169,-0.04636072059574381
170,-0.5746460141337293
171,-0.6338697509765625
172,0.047842191229467534
173,2.240720231708922
174,-0.6409159167662961
175,5.304621414234269
176,-0.5848673372399964
177,2.506975301638562
178,-0.8720725549534206
179,-0.289420325121845
180,4.664670029759893
181,-0.6909583636858421
182,0.7238848118349135
183,2.2773862112304517
184,-0.8417943483644519
185,2.4178895978284194
186,0.41464070876730563
187,-0.4827582786554282
188,0.9615822742250579
189,-0.7256278652313184
190,0.5694656663444062
191,0.03351194028443949
192,-0.5457185921280248
193,1.4962690847764053
194,0.3105966259775106
195,-0.6963392945829839
196,23.791900560813172
197,-0.9372380915476498
198,1.58572290115282
199,-0.7467951418263361
200,2.1008239772639414
201,-0.5309498120386806
202,0.167340504935938
203,1.8531587901194047
204,4.693666865992748
205,-0.887309650322287
206,1.146536875940396
207,-0.803274060033706
208,-0.2145039726206791
209,-0.09940092755074537
210,2.9559701089406314
211,-0.7820060024931528
212,6.589211902628204
213,-0.28009778797998264
214,-0.6783630289170441
215,3.9237266803470785
216,-0.6299022555906413
217,-0.4116644944537575
218,1.141567718794319
219,-0.2696614152673278
220,-0.27933290195053706
221,0.241364365421322
222,-0.8202356076020372
223,11.346363848497898
224,-0.09493064086741132
225,-0.6435531152445595
226,0.32161946090759175
227,-0.47438433723823004
228,-0.15106320036310872
229,2.1018330706813253
230,-0.7473610652733869
231,16.44907588439287
232,-0.8629471414856085
233,0.9565384204852294
234,-0.5103787399909329
235,0.047089443276506326
236,0.20536390498187918
237,0.7728592684177533
238,-0.6005091290429682
239,0.00940340562986286
0,-0.7211138732825907
1,3.2731022874469105
2,0.3637553808472658
3,0.27456840970076124
4,-0.9522398714126719
5,21.384792190573382
6,-0.9806121886280027
7,8.037814056164995
8,0.16658432637918374
9,1.280305512203268
10,0.46805562779685217
11,0.6343545094096015
12,-0.5248790407172765
13,-0.5709944705275631
14,-0.4670407227482236
15,4.924765227701371
16,-0.6135894859890119
17,0.33160752694553364
18,0.43774961011450775
19,-0.6950005914521128
20,1.089011239286057
21,4.362485209266094
22,-0.913394306429059
23,0.7876613645506947
24,0.171345545061381
25,-0.11193763295096781
26,0.009613709787543723
27,-0.7288655871418456
28,4.669271652336353
29,2.9870918537803717
30,-0.8960330083338693
31,0.9609653107727469
32,1.2252401931621546
33,-0.5811669425949748
34,1.417366643883716
35,-0.2084023906116491
36,0.6520078871336863
37,-0.8535431176769156
38,1.8868505199079642
39,0.38431805559426624
40,-0.39153055659570035
41,-0.6132250258802195
42,1.9494875300661025
43,0.3594310991790417
44,-0.5181037795830423
45,0.6373349606629557
46,0.6840511295368183
47,-0.8866547387707927
48,-0.1998004399275971
49,4.889375712133525
50,-0.3298046874921218
51,1.9485988384905002
52,-0.8081573846132999
53,0.14208418440421045
54,-0.5510474553516478
55,2.725466079181857
56,-0.44139087700756874
57,1.3609776030649767
58,-0.596701879413541
59,-0.16262281989667016
60,3.018170860687957
61,0.46888776791478914
62,-0.2806101027847909
63,1.1372967637642062
64,-0.21196773336773456
65,-0.5956370100695261
66,0.17259795613739182
67,-0.26982434608218964
68,-0.3783656773351206
69,1.8482305553096596
70,-0.7388008110580886
71,2.1499673743229306
72,0.44881186832373965
73,-0.7928136255726581
74,2.337743748625023
75,1.8675057368617267
76,-0.6489951303694408
77,-0.24643497358332034
78,0.2099823329947499
79,2.576707038687836
80,-0.773692568783067
81,1.6372854650883921
82,-0.7245607825521801
83,-0.13046355766145057
84,0.7845216628613632
85,-0.2607543731251257
86,-0.4850785663647639
87,2.7953554147060684
88,-0.3917486244947095
89,0.41120428217911975
90,-0.4411950462748978
91,0.01781659936584501
92,4.709044081374974
93,-0.7318451408250217
94,-0.35419153377182033
95,-0.1967706009281378
96,-0.5098548552071587
97,0.03505967577202829
98,0.3795154160994796
99,0.3589167823122019
100,0.7256549032874993
101,0.4927411601171712
102,0.009212630379660913
103,-0.3333151965292105
104,-0.11775821226180994
105,3.671822145883013
106,-0.3726976539025254
107,-0.4210065789518047
108,-0.10788558064466625
109,-0.5773076236071386
110,-0.012862402974797793
111,0.27654046114528863
112,4.111569504082729
113,-0.32353543587851885
114,-0.7473858366059456
115,0.19647842354457423
116,0.7481587160208918
117,-0.8504729242376278
118,0.5131167166407762
119,6.537826657453652
120,-0.9040065409811844
121,4.168320337787395
122,0.19935225520664424
123,-0.7843737809517441
124,1.7937641242659939
125,1.2618867361651076
126,-0.4906610644437652
127,-0.10556054703143614
128,0.3444106225490189
129,-0.1335564903219676
130,-0.07394613819572149
131,0.5769766451256049
132,0.2808865354769492
133,-0.4555552626806486
134,-0.4031927561254499
135,0.2085902744526109
136,0.4225267691446888
137,0.012277248930684825
138,1.4088936690082634
139,-0.43232032789174035
140,2.840786046807935
141,-0.9532327099724641
142,6.641448436554358
143,-0.7394064523675241
144,0.621982509033413
145,3.2910625500892055
146,-0.6529681795358067
147,0.2061088836735594
148,0.34041537548595047
149,-0.4299852776675026
150,-0.6075307689659142
151,2.6418015790984932
152,-0.22777335801330478
153,0.47495491350082064
154,-0.4580948013020997
155,-0.12103781225034016
156,0.6594845618436671
157,0.1039212036608761
158,-0.3136400739692402
159,-0.37040884006313524
160,0.10804932313274507
161,1.7571557283227346
162,-0.18843588895891483
163,0.878197183560492
164,-0.3771433521079127
165,0.4762417934189267
166,-0.334441228228439
167,0.9780773233162896
168,-0.2878416863496467
169,-0.7728607751718802
170,-0.5569880181149194
171,5.000678896243178
172,0.14531764525416757
173,-0.3496176642832144
174,-0.5782236221495017
175,0.7075367555589527
176,2.276333504786443
177,-0.10994171351010296
178,-0.5851640433294538
179,-0.25215178056849297
180,-0.5200204800521856
181,8.593920434213588
182,-0.8617413766428346
183,3.6426915964385467
184,-0.9097681245552857
185,0.9535753125232538
186,5.793627188458159
187,-0.6245903517871152
188,3.8602377925605262
189,-0.5784174844391574
190,-0.28178532234428155
191,-0.23667274781954528
192,-0.6760549937171898
193,0.2752303145271653
194,4.263629513510923
195,-0.42844649799491774
196,1.5405953678793045
197,-0.3854859427358339
198,-0.6461744416614379
199,1.5114475339837568
200,-0.2676064986024398
201,-0.5559785383580167
202,0.9463250290867931
203,0.6542044409676968
204,-0.7824390712524516
205,1.6343525419812255
206,0.46274197785302906
207,1.102974107973551
208,-0.9282582191905443
209,3.7191976232890482
210,-0.11096464937674222
211,-0.5556408795129129
212,2.397679145276231
213,-0.4073263075979866
214,0.010937120223565966
215,-0.712779265133276
216,3.368412010155983
217,-0.09358490233609551
218,0.6662623568781814
219,-0.5066344457433754
220,10.4615340734961
221,-0.7085079430824264
222,-0.18486077474132456
223,0.5612073402153102
224,-0.47915399594857444
225,-0.5095515449464373
226,4.953232509507946
227,-0.8321127697767425
228,-0.654742336609809
229,5.906742269016396
230,-0.7525368581819206
231,1.566861007819925
232,-0.8349053577409127
233,17.259172079265472
234,-0.8676593467904028
235,7.73645342082636
236,-0.9614768901634669
237,10.82250808652261
238,-0.1789937323067674
239,0.8773128747045005
0,-0.05101883974531629
1,4.289959036484481
2,-0.7366997774894615
3,0.1527277243275893
4,-0.18937799691683688
5,0.48733424258886027
6,-0.19880751504281247
7,3.290379224479805
8,-0.5341957654029535
9,-0.2002297979953721
10,-0.11249954565406106
11,-0.08490807582903837
12,-0.12601825839130198
13,1.9407056187765916
14,-0.9195148862120093
15,3.447721518662692
16,-0.05081543441890746
17,0.735497219800139
18,-0.5643389865822017
19,0.0004623582835392437
20,0.02595583848109828
21,4.301379442736061
22,-0.8371342789109356
23,1.7147573500097608
24,-0.4761166511741305
25,-0.677546821598604
26,1.758165946695057
27,8.437304806445097
28,-0.9145394859106176
29,2.4379795983308
30,-0.7655370959941968
31,-0.0010862457161086025
32,1.2316100269230423
33,1.1151120670062307
34,-0.9444226277928951
35,1.793412692556263
36,7.259314238842652
37,-0.6233585442336871
38,1.1455868684681354
39,-0.9745494413942609
40,7.039594569217289
41,-0.29210464608178965
42,12.84946373670647
43,-0.8375023349515126
44,0.47458749187414395
45,-0.1514680653043231
46,1.1608982480925403
47,-0.72264370698092
48,-0.3619774579706341
49,-0.12019051526850189
50,0.7796718694415727
51,1.5894515908363251
52,-0.2159144418330189
53,0.5384931975110523
54,-0.6847594550038767
55,2.122804104453909
56,-0.6364572073322399
57,3.5259677948905424
58,-0.6325352752394933
59,-0.4093152258330214
60,2.5797542375002265
61,-0.3142107559041699
62,1.2077644439316586
63,-0.603461426147124
64,-0.7668487657457674
65,3.2884810176613586
66,0.7125706497163571
67,-0.6387863867716819
68,-0.12359646276859426
69,-0.5253364758511535
70,0.10694481659448818
71,5.5320182251961265
72,-0.7227159205896133
73,2.5425469364347038
74,-0.3915315442633204
75,-0.8979166856244521
76,6.014777904914717
77,0.10580929318494858
78,1.050851117639103
79,-0.8412502751632636
80,0.5089105715494413
81,0.06501282308931211
82,-0.10625995146285294
83,0.24445163073402676
84,1.5432300236256187
85,-0.9236123274684542
86,10.42589401398281
87,-0.17855362772227534
88,-0.7290196800630573
89,1.8998253237086251
90,1.4348126283659557
91,-0.8802804195474945
92,1.0883668018114707
93,0.4916426695206584
94,0.5805754646880437
95,0.7312633734618486
96,-0.8814832415688658
97,2.2904239559310637
98,1.2075174478611235
99,0.3256249132558551
100,-0.47202353512117634
101,0.009768626412584025
102,-0.6656437789979132
103,2.57776605972278
104,0.06512059124330927
105,0.3076466824784858
106,0.21139177913186402
107,-0.6276740739540405
108,0.29669180982876364
109,2.5843033227204506
110,-0.8134016222643732
111,0.8899404178026031
112,-0.41801556953289287
113,-0.4961302274111077
114,-0.07653428118487926
115,-0.42933122300329163
116,-0.38540308064844153
117,9.788904354415545
118,-0.7086471497808389
119,1.9609466594613303
120,-0.21959989219466924
121,0.3568959637173532
122,0.8309492459479932
123,-0.8325376256274537
124,0.06008145684650068
125,-0.17389715667477035
126,2.5961546261167006
127,5.970818592206083
128,-0.9639912990536198
129,8.46788062801184
130,-0.16632978630656703
131,-0.7206136284992907
132,3.9383130363958667
133,-0.7330004073258162
134,0.5802373760094874
135,-0.5492308044284152
136,1.0611564177172967
137,-0.4204128880780026
138,-0.030580830146031635
139,-0.5577444039588014
140,1.9380638712068223
141,0.41556259513639215
142,0.10261047842325688
143,-0.7700507369862264
144,1.0459580381801246
145,-0.13502417005093992
146,-0.01827928187200001
147,-0.340574715309791
148,3.175207924206058
149,-0.3985391689272737
150,-0.12969853703951917
151,1.2984593670255586
152,-0.797285033477066
153,-0.1345441263351177
154,0.2308958112465016
155,-0.4144632556018918
156,6.506729839308
157,-0.5799488766914374
158,0.16579568252228727
159,-0.5511253833742944
160,-0.6571359454486803
161,6.64129649603056
162,1.3324455137987887
163,-0.404553736613133
164,-0.4351989356009185
165,-0.36591893890561833
166,0.8755825597112163
167,1.2229026419323827
168,-0.571239001981538
169,-0.1528030401831405
170,2.6770802905733713
171,-0.6757978173851584
172,0.6120896514413856
173,-0.3467836428090133
174,-0.798470327073812
175,3.2546545750323537
176,0.28954860680698746
177,-0.20530959605626609
178,-0.4523416136970093
179,2.941659539517639
180,-0.22303060587833368
181,-0.8423111222577964
182,1.3411051354788088
183,0.10449261373936136
184,-0.24338798144071294
185,0.03876486325501194
186,5.9244552512467585
187,-0.8457110177002647
188,0.8472085986264084
189,1.1244810210697058
190,-0.7250646195671384
191,0.8880576537083413
192,-0.7063170806838439
193,0.08470042210906792
194,2.5785529704709775
195,-0.10442915521678597
196,0.2766086236430707
197,-0.7367964964114
198,2.4294674727133927
199,-0.0128218360199992
200,1.255665363078629
201,-0.7629141466913734
202,1.8444594073606524
203,-0.6360549526800532
204,-0.2907698772228148
205,2.008069140305465
206,1.9331910031606263
207,-0.6168953607785934
208,-0.8711061546911207
209,5.94857998066933
210,-0.6833044755618899
211,3.77998763729088
212,-0.46889325340288335
213,-0.3149434384678127
214,0.44803866815908666
215,0.04211137883948757
216,-0.4096700123838882
217,1.5543533330643706
218,-0.7146803281895677
219,19.748659558475374
220,-0.8805210258000482
221,1.4526328512306468
222,-0.8312970963964422
223,-0.1037250510900457
224,2.437464531106447
225,-0.6094261769296041
226,0.2689176412256089
227,-0.3018696543435617
228,-0.3787413408885246
229,0.6083311831884328
230,2.3997257226315583
231,-0.7989782312458519
232,3.0880481251271377
233,-0.7769914802955146
234,1.191355806549335
235,-0.1268312139732114
236,1.1564149216064146
237,0.04268904849674038
238,-0.6833704659783166
239,0.11895691631351513
0,-0.8597524647315753
1,-0.03954934690224021
2,2.0575167661448495
3,0.7835250139271712
4,-0.38053477683905546
5,-0.5120410224931753
6,-0.715202782710943
7,14.112429300002193
8,-0.5843535773583055
9,-0.2168827123443513
10,-0.1809948331401099
11,-0.11316403930209118
12,-0.02754155471763009
13,3.4625709045688984
14,-0.7978418511498632
15,-0.32732467450288427
16,2.2545278206993973
17,1.0902163665811586
18,-0.16778397912346665
19,-0.12788716723988047
20,-0.47562033256986014
21,0.4709571890312101
22,-0.44197980938519155
23,0.12191417668840909
24,0.017476095363900157
25,0.37484660815464665
26,-0.00643558440088432
27,-0.3741701520335641
28,-0.07212693014360849
29,0.7893128728854581
30,-0.5484169792931943
31,-0.18075434167966686
32,1.2397969040628736
33,0.6378215401244507
34,-0.7261450720103599
35,6.99406845359431
36,-0.6560416446464432
37,1.4931024310197007
38,-0.7183140374164405
39,-0.09773662672238437
40,1.317158151086005
41,-0.4838431962396884
42,-0.10715333413451578
43,-0.8314711632591376
44,8.01281699206215
45,-0.780148796754069
46,3.7423103883438484
47,0.1048240846088564
48,-0.4716790844729887
49,-0.5609361660296226
50,5.264878133012906
51,-0.7545438693319687
52,2.9780041596494
53,-0.7141091527953096
54,-0.14161348624000702
55,1.0312359545885514
56,-0.05316763626368004
57,-0.3692578606705714
58,0.27385787579235377
59,2.9840061353167338
60,10.990525766215702
61,-0.9852952013684669
62,2.819303980799352
63,-0.6272026829733142
64,0.1096794886712138
65,0.0851202188075193
66,-0.21434105523785885
67,0.16911594173067357
68,-0.6586023237614145
69,0.24725458861818006
70,3.6510262709332055
71,-0.8280482440453072
72,0.7154747925055422
73,0.2378310921515716
74,1.4517146873911027
75,-0.3768657221184548
76,1.0365781710914455
77,0.3011961999195216
78,-0.8355414277269372
79,0.12174938651510758
80,2.652512263287566
81,-0.4214250588171623
82,3.4375014341245462
83,-0.9287435507995183
84,1.4288279652694387
85,1.4118315656849898
86,-0.25921664882552264
87,-0.6836435893528774
88,-0.48954160961701687
89,1.0286678928922024
90,0.55981904405797
91,1.2753721555992001
92,-0.7207626281494042
93,0.9462402177976186
94,0.3670941425326295
95,-0.4840025418756746
96,1.8015850210323836
97,-0.46927635663084966
98,-0.12645112000784775
99,-0.4980950951174208
100,2.139573226731062
101,1.0285762668221592
102,-0.9423631277254415
103,10.085979154398267
104,-0.366269415048486
105,1.749582403251205
106,-0.5662879301788051
107,-0.21633907199025348
108,1.5630969680512203
109,-0.2131753546785683
110,-0.4510731391609899
111,-0.26651672718879915
112,2.0302523589622656
113,-0.585253066311025
114,-0.26060426634750844
115,0.20107623213632797
116,1.200247736572864
117,-0.839416500103233
118,0.7891322374165017
119,0.3612809449125458
120,-0.05050284004752181
121,-0.5685047143332321
122,1.3168550188142167
123,1.542922767883812
124,-0.3669759040840721
125,-0.7311814363333142
126,6.259621359162749
127,0.7325490743172269
128,-0.9447978254918771
129,3.780847395686054
130,1.7137963509717458
131,-0.565966402428333
132,-0.5277318703481495
133,0.08707463162801199
134,-0.19221095540062227
135,0.7121057560543931
136,-0.34264553603360826
137,-0.05962091329791752
138,0.5457204714488912
139,0.49889864147494745
140,-0.5512988651947341
141,0.005487886119634355
142,1.2136157493683672
143,0.6913407650247354
144,-0.7450522043689113
145,0.16623587896457281
146,-0.1332404838686745
147,0.15423506102909146
148,-0.5986473460895423
149,4.602456088073461
150,-0.48210330720125305
151,-0.7779954964101002
152,5.349119531848843
153,-0.7080787474278829
154,3.4273731487526895
155,-0.2490887360758931
156,-0.13115646295645944
157,-0.30719883267207493
158,-0.00969457505335558
159,2.680377267004039
160,-0.2578424658737618
161,14.768095159945048
162,-0.9607874941379617
163,-0.611308096631918
164,0.47851604331344033
165,0.00577143311992967
166,-0.14981744167820643
167,0.22434966279685198
168,2.270036992162606
169,-0.4776998191660372
170,0.9424969214972936
171,-0.4685506236209336
172,-0.3189522808760382
173,1.5010552393064156
174,-0.7211569685543566
175,0.40109643690442187
176,0.8624418433086034
177,-0.8161333613537671
178,12.700987685776989
179,-0.7408245027118676
180,0.4193415330011956
181,0.1746795204266507
182,-0.37314824864672036
183,1.4162110633057572
184,-0.21089500073939682
185,-0.4743478658663628
186,0.9275821927457639
187,0.539574772550808
188,-0.5477623373392755
189,0.8483620989915299
190,0.1391804907395724
191,-0.26837297247702196
192,-0.5790241235544371
193,0.9472167358739569
194,-0.8397781157702224
195,4.630965292965332
196,1.0671730678655544
197,-0.3432624021181041
198,-0.24210824459231617
199,0.3669521635587336
200,-0.24178617161594518
201,-0.4673951570223783
202,-0.1599167647102413
203,-0.606012427518404
204,0.7417133575163801
205,1.3362606227195553
206,0.6855774709447173
207,-0.5037665663086667
208,0.4270637181021415
209,0.32895348704685623
210,-0.8654874550241611
211,0.656305205926264
212,1.6378463007327393
213,-0.7288528444259529
214,-0.27489881616843237
215,3.627703824186037
216,-0.5304160638706485
217,4.380737065405968
218,-0.5744664745447976
219,3.84483440000954
220,-0.6648269018529875
221,-0.03356749636356515
222,-0.6808950159339492
223,0.5554937771844666
224,0.2767473006308223
225,-0.2800711767738051
226,0.24162883582607186
227,0.6903789610644493
228,0.00029453844279969665
229,-0.35939766693245023
230,2.033244318630903
231,-0.8856393467428219
232,0.5333492178296191
233,2.599073631923899
234,-0.5076060945157137
235,0.08436805800435399
236,0.5538706011862196
237,-0.7753052488927881
238,1.39724960441684
239,-0.3345824867656
0,0.24669391279622221
1,-0.34762421469534277
2,0.32284463369213756
3,1.1248030139714191
4,-0.5603016972662345
5,0.04218493345959451
6,-0.5350599007599663
7,1.3329467326154787
8,-0.47207613523309444
9,0.3883751765511463
10,-0.8011584581775365
11,5.085155678533827
12,-0.2101932405926188
13,0.8186068410170049
14,-0.10143659441032082
15,-0.8709347433919401
16,6.266581534370149
17,-0.2680195374952641
18,0.16051252705166452
19,0.09363889276439052
20,1.953521465218719
21,-0.18695801690025493
22,-0.5046446419927839
23,-0.166590952508191
24,-0.1564610270289032
25,2.0806995187702526
26,-0.7651091758150608
27,0.9672531302737215
28,-0.5970683009237626
29,2.224375606313341
30,-0.4439410325439521
31,0.2973417748222482
32,-0.8086150113495494
33,0.05178341414227283
34,5.727158850532644
35,0.020755819926811192
36,0.4235065766014423
37,-0.5496381814616701
38,-0.2721665375109893
39,-0.27347360927848186
40,3.8285472458457397
41,0.42447936282605525
42,-0.7061520302580853
43,-0.705740511861373
44,1.1963405246029404
45,0.7755151854274482
46,0.7920363140180315
47,-0.8171644927323786
48,2.708862515793216
49,-0.4810750707494973
50,-0.8628386313401794
51,9.863409595316392
52,-0.5165399705941023
53,-0.5850534974905724
54,6.377408366201212
55,-0.157913162600544
56,0.3852715360150527
57,-0.7076840529834172
58,-0.13690462236988854
59,1.5180286510123215
60,-0.8168142769277296
61,1.560972742033107
62,-0.30613631342231973
63,3.972336429387923
64,-0.527009580109109
65,0.7621501831458142
66,-0.3855295141709175
67,0.665333610600183
68,-0.8782329027443081
69,109.79848639834614
70,-0.9386964493495898
71,0.461464818343587
72,-0.6749748731608194
73,-0.5903771342956556
74,3.1439286612933497
75,-0.5886310488394335
76,1.8542356115880367
77,-0.8300550453391331
78,1.4964056504062144
79,0.3532156780094411
80,-0.5314008811499622
81,1.2000407971930085
82,0.7835832790345447
83,-0.3725606877474579
84,-0.20715629577311168
85,-0.5568466922288837
86,-0.1524819581262895
87,2.808602517790237
88,-0.2525283519156175
89,-0.8496626090569535
90,3.808937670453208
91,0.11921247242799349
92,-0.5866673411473619
93,5.307850665920225
94,-0.5181229335360107
95,-0.4406202412115424
96,-0.39511219469509273
97,1.455980776699631
98,1.6445113602177295
99,0.08593859663938286
100,-0.3068377903662852
101,-0.4397265713866412
102,-0.7048915861203517
103,4.412844613779133
104,-0.6141556468397251
105,1.839745584968143
106,-0.8696233528725691
107,4.953773462425645
108,0.03597962391978626
109,-0.6672751287072605
110,3.397370222454968
111,-0.33113004045554184
112,-0.2786959654709039
113,1.2625521253554468
114,-0.07090395572330943
115,-0.5124765923476812
116,-0.7285140925026726
117,1.2249794426243428
118,1.3106712100539295
119,-0.5448593580793326
120,0.7614286773603252
121,0.6152679641610765
122,0.24859317978311912
123,-0.6987054015971772
124,0.8497105327070018
125,1.1761557130401412
126,-0.3237902733236945
127,-0.7570517986610592
128,3.552690798429058
129,-0.5975175255258347
130,-0.34047508207425703
131,0.3162946931777437
132,0.5276640372470958
133,-0.7683024259687439
134,2.443127032738452
135,1.758639322424807
136,-0.761768191858896
137,0.7662264537485235
138,0.9181586153821726
139,-0.4788986783585678
140,1.3791407585485307
141,-0.33870065964095053
142,-0.2776044634502566
143,2.3838600925889164
144,-0.8898138518128513
145,0.6894818225570132
146,1.2923436345505266
147,-0.30514071120668596
148,-0.7115486787616468
149,6.722769746514749
150,-0.15205620095847272
151,0.43893453814103234
152,0.4459513150713579
153,-0.9580547228664613
154,6.247000653548073
155,-0.13714985170993443
156,0.10236035603787919
157,-0.36166748096129575
158,2.5899407786147606
159,-0.15741811148173335
160,-0.36289002864543074
161,0.5173902827724586
162,0.4868974754557531
163,-0.5948218714045908
164,0.032762802585055706
165,2.8638486486430796
166,1.073165425509305
167,-0.8785992793645547
168,1.014352419364514
169,0.4368400191874797
170,-0.36713323534530895
171,0.6032411305037655
172,-0.525850222393413
173,-0.7197266527002478
174,-0.5491696639106376
175,7.635861619690681
176,-0.6283552089501943
177,0.05266627070363228
178,0.3582909037272668
179,0.2630977900062059
180,-0.006361770034995828
181,-0.7325260923321665
182,6.383687114054147
183,0.1997681271832541
184,-0.6219866999599709
185,-0.6592026699232756
186,0.44502918549752724
187,-0.47585265321655856
188,1.79088964648589
189,-0.1460674390333736
190,0.9689978798671723
191,-0.3313795211736482
192,1.0608909975278906
193,-0.6833850618439548
194,1.6071827399016279
195,0.7091222791893901
196,-0.8610850058035706
197,4.476601487494697
198,0.5837178239396725
199,-0.6441474042912502
200,0.10047036081189242
201,-0.46806224333174706
202,0.6752765269733094
203,-0.5858443668242967
204,0.6072482648646034
205,0.077812426619424
206,-0.28677486029114596
207,0.38261927403849305
208,-0.15886582384830628
209,3.1812092294230325
210,-0.8651601517881207
211,1.0567833220123686
212,0.21524950379906782
213,2.532897661468207
214,-0.7217473107595714
215,-0.3122138127354296
216,1.3971343178566826
217,-0.5196055935871366
218,0.6761659990751314
219,-0.2740282795300353
220,0.15798520277821226
221,0.0069344382575771135
222,0.8135204571950634
223,-0.3894674678584663
224,-0.5015263168147723
225,3.649845903772535
226,-0.22055941817320646
227,-0.687496010045572
228,0.012103923891277901
229,2.363725721058825
230,0.1637741831641084
231,-0.30054305198202336
232,0.6109447656678357
233,-0.4980675552982534
234,-0.7826198795401138
235,0.9113514694704128
236,0.782148940966424
237,-0.8383443482030334
238,2.8692082114692017
239,0.2611225321547248
0,-0.5769032680229331
1,2.69952100133125
2,-0.8589901430787589
3,1.67657092106348
4,-0.5007795646530723
5,0.3835149235195583
6,1.4436687396620815
7,-0.7704715304376105
8,4.39277142785356
9,0.3054518487097828
10,-0.4390266014377415
11,-0.5829958792545302
12,-0.4788147677552692
13,1.0118792424758025
14,2.6085003252242567
15,-0.7454822756327398
16,1.9710149180102148
17,-0.663165026945787
18,1.5248399607470855
19,0.02128798258450426
20,-0.25232411493382956
21,0.2506872319615807
22,0.006301711624311146
23,-0.7612763269579143
24,2.942292797058536
25,-0.5300661759326009
26,1.3243424244444104
27,-0.3694139462972421
28,0.04291580418631802
29,0.3181562720472968
30,0.4056047212194256
31,-0.48110869749548346
32,-0.7660872291009089
33,0.7675844138155572
34,-0.5390597146685916
35,3.8718593186284593
36,1.402093263053616
37,-0.3631372172734092
38,0.31061654415645457
39,-0.021979379642146357
40,-0.4510132636020453
41,-0.21288013744970424
42,0.5833636006215712
43,-0.8322556435890368
44,2.9715548744470976
45,-0.12231619115232728
46,-0.5325903117418203
47,2.5313879022810037
48,0.058731168029068304
49,-0.7690742450817105
50,3.621558961020286
51,1.3912210897668449
52,-0.536649583422957
53,-0.7452893768278896
54,9.963827978295047
55,-0.6111802391779471
56,-0.7954694106507377
57,2.159948760138413
58,-0.28966124354704836
59,1.3911857662936775
60,-0.18182341544437275
61,-0.5615992003835553
62,5.255367053857714
63,-0.41234573710106737
64,-0.6287123580120666
65,1.9798203285212632
66,-0.0352323491706914
67,-0.31968948943166875
68,-0.7236219395857233
69,5.184409463180589
70,-0.7759034950541098
71,2.2462522732935115
72,-0.6261571175489181
73,1.4695280869789737
74,0.5006739786542425
75,-0.9191812241218242
76,1.4629905519915551
77,0.6084508400978499
78,-0.6188389183524096
79,2.731512933932481
80,1.5231804235462887
81,0.10906047924332074
82,-0.6494801650195381
83,0.25916888795820303
84,0.7712626972050747
85,-0.9578180236626829
86,29.426952738421473
87,-0.732896636287176
88,-0.4390210495690714
89,2.6046248152876292
90,-0.4489200827839902
91,-0.4057606469060143
92,1.0042926080351688
93,0.3143400331727113
94,-0.02834440695957019
95,0.11881855461905699
96,-0.4883789641595371
97,-0.13654224280163452
98,0.2377237268843977
99,0.7910424228529878
100,-0.6504299061149734
101,2.284208126143851
102,-0.8300690134161501
103,0.14715104079489305
104,3.20756806135717
105,-0.7164518106984384
106,2.3139135130745583
107,1.4296710637671324
108,-0.6766170741607639
109,0.9273473715191609
110,-0.6325585194874652
111,-0.2955271845260464
112,-0.3386534568356159
113,2.068096493341862
114,-0.5757902041564043
115,-0.7216515387676188
116,5.169177068393024
117,-0.2876291759770311
118,2.1496511129294342
119,-0.6713959339182731
120,0.029866217107056503
121,0.5691947714383996
122,1.713439410350798
123,0.24997449737261568
124,-0.6634517585333966
125,-0.8090784131995029
126,-0.16877364172004883
127,2.0889961048698686
128,-0.13626429616467983
129,1.4990195393167096
130,0.5232896913724359
131,-0.8357357699718542
132,-0.018018445861685772
133,-0.23072570251377755
134,-0.17484784970080536
135,-0.25635281558105005
136,2.84117603854578
137,-0.4511530131947884
138,0.3035105480201845
139,2.6202611466360595
140,-0.6576855674439567
141,2.936259494983035
142,-0.9328689789943176
143,138.58832536378154
144,-0.9215975356623767
145,0.23561497042056256
146,-0.697894883147678
147,0.7952544755920385
148,1.47100618826035
149,-0.40989353961213604
150,-0.766319507750544
151,0.7213776026342114
152,-0.46238046892450846
153,9.604983508440137
154,-0.8152321149784185
155,-0.000574403299741455
156,0.33232966782791085
157,1.1403554085435723
158,-0.1651997363902945
159,-0.39269057560708964
160,0.20059386560211379
161,0.45470961286593137
162,-0.11475271190527736
163,-0.4911355106864629
164,3.2848838178457775
165,-0.7065250804679533
166,-0.18190368965237325
167,-0.050651360649096144
168,0.1589863460550165
169,-0.15188488776619014
170,21.95119530906215
171,-0.9664526164690204
172,1.7058085292400298
173,0.828194547070815
174,-0.31316672769359066
175,-0.4418673368589515
176,0.5469192324750394
177,0.8429746105449127
178,-0.5973628238903085
179,0.1375842654568762
180,0.22364593577598657
181,-0.02704155769337313
182,-0.7343202716535335
183,23.89267069736617
184,-0.8545528759153421
185,-0.5157386084666411
186,0.7485892832294316
187,-0.07286492933522903
188,-0.0655229466409617
189,0.2837089165129367
190,0.38227553001557935
191,-0.14446855387113555
192,-0.419997877424084
193,1.0727116081766925
194,-0.0867632678803758
195,-0.41089433968813105
196,0.32588549816968926
197,-0.6780986519843295
198,3.1208534829638443
199,-0.6152929031686127
200,0.7226236966440363
201,0.9163345914464753
202,-0.34683439971723373
203,-0.797469770772132
204,0.19542675874993432
205,0.3784518728009849
206,0.24729638948708388
207,-0.1628627158367414
208,-0.2296431799971972
209,0.1772164166480965
210,0.5299814965754575
211,-0.701920876082628
212,2.6041945148634036
213,-0.38788454268919426
214,-0.4293856406071347
215,2.1267593687619915
216,-0.6967926365827926
217,3.4446945446338324
218,4.735491602583478
219,-0.795265101858027
220,-0.5323751677350437
221,0.7407752049379943
222,-0.2772859466176443
223,0.47230227249454604
224,-0.3646498597918244
225,-0.2173412740474996
226,3.849342262408957
227,0.20537096131174448
228,-0.8072180892396967
229,0.3597666649543503
230,-0.20522919447403642
231,2.3097622561923274
232,0.16525566277016712
233,-0.5124028855531015
234,-0.22375910335656135
235,-0.24073885812703832
236,1.1750999208713493
237,-0.35591615186382464
238,0.6641327808681721
239,0.10069778195882773
0,-0.3325216195938502
1,1.6567994199216027
2,-0.31730982262119034
3,-0.4602058584272525
4,0.2534373778633541
5,-0.5028527457317467
6,1.076221656852847
7,0.04252484415026814
8,0.1800838232231301
9,-0.4486250556569239
10,-0.04640960108288705
11,1.195418357046666
12,0.014605883184320767
13,0.8509793785630768
14,-0.45230023429573774
15,0.3763176743743253
16,22.954923097219133
17,-0.9818628102203603
18,0.48961719860229236
19,0.7146938298446275
20,-0.6713515554568514
21,6.658816025154026
22,-0.6742018987711877
23,-0.10118482717443222
24,-0.6489790847650447
25,3.2606925934444195
26,-0.16343985775182923
27,21.785553393688097
28,-0.9843864669023276
29,-0.372160266536255
30,1.2486543348686192
31,3.011918030104199
32,-0.6129994676875545
33,0.022143412808016905
34,-0.5708402539742516
35,2.9767411143446028
36,0.043593399630706076
37,-0.33761769838180733
38,-0.2884037832263424
39,-0.7381207790088357
40,0.7292110989748388
41,1.0753976708064399
42,2.083995927800023
43,-0.7817839652245765
44,4.19427963751547
45,-0.5102878381017733
46,-0.8350310432335994
47,5.931349343074706
48,-0.4933905909827664
49,1.5932228292850872
50,-0.0712184835163483
51,-0.6674364747997417
52,5.00419982244161
53,-0.7482981055282139
54,0.2530533733430864
55,-0.39240120465541795
56,0.6322160988007766
57,-0.5080261369818396
58,-0.0543728995036582
59,0.7700450495304636
60,-0.5142926797678424
61,5.383996187547551
62,-0.9194099852774624
63,5.739618327727413
64,-0.30122946245597493
65,-0.5301898265420574
66,0.4396435806252268
67,-0.21350247347974094
68,2.870811326168297
69,-0.6335302621265264
70,0.006545510136475974
71,-0.3284604524591922
72,2.9531905370898883
73,-0.7601350067419761
74,1.9422239283518121
75,-0.4014167878645497
76,-0.24590986397229242
77,0.34106739707818345
78,-0.301735435721574
79,-0.4366198567334062
80,-0.3259684035329876
81,1.863087572644683
82,-0.43657124929182856
83,-0.18087183243478633
84,1.276772723692551
85,-0.31439733562912076
86,-0.63446234688541
87,0.295198811831326
88,0.39775408019721814
89,0.9063199858609101
90,-0.14255425505742092
91,-0.0644713440948762
92,-0.017774204281349015
93,1.8384515173888007
94,0.21865743180059982
95,-0.3487642991313177
96,-0.7202458241974464
97,1.1952327445828415
98,0.9068461520523203
99,-0.4755423964999511
100,-0.3993582540426944
101,0.23110707631761263
102,-0.14538312118557273
103,66.2243625303553
104,-0.9394066458485938
105,-0.8852812124888002
106,1.4919189453125
107,0.024997504751687494
108,3.7773463191006433
109,0.5908411870227974
110,-0.7286853013610916
111,-0.6773658544321208
112,7.187868862150319
113,-0.9074882639703911
114,1.2647481067701047
115,2.7829660409210173
116,-0.6180675624026943
117,-0.07481029302996323
118,-0.43061836380132434
119,1.0358167573709003
120,0.23810509120701862
121,-0.6460611316751497
122,-0.37890379048190614
123,0.8864140125337985
124,0.07435255305259858
125,-0.02013960855007646
126,0.37056277583891384
127,-0.0077684765560050995
128,0.9858251942594323
129,-0.16156250246448867
130,1.923560691841781
131,-0.19769978979558256
132,-0.5749566595431914
133,-0.1426541914789491
134,0.8971618722949102
135,-0.8481400416544671
136,4.315142150759295
137,0.36610110190278244
138,-0.8499680108602136
139,0.6104746323827557
140,-0.09595429452823523
141,0.8564601567142576
142,1.452388712589737
143,-0.5195597781122872
144,-0.6009483204359859
145,2.453374864538768
146,-0.7095044121995973
147,3.9897430066596513
148,-0.052380886196828014
149,-0.46631711713624713
150,-0.5866263275672616
151,0.9876386106523223
152,0.05758557762661143
153,-0.5982527654714653
154,2.9343395221798803
155,0.3453179860420268
156,0.8829393950145223
157,-0.8856378166648016
158,0.3842985725797252
159,-0.6339018737787703
160,3.493212921870776
161,-0.3168914860864879
162,-0.11546333713377466
163,-0.22512228442547844
164,4.295503674842398
165,-0.8564905387640755
166,1.246925180476195
167,6.429880729336097
168,-0.8629970022145246
169,0.33739502459809456
170,-0.5739291734278159
171,6.127908557637146
172,-0.8658861639802496
173,1.8931258486953708
174,-0.7894184065241421
175,2.3836677382120275
176,1.3636370176878096
177,-0.4593368082850888
178,-0.12719108313498484
179,0.4257090677475477
180,1.2905175541244787
181,-0.6429254843691072
182,-0.49062008676532787
183,2.2521971861761028
184,-0.7072388843998381
185,0.11907240796988217
186,2.3564899297489887
187,-0.7189235448127824
188,39.84230096960483
189,-0.9550246562069845
190,0.3998351563154703
191,-0.37368260457019253
192,0.042912080925472385
193,0.9240500123816222
194,-0.11742191620535736
195,-0.5581426977451154
196,0.9168904390941064
197,0.5242877910143857
198,-0.6694802704131887
199,0.5182618876354523
200,-0.6545725416352111
201,6.517262925355252
202,-0.8328191886443885
203,0.7929621763269923
204,0.6180547484334995
205,-0.5061128285708589
206,0.31935430982680924
207,0.51594662043958
208,-0.08649516012345848
209,0.06995105275065927
210,-0.44968067958718183
211,-0.4934290769497013
212,0.7455043068412879
213,0.3993550887965369
214,3.585859541569902
215,-0.6258233210850339
216,-0.7362339604265404
217,4.409521158981802
218,0.2581886277487404
219,-0.280262307816751
220,-0.9523446044075548
221,4.165570328681623
222,0.304179516162453
223,1.0662553943961277
224,-0.48149793087745185
225,0.9544386072945557
226,-0.3448348792950925
227,-0.32911531296613383
228,3.815276192768965
229,-0.11255065331631264
230,-0.782974320139204
231,-0.18634567096973875
232,0.5804914431708117
233,0.9573828449761774
234,-0.7844251661533004
235,3.245496634633903
236,-0.1954171402135496
237,0.7886513928139904
238,-0.25553088496606235
239,2.799218488164735
0,0.022440115259165783
1,-0.6264185086231127
2,0.7173780053333156
3,-0.4144929610814355
4,0.40217357613186877
5,-0.5003003527820298
6,-0.4010831528047818
7,1.3778691639606127
8,4.3292801651217365
9,-0.8035522502668162
10,-0.1687291691131385
11,-0.5125596585530918
12,1.806252977005582
13,-0.325060488275584
14,0.3305484322153356
15,-0.18462094166820786
16,1.140133728574265
17,-0.8068869141059882
18,0.3863524781898171
19,-0.12199304615532769
20,3.2974985498918796
21,-0.14296257559784475
22,0.48541379095041526
23,-0.7618805099714909
24,4.014249056925957
25,-0.6444413397099593
26,0.8170109063622499
27,-0.3387635835517736
28,-0.5640158966761839
29,0.7984096513678978
30,0.07325523197880734
31,0.6288656323871824
32,-0.22309529409351903
33,0.11520104879698234
34,-0.4137289040920715
35,-0.07283961649206594
36,0.7077993462461261
37,-0.05842410555866073
38,-0.44218821954903376
39,0.08264466184341979
40,2.110835726102296
41,-0.8341426322626004
42,36.838930046626444
43,-0.9865570272101536
44,2.625142020425428
45,-0.3430768326924529
46,1.8133417192703827
47,-0.3397744099823131
48,0.12606176990121787
49,-0.5207963846158907
50,3.9449352600638843
51,-0.5325461624402272
52,-0.10581118065100659
53,1.2314183578666955
54,-0.5592561473270767
55,1.6858158724247154
56,-0.12620925413755435
57,-0.12670982855328394
58,0.09284765560591368
59,-0.3257520322804276
60,1.355986129669739
61,-0.5634665218765489
62,-0.5546956792783335
63,0.4076899664678435
64,1.1640338014143956
65,-0.8797436561441877
66,9.782634437930186
67,-0.25566591174428155
68,-0.5752129192233347
69,0.02177726642467226
70,3.3875007514471402
71,-0.8095649953572353
72,1.0886908912879067
73,-0.5778304951771593
74,8.131948056505527
75,-0.7168896811513037
76,-0.06169397338531368
77,-0.3922998402405641
78,0.569831490729237
79,-0.3308856757257873
80,0.3464143907408572
81,-0.2934890444940377
82,-0.21854816494293483
83,-0.07007754309033865
84,0.37244991213409406
85,0.728890158580549
86,-0.4941500153919346
87,1.067591132112418
88,-0.6361965064395732
89,5.15138500295205
90,-0.5347554192720133
91,-0.8386041432104734
92,13.887103327066788
93,-0.3344638557178957
94,-0.6556370692931661
95,0.13865449257098184
96,-0.12721437504248667
97,-0.060240795950314396
98,-0.006032710738571034
99,-0.20418802469421415
100,1.1639058581652861
101,0.10560558064225112
102,0.012442892877081668
103,0.9821264329521115
104,-0.2774334517791208
105,-0.16766411877417786
106,-0.8038865589246942
107,0.45625916083032103
108,1.8218128342058098
109,-0.7670234960585135
110,1.924765041457675
111,0.3899096808367475
112,-0.22548545642686846
113,-0.21268904624051488
114,1.1440468719321708
115,0.19271821415348445
116,0.10658583851526182
117,-0.28458035009351845
118,-0.8545160915142496
119,3.000313122473278
120,-0.12472152385967294
121,-0.6831063263675368
122,14.176500378074145
123,1.7419982514042158
124,-0.8849260368471414
125,1.048638255587555
126,-0.30426748475149545
127,-0.650091420004514
128,0.08094395722811454
129,5.987124462228988
130,-0.7269333902629918
131,-0.14262627341194978
132,0.12753407264123817
133,0.7493050604421418
134,-0.2219588957116112
135,1.2251432791853811
136,-0.8970734172903955
137,6.152760574454881
138,-0.7721200067906013
139,1.2166597209291958
140,-0.8075230361087286
141,0.35964657435427094
142,3.250525054165898
143,1.2654234097167167
144,-0.9459317630807064
145,7.273677127622484
146,-0.11433108633384037
147,0.6968067337011312
148,-0.5657243718064324
149,-0.30555810472225997
150,0.33423092868371795
151,-0.46605274228483917
152,2.5390722894141304
153,-0.6762308059335694
154,1.6723995937604395
155,-0.8160577274755115
156,4.825497899965726
157,-0.40801285746985017
158,-0.4544276622897191
159,1.7029552537155155
160,-0.6491438487766188
161,-0.32350539731285544
162,1.8732344324285797
163,0.7456292854009614
164,0.4971544158485066
165,-0.8043341136779435
166,0.1783130244911213
167,-0.9008587224736795
168,5.330748058062052
169,1.4397657875739314
170,-0.605354732312194
171,1.1426444513310785
172,1.2352982229070135
173,0.06888507175756886
174,-0.09125290278959353
175,-0.5997182848398527
176,0.417228683768917
177,-0.4828656259283324
178,-0.20223328860632794
179,-0.1368859606366104
180,1.0308279395852633
181,0.19264517484908872
182,0.7152796704759812
183,0.14853734712084843
184,-0.7908071936712427
185,3.2145036473986854
186,0.3042171130152804
187,-0.6280498767289404
188,1.086630102266739
189,0.4188420648648026
190,-0.5149066028687721
191,-0.24576205833564357
192,-0.4449758190740646
193,0.8446681255478155
194,-0.5212930936584046
195,1.5716236170535485
196,-0.3198948833882136
197,0.05435513403180314
198,0.5715586702427411
199,1.1409467735649992
200,-0.46042216277607084
201,-0.4584627166773525
202,-0.018071404758011167
203,0.7339544917806786
204,-0.4220393576798587
205,1.8954019441112622
206,0.7712352810533039
207,-0.5557384859043852
208,-0.36377292865440203
209,1.064974772535645
210,0.026577134259747615
211,0.5780462942148485
212,-0.6613989743441508
213,0.5953473440786494
214,-0.05885363054080606
215,0.09986790865258932
216,-0.34444888348889224
217,-0.2738769111306657
218,3.3112689268568367
219,-0.6551158787455986
220,-0.3755185075938168
221,0.9092252144431385
222,-0.13083805593481146
223,0.7344407405355602
224,-0.6808726719500846
225,1.1412786470133378
226,-0.3583828985086892
227,-0.5297993456870536
228,2.31093086302194
229,0.14068297342600888
230,-0.45728742557937796
231,-0.3917040776295603
232,0.38108740074093084
233,-0.0982581058919263
234,-0.5235530860008228
235,1.3545243736667114
236,1.1933601246138608
237,-0.6052629994602496
238,1.0986265228163026
239,-0.5167929150926207
0,-0.13101475795893935
1,-0.34114489811928217
2,0.3800393528290398
3,-0.3115775972851993
4,3.1658470221622403
5,-0.5785978260162046
6,0.5210252925788623
7,-0.6510768201182108
8,2.3991276978403193
9,-0.6821913549242318
10,1.2538975549611875
11,-0.6806404269372958
12,3.5314678588091537
13,0.018285929069772555
14,-0.5026117659960798
15,-0.5219640360499171
16,-0.4665727390305644
17,2.829021768002248
18,-0.7980087244138921
19,3.5709187098495123
20,-0.052943466494242086
21,-0.036601460275002995
22,1.0167962781644104
23,-0.12014374949477791
24,-0.7002383300830499
25,0.7366970079256685
26,0.13191559416570042
27,2.15402508635639
28,-0.9143439584065033
29,-0.3170487872447806
30,15.09379478488325
31,-0.33338279993629827
32,0.7973637379866956
33,-0.5509669613045617
34,-0.38026418526623484
35,0.9468240644003711
36,-0.8403124090290566
37,-0.44224716691479815
38,40.45269473472985
39,-0.2346631269311984
40,-0.8740396153497426
41,-0.22391956997230222
42,0.11434813612882189
43,-0.09527732789829468
44,-0.07990644131745894
45,0.11145520933123332
46,0.11026409090146516
47,2.230797382562606
48,0.1369940218273653
49,-0.8584976020878352
50,2.0456152410209327
51,-0.6063901120817407
52,2.874732410355707
53,-0.45643579906932075
54,1.8709368373437427
55,-0.564103188372566
56,-0.10883000004603571
57,-0.10499624631321358
58,1.225972339860327
59,-0.07830219891126411
60,-0.04518186448249906
61,-0.610100641613426
62,-0.1037429926057406
63,0.6000646369103713
64,-0.4515938564719274
65,2.1073984401937516
66,-0.4397108310076009
67,0.3329322393648806
68,3.444397962115251
69,-0.6625933974058487
70,-0.8043495644795158
71,-0.334054833322731
72,8.604705533213947
73,-0.842577375349423
74,-0.15773698954579773
75,0.26920587543955277
76,2.5818719502464966
77,0.5250432113999111
78,-0.8299707024263753
79,0.07631026183219758
80,-0.12746001884310842
81,1.6430568793954259
82,2.245431048516349
83,-0.70868733062843
84,1.258070790817444
85,0.026756099039603187
86,-0.549973635139225
87,-0.04609690003904121
88,-0.7616297761401156
89,0.6966051708226457
90,1.7872865720252413
91,1.1662214011871823
92,-0.6809506780035964
93,0.02309869543385812
94,-0.4511640518491917
95,0.5646800971854484
96,7.658245562491967
97,-0.8400877141209767
98,0.9826868588977336
99,2.659075573930983
100,-0.6614149712464406
101,-0.5798305234718333
102,0.7288192424086151
103,7.332678618911334
104,-0.8460716228580001
105,-0.8086807728843308
106,3.712459836900317
107,0.0488166087902262
108,-0.8838869649042497
109,4.017593180579113
110,-0.4001031053694577
111,0.15015040183011585
112,0.4266437369866425
113,0.8340057729273558
114,-0.8622088439619902
115,1.9217345987212666
116,2.586490787742281
117,-0.6837520399285955
118,0.4413002898170373
119,-0.06666171976785595
120,-0.24725986710878511
121,-0.7318606278180881
122,14.214512306932479
123,-0.9225440869406552
124,0.848782779231928
125,0.7270800652799871
126,1.013724589178108
127,-0.791573573642328
128,10.417163659538119
129,-0.8456695034838018
130,1.919776390737522
131,-0.76047254867008
132,1.5270205186702395
133,-0.4356750575432192
134,2.768171372928762
135,-0.8235086373861997
136,3.77261708528476
137,-0.018375480652884302
138,-0.8142699311263197
139,1.8677201607505363
140,-0.31577112922850015
141,-0.3917877977925256
142,1.2346816198566737
143,-0.6268007706633107
144,6.360565102707492
145,0.4766008519201792
146,-0.8587121308481076
147,0.13887937545430673
148,1.8213614052097413
149,0.256774546148816
150,-0.8422366586778849
151,1.1624734508881995
152,0.401923584554819
153,-0.4346577321101074
154,1.5959605832673622
155,-0.026320210461086124
156,-0.6088182444186694
157,0.4559685409872605
158,1.7056520727622715
159,-0.4704722945113189
160,0.877923549947488
161,-0.854883249714099
162,0.11043089237900361
163,4.257486514682739
164,0.0682092832118435
165,-0.3426135034363863
166,-0.641675982307943
167,2.865622146562415
168,-0.25217401315447285
169,-0.5271667434722365
170,0.2478539225895191
171,0.31408096496412274
172,-0.6101462990396914
173,0.33051520602164475
174,0.761357469785445
175,-0.5825318082681268
176,0.0144837956928483
177,1.5463006420415297
178,0.11152913927845187
179,-0.6500479338956306
180,-0.38018055926757643
181,4.9682360458429375
182,-0.5103038487366509
183,-0.6563375158499416
184,0.20859455966278584
185,3.7896198692945706
186,-0.4979150868041159
187,-0.7489653297154879
188,5.347645167829772
189,1.5342026383627165
190,0.03910206263728866
191,-0.731899930032033
192,0.9625385190383449
193,1.5432810961849253
194,-0.8850929129699452
195,3.1587084548203803
196,-0.9643488872390139
197,43.30828528146619
198,-0.0994880850955372
199,0.1368399594337606
200,-0.8713698205505073
201,0.7515569588937647
202,1.6354020030994936
203,1.1884453679800289
204,-0.8488736597666879
205,0.4112794267173854
206,0.7176613691811191
207,-0.09865001290168596
208,0.12481429615530004
209,-0.06988189406744094
210,-0.07505109393516196
211,-0.32196716312311335
212,1.8350586375296798
213,-0.7922760726520409
214,6.2943296220711105
215,-0.7758371100682326
216,0.7772900458343095
217,0.4632882832386689
218,-0.41298371704577996
219,-0.5592497620173804
220,2.068798112366451
221,-0.5313531181318989
222,0.33242656664601933
223,-0.853634289876458
224,6.506816677436905
225,0.7852283035786474
226,-0.6380311318347912
227,-0.1842701406256959
228,-0.05707759194996542
229,2.278223001203177
230,-0.8084257178959985
231,1.0803174047009945
232,-0.18822965085067422
233,1.8778808888465326
234,-0.848656448094783
235,4.516316462752747
236,0.21588325808489128
237,-0.3528657120315627
238,0.6122950839376011
239,-0.21906095114440727
0,-0.36299558826982503
1,-0.5863757095348594
2,-0.30855865857445675
3,-0.37464216855802157
4,0.6666272011748984
5,1.0321368727199869
6,-0.8649365543384316
7,10.436189231956872
8,-0.45280376662182764
9,0.19529423498490828
10,-0.1197455971635808
11,0.23391530511810932
12,-0.7833989216509331
13,-0.49077609889148954
14,10.314067233887029
15,-0.5790053793739991
16,0.6622321765569201
17,0.1820978009525347
18,-0.035185122123562285
19,0.5047402970655026
20,0.46648295521200867
21,-0.812222719024672
22,4.740699738473548
23,-0.49559209148880057
24,0.30171968227080215
25,-0.5242037259758312
26,-0.3853251446051875
27,0.07300310198154603
28,1.9042914409486205
29,-0.18521624089032485
30,-0.53920247344446
31,-0.40747889890709166
32,0.11456704551249786
33,0.8396301388477163
34,0.1530144294405027
35,-0.22785528389189447
36,0.08603934619081732
37,0.7793996265098069
38,0.11343296985768458
39,0.3961435357682668
40,-0.5692715102815825
41,-0.6603732564029969
42,3.390591477333113
43,-0.5567198767824607
44,9.454557513807721
45,-0.5785897044241622
46,-0.8296402810321318
47,0.14792077872482512
48,0.6026785931120158
49,-0.22375055640079566
50,-0.3004374606398459
51,2.00273709931345
52,-0.6232110173375305
53,1.5131925598914124
54,2.459265074223334
55,-0.5077430824935358
56,-0.5439849911285137
57,-0.6620588837563615
58,2.1387062508541463
59,-0.2935986007901218
60,2.3640833270475565
61,-0.7578136745304238
62,-0.0020696152776892296
63,0.5847686320322154
64,0.8211398625401107
65,-0.506560730631449
66,-0.43487459970190423
67,1.0237278378287882
68,1.0942899169059408
69,-0.5453455468667827
70,0.04535443138451423
71,0.3498366319357191
72,-0.7191640009675286
73,1.1515717173652718
74,0.12024185345535177
75,0.3026728189673986
76,0.39825758458835914
77,-0.42929166486691117
78,0.8368082546793343
79,-0.7178796687615308
80,1.7630094791666142
81,0.309053786087214
82,-0.6439887388946823
83,1.6584223728105472
84,-0.8452464295754583
85,4.02302440400977
86,-0.5891101865694963
87,3.462752674226336
88,-0.7616722764965042
89,0.46721974085982065
90,-0.1775041881939986
91,0.02866141364013708
92,0.0027638174018571604
93,13.485890209345026
94,-0.9158977531509991
95,-0.13262682989851182
96,1.8782842116586136
97,0.25888068505295014
98,-0.659393220225416
99,0.5986289654939252
100,-0.4848664802709446
101,-0.3985495181455947
102,2.579666318762593
103,-0.2572084990638447
104,0.7534153063237778
105,-0.5273614192820009
106,-0.2657704429446198
107,0.2820041735102199
108,0.8059588697252162
109,-0.13914698917106438
110,-0.06522685838178555
111,-0.6989040269935077
112,2.3735714586602956
113,-0.2869460685361701
114,0.4444168631645571
115,-0.3813978288382166
116,0.015219573422375454
117,4.321659516791196
118,-0.8920913298606554
119,0.9726385800623183
120,0.6317615158765295
121,-0.5876013098388593
122,0.3874415600789405
123,0.1277747059010128
124,7.159408328502545
125,-0.8834150141642229
126,0.13839048427754785
127,0.27914382512597236
128,0.6650537865730739
129,0.17161187065096817
130,-0.5854541806845297
131,-0.6640557368086962
132,7.319798677239421
133,-0.8354117142805227
134,4.12837146992562
135,-0.851873853168195
136,1.0433034870396454
137,-0.5569629405804186
138,1.8021211762456835
139,0.35936171159728936
140,1.020040876957299
141,-0.46021865831191755
142,2.5386857345184164
143,-0.9101509328215477
144,6.105251117104511
145,-0.6675342085086482
146,-0.6845917834567893
147,-0.07848566979731963
148,-0.7273182663980582
149,17.0457059392729
150,-0.5050255630992607
151,-0.277134364287156
152,-0.056370068795914774
153,1.4189486045315651
154,-0.6433887269077254
155,3.1703823157909907
156,1.2675172916424078
157,-0.49844554012124354
158,-0.24252579507283145
159,-0.20536420540210287
160,-0.5523193583534438
161,0.7409878677442225
162,-0.7289403152311313
163,3.545067208065513
164,-0.5316380150643458
165,1.3478767537445142
166,1.3546168932268356
167,-0.6957941465818236
168,-0.37638611054797144
169,2.2872877130581393
170,-0.8339976987762896
171,2.461994614111279
172,-0.7139278717164035
173,0.5077171534215061
174,0.23097123188779167
175,1.1094056769839034
176,-0.5505854115891149
177,1.1344426361212547
178,-0.7691881395558228
179,4.1032911097836875
180,-0.4902856480349651
181,0.04155118851281059
182,0.013999934453374108
183,1.6958482199376945
184,-0.8009880516037086
185,2.6270331489265586
186,-0.7855446853811404
187,1.671732902907305
188,-0.33252225874781893
189,5.557211060538338
190,-0.8514677390011022
191,-0.03783867317235057
192,13.042122057653815
193,-0.8745115158483016
194,0.4495179346366649
195,-0.5264378617138117
196,0.6204527092043055
197,1.8065304241519438
198,-0.9455009531874049
199,5.500081961600472
200,2.3531016155675384
201,-0.5855796783496335
202,-0.7561909809820526
203,0.9618109741147798
204,1.35674376244926
205,-0.8311867696750617
206,1.711967123244785
207,-0.6634346815522151
208,0.30332274953479743
209,1.5087110648142392
210,-0.6745808310446741
211,1.1265277861919656
212,3.209806160709417
213,-0.45992287740271764
214,-0.19019685621522564
215,4.297482003453786
216,-0.7670566634795947
217,-0.2634970745873302
218,0.8591768258017549
219,-0.7512692980510515
220,0.7290643473308167
221,-0.16557041720502452
222,2.7029523103108235
223,-0.7267226199859571
224,-0.07958872724611044
225,0.465669291766448
226,1.0044323797611279
227,-0.8393520727348683
228,-0.5230230829160272
229,13.131044708629641
230,0.8602712892243187
231,-0.4081488990892618
232,-0.28042260961987975
233,-0.8481276544484527
234,1.2037963256860698
235,0.30718324095962446
236,0.4832728965986661
237,-0.10976248859006399
238,-0.5496408467561349
239,4.523795113393087
